path,true_label,predicted_label,p_cyst,p_normal,p_stone,p_tumor
/content/drive/MyDrive/StoneSense-Training/processed_grouped/processed_grouped/test/Cyst/Cyst- (1).jpg,0,0,0.9999938011169434,4.239488191615237e-07,4.430055611237549e-08,5.727622919948772e-06
/content/drive/MyDrive/StoneSense-Training/processed_grouped/processed_grouped/test/Cyst/Cyst- (1031).jpg,0,0,0.9976491332054138,3.2573773296462605e-06,0.0017757273744791746,0.0005719888140447438
/content/drive/MyDrive/StoneSense-Training/processed_grouped/processed_grouped/test/Cyst/Cyst- (1032).jpg,0,0,0.9892987012863159,5.0070229917764664e-05,0.008577193133533001,0.002073996001854539
/content/drive/MyDrive/StoneSense-Training/processed_grouped/processed_grouped/test/Cyst/Cyst- (1058).jpg,0,0,0.993646502494812,0.0023615106474608183,3.4403137760818936e-06,0.003988644573837519
/content/drive/MyDrive/StoneSense-Training/processed_grouped/processed_grouped/test/Cyst/Cyst- (1364).jpg,0,0,0.9918819069862366,2.8672857297351584e-05,0.008076436817646027,1.2977087862964254e-05
/content/drive/MyDrive/StoneSense-Training/processed_grouped/processed_grouped/test/Cyst/Cyst- (1365).jpg,0,0,0.9881757497787476,1.4193479728419334e-05,0.01180208008736372,7.997450666152872e-06
/content/drive/MyDrive/StoneSense-Training/processed_grouped/processed_grouped/test/Cyst/Cyst- (1366).jpg,0,0,0.5568211674690247,0.0006502672913484275,0.44234856963157654,0.00018002933938987553
/content/drive/MyDrive/StoneSense-Training/processed_grouped/processed_grouped/test/Cyst/Cyst- (1367).jpg,0,0,0.80427086353302,0.0003348515019752085,0.1953205168247223,7.373678090516478e-05
/content/drive/MyDrive/StoneSense-Training/processed_grouped/processed_grouped/test/Cyst/Cyst- (1368).jpg,0,0,0.8969305157661438,4.4196884118719026e-05,0.10301949828863144,5.920423973293509e-06
/content/drive/MyDrive/StoneSense-Training/processed_grouped/processed_grouped/test/Cyst/Cyst- (1369).jpg,0,0,0.9871998429298401,2.2593680114368908e-05,0.012769350782036781,8.285342119052075e-06
/content/drive/MyDrive/StoneSense-Training/processed_grouped/processed_grouped/test/Cyst/Cyst- (1370).jpg,0,0,0.9992337226867676,1.3344482567845262e-06,0.0007640488911420107,9.058359751179523e-07
/content/drive/MyDrive/StoneSense-Training/processed_grouped/processed_grouped/test/Cyst/Cyst- (1371).jpg,0,0,0.9902347326278687,7.88919351180084e-05,0.009536080062389374,0.000150444102473557
/content/drive/MyDrive/StoneSense-Training/processed_grouped/processed_grouped/test/Cyst/Cyst- (1372).jpg,0,0,0.9520077705383301,0.0005055369110777974,0.04737884923815727,0.00010785221820697188
/content/drive/MyDrive/StoneSense-Training/processed_grouped/processed_grouped/test/Cyst/Cyst- (1373).jpg,0,0,0.9186325669288635,6.683161336695775e-05,0.0812746211886406,2.6060080926981755e-05
/content/drive/MyDrive/StoneSense-Training/processed_grouped/processed_grouped/test/Cyst/Cyst- (1374).jpg,0,0,0.5798798203468323,1.4609009667765349e-05,0.42008379101753235,2.1761819880339317e-05
/content/drive/MyDrive/StoneSense-Training/processed_grouped/processed_grouped/test/Cyst/Cyst- (1375).jpg,0,0,0.8656632304191589,2.895726765927975e-06,0.13433071970939636,3.161084123348701e-06
/content/drive/MyDrive/StoneSense-Training/processed_grouped/processed_grouped/test/Cyst/Cyst- (1376).jpg,0,0,0.9659709930419922,5.313351266522659e-06,0.03401863947510719,5.0809362619475e-06
/content/drive/MyDrive/StoneSense-Training/processed_grouped/processed_grouped/test/Cyst/Cyst- (1377).jpg,0,0,0.7434796094894409,6.54897075946792e-06,0.25650593638420105,7.902468496467918e-06
/content/drive/MyDrive/StoneSense-Training/processed_grouped/processed_grouped/test/Cyst/Cyst- (1378).jpg,0,0,0.648580014705658,5.107546257931972e-06,0.3513880968093872,2.6753414203994907e-05
/content/drive/MyDrive/StoneSense-Training/processed_grouped/processed_grouped/test/Cyst/Cyst- (1379).jpg,0,2,0.10178128629922867,6.190557542140596e-06,0.898206353187561,6.138447133707814e-06
/content/drive/MyDrive/StoneSense-Training/processed_grouped/processed_grouped/test/Cyst/Cyst- (1380).jpg,0,0,0.7639654874801636,1.689664350124076e-05,0.23597437143325806,4.31768930866383e-05
/content/drive/MyDrive/StoneSense-Training/processed_grouped/processed_grouped/test/Cyst/Cyst- (1381).jpg,0,0,0.9419780969619751,2.53241178143071e-05,0.057989757508039474,6.731097982992651e-06
/content/drive/MyDrive/StoneSense-Training/processed_grouped/processed_grouped/test/Cyst/Cyst- (1382).jpg,0,0,0.9224878549575806,0.002068647649139166,0.07474196702241898,0.0007016453891992569
/content/drive/MyDrive/StoneSense-Training/processed_grouped/processed_grouped/test/Cyst/Cyst- (1383).jpg,0,2,0.062003396451473236,0.10859260708093643,0.8005279898643494,0.028876012191176414
/content/drive/MyDrive/StoneSense-Training/processed_grouped/processed_grouped/test/Cyst/Cyst- (1384).jpg,0,2,0.29765230417251587,0.0029963247943669558,0.6990700364112854,0.00028135813772678375
/content/drive/MyDrive/StoneSense-Training/processed_grouped/processed_grouped/test/Cyst/Cyst- (1385).jpg,0,0,0.5016176104545593,0.00040913099655881524,0.49787288904190063,0.00010038603795692325
/content/drive/MyDrive/StoneSense-Training/processed_grouped/processed_grouped/test/Cyst/Cyst- (1386).jpg,0,0,0.7152239084243774,0.0003151506243739277,0.28444522619247437,1.5788315067766234e-05
/content/drive/MyDrive/StoneSense-Training/processed_grouped/processed_grouped/test/Cyst/Cyst- (1387).jpg,0,0,0.9364560842514038,0.0030753817409276962,0.060455139726400375,1.3354916518437676e-05
/content/drive/MyDrive/StoneSense-Training/processed_grouped/processed_grouped/test/Cyst/Cyst- (1388).jpg,0,0,0.5367189645767212,0.0018320345552638173,0.4614183306694031,3.068514706683345e-05
/content/drive/MyDrive/StoneSense-Training/processed_grouped/processed_grouped/test/Cyst/Cyst- (1389).jpg,0,2,0.4278806447982788,0.0006364788278006017,0.5710282921791077,0.0004545972333289683
/content/drive/MyDrive/StoneSense-Training/processed_grouped/processed_grouped/test/Cyst/Cyst- (1390).jpg,0,0,0.7924725413322449,9.557291923556477e-05,0.20739418268203735,3.764784196391702e-05
/content/drive/MyDrive/StoneSense-Training/processed_grouped/processed_grouped/test/Cyst/Cyst- (1391).jpg,0,0,0.9379129409790039,0.00012080998567398638,0.06191462278366089,5.152736048330553e-05
/content/drive/MyDrive/StoneSense-Training/processed_grouped/processed_grouped/test/Cyst/Cyst- (1392).jpg,0,0,0.9660210609436035,4.2059987208631355e-06,0.03396781533956528,6.914549885550514e-06
/content/drive/MyDrive/StoneSense-Training/processed_grouped/processed_grouped/test/Cyst/Cyst- (1393).jpg,0,0,0.9866652488708496,6.752730996595346e-07,0.013325945474207401,8.159456228895579e-06
/content/drive/MyDrive/StoneSense-Training/processed_grouped/processed_grouped/test/Cyst/Cyst- (1394).jpg,0,0,0.9893872737884521,6.3365559981320985e-06,0.010576914995908737,2.9482047466444783e-05
/content/drive/MyDrive/StoneSense-Training/processed_grouped/processed_grouped/test/Cyst/Cyst- (1395).jpg,0,0,0.9829457998275757,9.998756468121428e-06,0.017030060291290283,1.4189685316523537e-05
/content/drive/MyDrive/StoneSense-Training/processed_grouped/processed_grouped/test/Cyst/Cyst- (1583).jpg,0,0,0.9998898506164551,1.0307645936791232e-07,8.443677506875247e-05,2.5583276510587893e-05
/content/drive/MyDrive/StoneSense-Training/processed_grouped/processed_grouped/test/Cyst/Cyst- (1584).jpg,0,0,0.999798595905304,3.1467942562812823e-07,0.0001471357245463878,5.392906678025611e-05
/content/drive/MyDrive/StoneSense-Training/processed_grouped/processed_grouped/test/Cyst/Cyst- (1585).jpg,0,0,0.9995180368423462,8.635212225271971e-07,0.0002447078877594322,0.000236448846408166
/content/drive/MyDrive/StoneSense-Training/processed_grouped/processed_grouped/test/Cyst/Cyst- (1662).jpg,0,0,0.9999696016311646,3.842585627467088e-08,4.56237012258498e-06,2.5903233108692802e-05
/content/drive/MyDrive/StoneSense-Training/processed_grouped/processed_grouped/test/Cyst/Cyst- (1663).jpg,0,0,0.9999028444290161,1.6005247971406789e-07,5.175273145141546e-06,9.19321901164949e-05
/content/drive/MyDrive/StoneSense-Training/processed_grouped/processed_grouped/test/Cyst/Cyst- (1664).jpg,0,0,0.9999748468399048,7.627645182139986e-09,1.3484584542311495e-06,2.389393193880096e-05
/content/drive/MyDrive/StoneSense-Training/processed_grouped/processed_grouped/test/Cyst/Cyst- (1665).jpg,0,0,0.9999915361404419,4.67285055094635e-09,3.88864663136701e-07,8.059465471887961e-06
/content/drive/MyDrive/StoneSense-Training/processed_grouped/processed_grouped/test/Cyst/Cyst- (1666).jpg,0,0,0.999699592590332,1.4135912351775914e-07,2.1835526240465697e-06,0.0002982101577799767
/content/drive/MyDrive/StoneSense-Training/processed_grouped/processed_grouped/test/Cyst/Cyst- (1667).jpg,0,0,0.9999809265136719,1.1649556874715472e-08,1.0215042038907995e-06,1.8025946701527573e-05
/content/drive/MyDrive/StoneSense-Training/processed_grouped/processed_grouped/test/Cyst/Cyst- (1668).jpg,0,0,0.9999147653579712,2.3428025031080324e-07,6.698141987726558e-06,7.832448318367824e-05
/content/drive/MyDrive/StoneSense-Training/processed_grouped/processed_grouped/test/Cyst/Cyst- (1706).jpg,0,0,0.9999696016311646,3.842585627467088e-08,4.56237012258498e-06,2.5903233108692802e-05
/content/drive/MyDrive/StoneSense-Training/processed_grouped/processed_grouped/test/Cyst/Cyst- (1707).jpg,0,0,0.9999028444290161,1.6005247971406789e-07,5.175273145141546e-06,9.19321901164949e-05
/content/drive/MyDrive/StoneSense-Training/processed_grouped/processed_grouped/test/Cyst/Cyst- (1708).jpg,0,0,0.9999748468399048,7.627645182139986e-09,1.3484584542311495e-06,2.389393193880096e-05
/content/drive/MyDrive/StoneSense-Training/processed_grouped/processed_grouped/test/Cyst/Cyst- (1709).jpg,0,0,0.9999915361404419,4.67285055094635e-09,3.88864663136701e-07,8.059465471887961e-06
/content/drive/MyDrive/StoneSense-Training/processed_grouped/processed_grouped/test/Cyst/Cyst- (1710).jpg,0,0,0.999699592590332,1.4135912351775914e-07,2.1835526240465697e-06,0.0002982101577799767
/content/drive/MyDrive/StoneSense-Training/processed_grouped/processed_grouped/test/Cyst/Cyst- (1711).jpg,0,0,0.9999809265136719,1.1649556874715472e-08,1.0215042038907995e-06,1.8025946701527573e-05
/content/drive/MyDrive/StoneSense-Training/processed_grouped/processed_grouped/test/Cyst/Cyst- (1712).jpg,0,0,0.9999147653579712,2.3428025031080324e-07,6.698141987726558e-06,7.832448318367824e-05
/content/drive/MyDrive/StoneSense-Training/processed_grouped/processed_grouped/test/Cyst/Cyst- (1731).jpg,0,2,0.006501961499452591,4.0438542782794684e-05,0.9934576153755188,5.03592474387915e-08
/content/drive/MyDrive/StoneSense-Training/processed_grouped/processed_grouped/test/Cyst/Cyst- (1732).jpg,0,2,0.0328638032078743,4.084281681571156e-05,0.967094898223877,4.2486945517339336e-07
/content/drive/MyDrive/StoneSense-Training/processed_grouped/processed_grouped/test/Cyst/Cyst- (1733).jpg,0,0,0.687385082244873,0.00010503573867026716,0.3125072717666626,2.6128248009626986e-06
/content/drive/MyDrive/StoneSense-Training/processed_grouped/processed_grouped/test/Cyst/Cyst- (1734).jpg,0,0,0.9470223784446716,4.904075831291266e-05,0.05292469263076782,3.9767946873325855e-06
/content/drive/MyDrive/StoneSense-Training/processed_grouped/processed_grouped/test/Cyst/Cyst- (1735).jpg,0,2,0.3544430434703827,9.10184025997296e-05,0.6454541683197021,1.1744977200578433e-05
/content/drive/MyDrive/StoneSense-Training/processed_grouped/processed_grouped/test/Cyst/Cyst- (1736).jpg,0,2,0.28505250811576843,5.3392082918435335e-05,0.7148917317390442,2.4202117856475525e-06
/content/drive/MyDrive/StoneSense-Training/processed_grouped/processed_grouped/test/Cyst/Cyst- (1737).jpg,0,2,0.4834407567977905,0.0001333561522187665,0.5164247751235962,1.107594925997546e-06
/content/drive/MyDrive/StoneSense-Training/processed_grouped/processed_grouped/test/Cyst/Cyst- (1738).jpg,0,2,0.14317400753498077,0.0011103322030976415,0.8557099103927612,5.7442371144134086e-06
/content/drive/MyDrive/StoneSense-Training/processed_grouped/processed_grouped/test/Cyst/Cyst- (1739).jpg,0,2,0.20794586837291718,0.0005785156972706318,0.7914710640907288,4.566739335132297e-06
/content/drive/MyDrive/StoneSense-Training/processed_grouped/processed_grouped/test/Cyst/Cyst- (1740).jpg,0,2,0.150221586227417,8.856038766680285e-05,0.8496894836425781,3.155288652578747e-07
/content/drive/MyDrive/StoneSense-Training/processed_grouped/processed_grouped/test/Cyst/Cyst- (1741).jpg,0,2,0.3992999792098999,0.0003491773677524179,0.6003499031066895,9.214598435391963e-07
/content/drive/MyDrive/StoneSense-Training/processed_grouped/processed_grouped/test/Cyst/Cyst- (1742).jpg,0,2,0.4795313775539398,0.00019336401601321995,0.5202749967575073,2.2964198365116317e-07
/content/drive/MyDrive/StoneSense-Training/processed_grouped/processed_grouped/test/Cyst/Cyst- (1743).jpg,0,2,0.05166027322411537,0.00015281337255146354,0.9481868147850037,7.904618826160004e-08
/content/drive/MyDrive/StoneSense-Training/processed_grouped/processed_grouped/test/Cyst/Cyst- (1744).jpg,0,2,0.009808572940528393,1.0241710697300732e-05,0.9901812076568604,2.7547789827053748e-08
/content/drive/MyDrive/StoneSense-Training/processed_grouped/processed_grouped/test/Cyst/Cyst- (1745).jpg,0,2,0.005113306455314159,5.757842700404581e-06,0.9948809146881104,2.872336368753281e-09
/content/drive/MyDrive/StoneSense-Training/processed_grouped/processed_grouped/test/Cyst/Cyst- (1746).jpg,0,2,0.006086481269448996,1.9012290067621507e-05,0.9938945174217224,2.598189752234248e-08
/content/drive/MyDrive/StoneSense-Training/processed_grouped/processed_grouped/test/Cyst/Cyst- (1747).jpg,0,2,0.00468108244240284,0.0006177111063152552,0.9947011470794678,1.3748247340572561e-07
/content/drive/MyDrive/StoneSense-Training/processed_grouped/processed_grouped/test/Cyst/Cyst- (1748).jpg,0,2,0.01685846969485283,0.0013114718021824956,0.9818297624588013,3.8864652651682263e-07
/content/drive/MyDrive/StoneSense-Training/processed_grouped/processed_grouped/test/Cyst/Cyst- (1749).jpg,0,2,0.016553346067667007,0.0009663043892942369,0.9824800491333008,3.936008283744741e-07
/content/drive/MyDrive/StoneSense-Training/processed_grouped/processed_grouped/test/Cyst/Cyst- (1750).jpg,0,2,0.0009173666476272047,0.00012209998385515064,0.9989604949951172,2.0299182779126568e-08
/content/drive/MyDrive/StoneSense-Training/processed_grouped/processed_grouped/test/Cyst/Cyst- (1751).jpg,0,2,0.0006744447746314108,0.00025430068490095437,0.9990712404251099,4.0074393581335244e-08
/content/drive/MyDrive/StoneSense-Training/processed_grouped/processed_grouped/test/Cyst/Cyst- (1752).jpg,0,2,0.0002051422488875687,1.7052891053026542e-05,0.9997778534889221,8.946116736296972e-09
/content/drive/MyDrive/StoneSense-Training/processed_grouped/processed_grouped/test/Cyst/Cyst- (1753).jpg,0,2,0.0013279152335599065,1.3528925592254382e-05,0.9986585378646851,9.595836125697588e-09
/content/drive/MyDrive/StoneSense-Training/processed_grouped/processed_grouped/test/Cyst/Cyst- (1754).jpg,0,2,0.00295659271068871,5.8267305576009676e-05,0.9969850182533264,8.125400796643589e-08
/content/drive/MyDrive/StoneSense-Training/processed_grouped/processed_grouped/test/Cyst/Cyst- (1755).jpg,0,2,0.000848204072099179,0.0001890628191176802,0.9989627599716187,5.335104091841458e-08
/content/drive/MyDrive/StoneSense-Training/processed_grouped/processed_grouped/test/Cyst/Cyst- (1756).jpg,0,2,0.000596667465288192,0.000576457881834358,0.9988265633583069,3.3492406714685785e-07
/content/drive/MyDrive/StoneSense-Training/processed_grouped/processed_grouped/test/Cyst/Cyst- (1757).jpg,0,2,0.012809754349291325,0.0007502487860620022,0.9864323735237122,7.644269317097496e-06
/content/drive/MyDrive/StoneSense-Training/processed_grouped/processed_grouped/test/Cyst/Cyst- (1758).jpg,0,2,0.0010589130688458681,6.539153400808573e-05,0.998875081539154,5.484805569722084e-07
/content/drive/MyDrive/StoneSense-Training/processed_grouped/processed_grouped/test/Cyst/Cyst- (1759).jpg,0,2,0.0002995560353156179,0.0012534732231870294,0.9984464049339294,6.311460651886591e-07
/content/drive/MyDrive/StoneSense-Training/processed_grouped/processed_grouped/test/Cyst/Cyst- (1760).jpg,0,2,0.0023699470330029726,0.0011343349469825625,0.9964945912361145,1.173632199424901e-06
/content/drive/MyDrive/StoneSense-Training/processed_grouped/processed_grouped/test/Cyst/Cyst- (1761).jpg,0,2,0.0047306171618402,0.0009951770771294832,0.9942734837532043,6.910176466590201e-07
/content/drive/MyDrive/StoneSense-Training/processed_grouped/processed_grouped/test/Cyst/Cyst- (1762).jpg,0,2,0.003047533333301544,0.0003371573693584651,0.9966140389442444,1.352855747427384e-06
/content/drive/MyDrive/StoneSense-Training/processed_grouped/processed_grouped/test/Cyst/Cyst- (1763).jpg,0,2,0.06257220357656479,0.0002589273499324918,0.9371675252914429,1.3473488706949865e-06
/content/drive/MyDrive/StoneSense-Training/processed_grouped/processed_grouped/test/Cyst/Cyst- (1764).jpg,0,2,0.006504908204078674,0.0008104990120045841,0.9926835894584656,1.0672112011889112e-06
/content/drive/MyDrive/StoneSense-Training/processed_grouped/processed_grouped/test/Cyst/Cyst- (1765).jpg,0,2,0.004908646456897259,0.0005648182122968137,0.9945235252380371,2.9457676191668725e-06
/content/drive/MyDrive/StoneSense-Training/processed_grouped/processed_grouped/test/Cyst/Cyst- (1766).jpg,0,2,0.018950458616018295,0.003432989353314042,0.9776105284690857,6.109703463152982e-06
/content/drive/MyDrive/StoneSense-Training/processed_grouped/processed_grouped/test/Cyst/Cyst- (1767).jpg,0,2,0.02405235543847084,0.003064193297177553,0.9728723168373108,1.1166438525833655e-05
/content/drive/MyDrive/StoneSense-Training/processed_grouped/processed_grouped/test/Cyst/Cyst- (1768).jpg,0,2,0.013183246366679668,0.002245181007310748,0.9845676422119141,3.873853074765066e-06
/content/drive/MyDrive/StoneSense-Training/processed_grouped/processed_grouped/test/Cyst/Cyst- (1769).jpg,0,2,0.027946345508098602,0.005270858760923147,0.9667772054672241,5.509251877811039e-06
/content/drive/MyDrive/StoneSense-Training/processed_grouped/processed_grouped/test/Cyst/Cyst- (1770).jpg,0,2,0.027989331632852554,0.0006087956135161221,0.9714004397392273,1.4710095683767577e-06
/content/drive/MyDrive/StoneSense-Training/processed_grouped/processed_grouped/test/Cyst/Cyst- (1771).jpg,0,2,0.019519342109560966,0.0023608964402228594,0.9781147241592407,4.983516646461794e-06
/content/drive/MyDrive/StoneSense-Training/processed_grouped/processed_grouped/test/Cyst/Cyst- (1772).jpg,0,2,0.04097050055861473,0.00999921839684248,0.9490130543708801,1.7315112927462906e-05
/content/drive/MyDrive/StoneSense-Training/processed_grouped/processed_grouped/test/Cyst/Cyst- (1773).jpg,0,2,0.07450931519269943,0.0039035691879689693,0.9215838313102722,3.2572054351476254e-06
/content/drive/MyDrive/StoneSense-Training/processed_grouped/processed_grouped/test/Cyst/Cyst- (1774).jpg,0,2,0.011345693841576576,0.003188371192663908,0.9854646325111389,1.2507638302849955e-06
/content/drive/MyDrive/StoneSense-Training/processed_grouped/processed_grouped/test/Cyst/Cyst- (1775).jpg,0,2,0.011713234707713127,0.0017040257807821035,0.9865819215774536,8.645689035802206e-07
/content/drive/MyDrive/StoneSense-Training/processed_grouped/processed_grouped/test/Cyst/Cyst- (1776).jpg,0,2,0.028026478365063667,0.000409002008382231,0.9715641140937805,3.11434718014425e-07
/content/drive/MyDrive/StoneSense-Training/processed_grouped/processed_grouped/test/Cyst/Cyst- (1777).jpg,0,2,0.04631059244275093,0.00016768579371273518,0.9535215497016907,1.2872379784312216e-07
/content/drive/MyDrive/StoneSense-Training/processed_grouped/processed_grouped/test/Cyst/Cyst- (1778).jpg,0,2,0.1076718345284462,0.00011996697139693424,0.8922079801559448,1.7361612947297544e-07
/content/drive/MyDrive/StoneSense-Training/processed_grouped/processed_grouped/test/Cyst/Cyst- (1779).jpg,0,2,0.32156211137771606,7.385876233456656e-05,0.6783637404441833,2.8556485176522983e-07
/content/drive/MyDrive/StoneSense-Training/processed_grouped/processed_grouped/test/Cyst/Cyst- (1780).jpg,0,2,0.1801852136850357,0.0002529121411498636,0.8195608854293823,1.0229523468296975e-06
/content/drive/MyDrive/StoneSense-Training/processed_grouped/processed_grouped/test/Cyst/Cyst- (1781).jpg,0,2,0.4104060232639313,0.00013710334314964712,0.5894560217857361,8.819840786600253e-07
/content/drive/MyDrive/StoneSense-Training/processed_grouped/processed_grouped/test/Cyst/Cyst- (1782).jpg,0,0,0.860724687576294,9.187188697978854e-05,0.13918210566043854,1.2852807458330062e-06
/content/drive/MyDrive/StoneSense-Training/processed_grouped/processed_grouped/test/Cyst/Cyst- (1783).jpg,0,0,0.9081173539161682,5.0747341447276995e-05,0.09183145314455032,4.1467302480668877e-07
/content/drive/MyDrive/StoneSense-Training/processed_grouped/processed_grouped/test/Cyst/Cyst- (1784).jpg,0,0,0.9809055328369141,1.0087852388096508e-05,0.019084211438894272,1.95796019397676e-07
/content/drive/MyDrive/StoneSense-Training/processed_grouped/processed_grouped/test/Cyst/Cyst- (1785).jpg,0,0,0.9221362471580505,6.281439709709957e-05,0.0777948796749115,6.029286396369571e-06
/content/drive/MyDrive/StoneSense-Training/processed_grouped/processed_grouped/test/Cyst/Cyst- (1786).jpg,0,0,0.9133680462837219,0.0003454112447798252,0.08627069741487503,1.593976230651606e-05
/content/drive/MyDrive/StoneSense-Training/processed_grouped/processed_grouped/test/Cyst/Cyst- (1787).jpg,0,0,0.9514619708061218,0.0005272416165098548,0.04800447076559067,6.3020497691468336e-06
/content/drive/MyDrive/StoneSense-Training/processed_grouped/processed_grouped/test/Cyst/Cyst- (1788).jpg,0,0,0.9413089156150818,0.00031848970684222877,0.05836807191371918,4.623639597411966e-06
/content/drive/MyDrive/StoneSense-Training/processed_grouped/processed_grouped/test/Cyst/Cyst- (1789).jpg,0,0,0.6586459279060364,0.000210428042919375,0.3411371409893036,6.530215159727959e-06
/content/drive/MyDrive/StoneSense-Training/processed_grouped/processed_grouped/test/Cyst/Cyst- (1790).jpg,0,0,0.6216980814933777,0.00025195005582645535,0.37801414728164673,3.581119017326273e-05
/content/drive/MyDrive/StoneSense-Training/processed_grouped/processed_grouped/test/Cyst/Cyst- (1791).jpg,0,0,0.8703857064247131,0.00015003388398326933,0.1294533610343933,1.0921866305579897e-05
/content/drive/MyDrive/StoneSense-Training/processed_grouped/processed_grouped/test/Cyst/Cyst- (1792).jpg,0,0,0.9953058362007141,3.5514433420757996e-06,0.0046888692304492,1.6292503914883127e-06
/content/drive/MyDrive/StoneSense-Training/processed_grouped/processed_grouped/test/Cyst/Cyst- (1793).jpg,0,0,0.9677767157554626,8.223025361075997e-06,0.03221401572227478,1.1372545714039006e-06
/content/drive/MyDrive/StoneSense-Training/processed_grouped/processed_grouped/test/Cyst/Cyst- (1794).jpg,0,0,0.8205811381340027,5.2619103371398523e-05,0.17935629189014435,9.939693882188294e-06
/content/drive/MyDrive/StoneSense-Training/processed_grouped/processed_grouped/test/Cyst/Cyst- (1795).jpg,0,2,0.4017411470413208,0.00023071309260558337,0.5980194807052612,8.632286153442692e-06
/content/drive/MyDrive/StoneSense-Training/processed_grouped/processed_grouped/test/Cyst/Cyst- (1796).jpg,0,2,0.33988213539123535,0.0002618703292682767,0.659843921661377,1.2103876542823855e-05
/content/drive/MyDrive/StoneSense-Training/processed_grouped/processed_grouped/test/Cyst/Cyst- (1797).jpg,0,0,0.6741191148757935,0.00039351554005406797,0.32540902495384216,7.83537034294568e-05
/content/drive/MyDrive/StoneSense-Training/processed_grouped/processed_grouped/test/Cyst/Cyst- (1798).jpg,0,0,0.8623717427253723,0.0010815805289894342,0.1360306292772293,0.0005160818109288812
/content/drive/MyDrive/StoneSense-Training/processed_grouped/processed_grouped/test/Cyst/Cyst- (1799).jpg,0,0,0.8515218496322632,0.00026767028612084687,0.1481100469827652,0.00010044722148450091
/content/drive/MyDrive/StoneSense-Training/processed_grouped/processed_grouped/test/Cyst/Cyst- (1800).jpg,0,0,0.7770712971687317,0.00014763062063138932,0.2227623462677002,1.8757978978101164e-05
/content/drive/MyDrive/StoneSense-Training/processed_grouped/processed_grouped/test/Cyst/Cyst- (1801).jpg,0,0,0.8772879242897034,7.79698348196689e-06,0.12270163744688034,2.5677709345472977e-06
/content/drive/MyDrive/StoneSense-Training/processed_grouped/processed_grouped/test/Cyst/Cyst- (1802).jpg,0,0,0.9611271023750305,1.7724549252307042e-05,0.038819342851638794,3.5784090869128704e-05
/content/drive/MyDrive/StoneSense-Training/processed_grouped/processed_grouped/test/Cyst/Cyst- (1803).jpg,0,0,0.9167666435241699,6.591268174815923e-05,0.08302947878837585,0.0001380026515107602
/content/drive/MyDrive/StoneSense-Training/processed_grouped/processed_grouped/test/Cyst/Cyst- (1804).jpg,0,0,0.6662798523902893,0.00011942747369175777,0.33358222246170044,1.8492590243113227e-05
/content/drive/MyDrive/StoneSense-Training/processed_grouped/processed_grouped/test/Cyst/Cyst- (1805).jpg,0,2,0.3956667184829712,0.00014366615505423397,0.604183554649353,6.130260771897156e-06
/content/drive/MyDrive/StoneSense-Training/processed_grouped/processed_grouped/test/Cyst/Cyst- (1806).jpg,0,2,0.21361860632896423,0.0001228972978424281,0.7862525582313538,5.903166766074719e-06
/content/drive/MyDrive/StoneSense-Training/processed_grouped/processed_grouped/test/Cyst/Cyst- (1807).jpg,0,2,0.3245466947555542,0.0004714790266007185,0.6749245524406433,5.7285447837784886e-05
/content/drive/MyDrive/StoneSense-Training/processed_grouped/processed_grouped/test/Cyst/Cyst- (1808).jpg,0,2,0.4591536819934845,0.0006264091935008764,0.5401795506477356,4.0404054743703455e-05
/content/drive/MyDrive/StoneSense-Training/processed_grouped/processed_grouped/test/Cyst/Cyst- (1809).jpg,0,2,0.34457680583000183,0.0020200395956635475,0.6533666253089905,3.655872933450155e-05
/content/drive/MyDrive/StoneSense-Training/processed_grouped/processed_grouped/test/Cyst/Cyst- (1810).jpg,0,0,0.5068030953407288,0.0005496858502738178,0.49264103174209595,6.189045507198898e-06
/content/drive/MyDrive/StoneSense-Training/processed_grouped/processed_grouped/test/Cyst/Cyst- (1811).jpg,0,0,0.7679991126060486,0.00022476082085631788,0.23176592588424683,1.0133320756722242e-05
/content/drive/MyDrive/StoneSense-Training/processed_grouped/processed_grouped/test/Cyst/Cyst- (1812).jpg,0,0,0.9116644263267517,0.00015123776393011212,0.08817154914140701,1.2731094102491625e-05
/content/drive/MyDrive/StoneSense-Training/processed_grouped/processed_grouped/test/Cyst/Cyst- (1813).jpg,0,0,0.8720722794532776,0.0010490536224097013,0.12686628103256226,1.2346527910267469e-05
/content/drive/MyDrive/StoneSense-Training/processed_grouped/processed_grouped/test/Cyst/Cyst- (1814).jpg,0,0,0.7852158546447754,0.00047938735224306583,0.21428753435611725,1.7243308320757933e-05
/content/drive/MyDrive/StoneSense-Training/processed_grouped/processed_grouped/test/Cyst/Cyst- (1815).jpg,0,2,0.43465179204940796,0.0003871034423355013,0.5649394392967224,2.168753599107731e-05
/content/drive/MyDrive/StoneSense-Training/processed_grouped/processed_grouped/test/Cyst/Cyst- (1816).jpg,0,2,0.11559762805700302,0.00019121426157653332,0.8842033743858337,7.801901119819377e-06
/content/drive/MyDrive/StoneSense-Training/processed_grouped/processed_grouped/test/Cyst/Cyst- (1817).jpg,0,2,0.4496030807495117,0.0006842522998340428,0.5497049689292908,7.65751155995531e-06
/content/drive/MyDrive/StoneSense-Training/processed_grouped/processed_grouped/test/Cyst/Cyst- (1818).jpg,0,0,0.7653543949127197,9.157699241768569e-05,0.23455315828323364,8.551695600544917e-07
/content/drive/MyDrive/StoneSense-Training/processed_grouped/processed_grouped/test/Cyst/Cyst- (1819).jpg,0,2,0.12448745965957642,0.00020195514662191272,0.8753073811531067,3.2606046715955017e-06
/content/drive/MyDrive/StoneSense-Training/processed_grouped/processed_grouped/test/Cyst/Cyst- (1820).jpg,0,2,0.005987970158457756,0.0003816234820988029,0.9936293959617615,9.553280051477486e-07
/content/drive/MyDrive/StoneSense-Training/processed_grouped/processed_grouped/test/Cyst/Cyst- (1821).jpg,0,2,0.0036288772244006395,0.0005436171777546406,0.9958261251449585,1.3678981076736818e-06
/content/drive/MyDrive/StoneSense-Training/processed_grouped/processed_grouped/test/Cyst/Cyst- (1822).jpg,0,2,0.01813630387187004,0.0003023556782864034,0.9815603494644165,1.0645675274645328e-06
/content/drive/MyDrive/StoneSense-Training/processed_grouped/processed_grouped/test/Cyst/Cyst- (1823).jpg,0,2,0.1805323213338852,0.00016199373931158334,0.8193050622940063,6.829305903011118e-07
/content/drive/MyDrive/StoneSense-Training/processed_grouped/processed_grouped/test/Cyst/Cyst- (1824).jpg,0,2,0.1758645623922348,1.370471090922365e-05,0.8241214156150818,3.5431119727036275e-07
/content/drive/MyDrive/StoneSense-Training/processed_grouped/processed_grouped/test/Cyst/Cyst- (1825).jpg,0,2,0.17696310579776764,1.9008399249287322e-05,0.8230175375938416,3.423257908252708e-07
/content/drive/MyDrive/StoneSense-Training/processed_grouped/processed_grouped/test/Cyst/Cyst- (1826).jpg,0,2,0.22178635001182556,0.00010686398309189826,0.7781062722206116,5.8207132269672e-07
/content/drive/MyDrive/StoneSense-Training/processed_grouped/processed_grouped/test/Cyst/Cyst- (1827).jpg,0,2,0.3238994777202606,7.33784181647934e-05,0.6760266423225403,4.6111244955682196e-07
/content/drive/MyDrive/StoneSense-Training/processed_grouped/processed_grouped/test/Cyst/Cyst- (1828).jpg,0,0,0.7509139776229858,3.3094653190346435e-05,0.2490513175725937,1.6197033119169646e-06
/content/drive/MyDrive/StoneSense-Training/processed_grouped/processed_grouped/test/Cyst/Cyst- (1829).jpg,0,0,0.6734485626220703,2.385600600973703e-05,0.32652539014816284,2.1384864794526948e-06
/content/drive/MyDrive/StoneSense-Training/processed_grouped/processed_grouped/test/Cyst/Cyst- (1830).jpg,0,0,0.7697327136993408,3.2105166610563174e-05,0.2302268147468567,8.358551895071287e-06
/content/drive/MyDrive/StoneSense-Training/processed_grouped/processed_grouped/test/Cyst/Cyst- (1831).jpg,0,0,0.7850130200386047,0.00019785594486165792,0.21474044024944305,4.8760597564978525e-05
/content/drive/MyDrive/StoneSense-Training/processed_grouped/processed_grouped/test/Cyst/Cyst- (1832).jpg,0,2,0.3460073173046112,0.0006189712439663708,0.6533563137054443,1.739435174386017e-05
/content/drive/MyDrive/StoneSense-Training/processed_grouped/processed_grouped/test/Cyst/Cyst- (1833).jpg,0,0,0.7137911319732666,0.00016889465041458607,0.2860325276851654,7.43546888770652e-06
/content/drive/MyDrive/StoneSense-Training/processed_grouped/processed_grouped/test/Cyst/Cyst- (1834).jpg,0,0,0.8117965459823608,0.0021797227673232555,0.18597367405891418,5.001371027901769e-05
/content/drive/MyDrive/StoneSense-Training/processed_grouped/processed_grouped/test/Cyst/Cyst- (1835).jpg,0,0,0.5331746935844421,0.008304551243782043,0.45850661396980286,1.4141862266114913e-05
/content/drive/MyDrive/StoneSense-Training/processed_grouped/processed_grouped/test/Cyst/Cyst- (1836).jpg,0,0,0.8410887718200684,0.0010003523202612996,0.15790106356143951,9.871898328128736e-06
/content/drive/MyDrive/StoneSense-Training/processed_grouped/processed_grouped/test/Cyst/Cyst- (1837).jpg,0,0,0.9252382516860962,0.00021985964849591255,0.07453484833240509,7.083612217684276e-06
/content/drive/MyDrive/StoneSense-Training/processed_grouped/processed_grouped/test/Cyst/Cyst- (1838).jpg,0,0,0.6668305993080139,4.781264578923583e-05,0.33311939239501953,2.336685383852455e-06
/content/drive/MyDrive/StoneSense-Training/processed_grouped/processed_grouped/test/Cyst/Cyst- (1839).jpg,0,0,0.9684939980506897,1.626878474780824e-05,0.031480513513088226,9.232636330125388e-06
/content/drive/MyDrive/StoneSense-Training/processed_grouped/processed_grouped/test/Cyst/Cyst- (1840).jpg,0,0,0.9447693228721619,0.00015274793258868158,0.055042803287506104,3.5170811315765604e-05
/content/drive/MyDrive/StoneSense-Training/processed_grouped/processed_grouped/test/Cyst/Cyst- (1841).jpg,0,0,0.8001384139060974,0.0001931822334881872,0.1996072381734848,6.125764775788411e-05
/content/drive/MyDrive/StoneSense-Training/processed_grouped/processed_grouped/test/Cyst/Cyst- (1842).jpg,0,0,0.5935644507408142,0.00030083893216215074,0.40608924627304077,4.544857074506581e-05
/content/drive/MyDrive/StoneSense-Training/processed_grouped/processed_grouped/test/Cyst/Cyst- (1843).jpg,0,0,0.7702785730361938,0.00019120056822430342,0.22950083017349243,2.9397011530818418e-05
/content/drive/MyDrive/StoneSense-Training/processed_grouped/processed_grouped/test/Cyst/Cyst- (1844).jpg,0,0,0.7660134434700012,0.0003782484563998878,0.23356395959854126,4.433480353327468e-05
/content/drive/MyDrive/StoneSense-Training/processed_grouped/processed_grouped/test/Cyst/Cyst- (1845).jpg,0,0,0.8151750564575195,0.00011017164069926366,0.18469111621379852,2.3647633497603238e-05
/content/drive/MyDrive/StoneSense-Training/processed_grouped/processed_grouped/test/Cyst/Cyst- (1846).jpg,0,0,0.9428614377975464,0.00014502064732369035,0.05697748437523842,1.6128638890222646e-05
/content/drive/MyDrive/StoneSense-Training/processed_grouped/processed_grouped/test/Cyst/Cyst- (1847).jpg,0,0,0.9764508008956909,6.4442639995832e-05,0.023465916514396667,1.874207919172477e-05
/content/drive/MyDrive/StoneSense-Training/processed_grouped/processed_grouped/test/Cyst/Cyst- (1848).jpg,0,0,0.7848429679870605,0.00012387719471007586,0.21495623886585236,7.690140046179295e-05
/content/drive/MyDrive/StoneSense-Training/processed_grouped/processed_grouped/test/Cyst/Cyst- (1849).jpg,0,0,0.8239662051200867,0.0005179448635317385,0.1751364916563034,0.00037930539110675454
/content/drive/MyDrive/StoneSense-Training/processed_grouped/processed_grouped/test/Cyst/Cyst- (1850).jpg,0,0,0.9321284294128418,0.0004585454298648983,0.06696958839893341,0.00044340029126033187
/content/drive/MyDrive/StoneSense-Training/processed_grouped/processed_grouped/test/Cyst/Cyst- (1851).jpg,0,0,0.791040301322937,0.0006198048358783126,0.20805831253528595,0.00028161006048321724
/content/drive/MyDrive/StoneSense-Training/processed_grouped/processed_grouped/test/Cyst/Cyst- (1852).jpg,0,0,0.7522063255310059,0.0003579445765353739,0.24734637141227722,8.930906187742949e-05
/content/drive/MyDrive/StoneSense-Training/processed_grouped/processed_grouped/test/Cyst/Cyst- (1853).jpg,0,0,0.8580902814865112,0.00019792515377048403,0.14155349135398865,0.00015833452926017344
/content/drive/MyDrive/StoneSense-Training/processed_grouped/processed_grouped/test/Cyst/Cyst- (1854).jpg,0,0,0.9926388263702393,3.9086557080736384e-05,0.007273546420037746,4.863612775807269e-05
/content/drive/MyDrive/StoneSense-Training/processed_grouped/processed_grouped/test/Cyst/Cyst- (1855).jpg,0,0,0.9972119927406311,7.726751391601283e-06,0.0027459822595119476,3.437465420574881e-05
/content/drive/MyDrive/StoneSense-Training/processed_grouped/processed_grouped/test/Cyst/Cyst- (1856).jpg,0,0,0.9942082166671753,8.171279478119686e-05,0.005658658687025309,5.139862696523778e-05
/content/drive/MyDrive/StoneSense-Training/processed_grouped/processed_grouped/test/Cyst/Cyst- (1857).jpg,0,0,0.9935911893844604,5.4604242905043066e-05,0.006344000343233347,1.0144336556550115e-05
/content/drive/MyDrive/StoneSense-Training/processed_grouped/processed_grouped/test/Cyst/Cyst- (1858).jpg,0,0,0.9821260571479797,0.00030449096811935306,0.01750493422150612,6.449391366913915e-05
/content/drive/MyDrive/StoneSense-Training/processed_grouped/processed_grouped/test/Cyst/Cyst- (1859).jpg,0,0,0.9474856853485107,0.00021185957302805036,0.05214696004986763,0.00015541510947514325
/content/drive/MyDrive/StoneSense-Training/processed_grouped/processed_grouped/test/Cyst/Cyst- (1860).jpg,0,0,0.8180583119392395,0.00035096026840619743,0.18138058483600616,0.000210187237826176
/content/drive/MyDrive/StoneSense-Training/processed_grouped/processed_grouped/test/Cyst/Cyst- (1861).jpg,0,2,0.22335755825042725,0.000460705254226923,0.7758693099021912,0.0003124763024970889
/content/drive/MyDrive/StoneSense-Training/processed_grouped/processed_grouped/test/Cyst/Cyst- (1862).jpg,0,2,0.10594571381807327,0.003794172080233693,0.8898518085479736,0.00040827871998772025
/content/drive/MyDrive/StoneSense-Training/processed_grouped/processed_grouped/test/Cyst/Cyst- (1863).jpg,0,2,0.19215379655361176,0.0016068523982539773,0.8059548735618591,0.0002845012932084501
/content/drive/MyDrive/StoneSense-Training/processed_grouped/processed_grouped/test/Cyst/Cyst- (1864).jpg,0,2,0.16782338917255402,0.0029384891968220472,0.8286367654800415,0.0006013487000018358
/content/drive/MyDrive/StoneSense-Training/processed_grouped/processed_grouped/test/Cyst/Cyst- (1865).jpg,0,2,0.021046489477157593,0.0016109657008200884,0.9770983457565308,0.00024428844335488975
/content/drive/MyDrive/StoneSense-Training/processed_grouped/processed_grouped/test/Cyst/Cyst- (1866).jpg,0,2,0.0864085853099823,0.005002092570066452,0.9057809710502625,0.0028082807548344135
/content/drive/MyDrive/StoneSense-Training/processed_grouped/processed_grouped/test/Cyst/Cyst- (1867).jpg,0,2,0.0769796371459961,0.003064503660425544,0.9177147746086121,0.0022410715464502573
/content/drive/MyDrive/StoneSense-Training/processed_grouped/processed_grouped/test/Cyst/Cyst- (1868).jpg,0,0,0.5557481050491333,0.0138312429189682,0.4221939146518707,0.008226746693253517
/content/drive/MyDrive/StoneSense-Training/processed_grouped/processed_grouped/test/Cyst/Cyst- (1869).jpg,0,2,0.14362859725952148,0.0019333866657689214,0.8535938262939453,0.000844124355353415
/content/drive/MyDrive/StoneSense-Training/processed_grouped/processed_grouped/test/Cyst/Cyst- (1870).jpg,0,2,0.03344941511750221,0.004178917035460472,0.961617112159729,0.0007545767002739012
/content/drive/MyDrive/StoneSense-Training/processed_grouped/processed_grouped/test/Cyst/Cyst- (1871).jpg,0,2,0.06081375479698181,0.035534072667360306,0.8937245011329651,0.009927595965564251
/content/drive/MyDrive/StoneSense-Training/processed_grouped/processed_grouped/test/Cyst/Cyst- (1872).jpg,0,2,0.06244251877069473,0.02654215507209301,0.9069176316261292,0.004097673110663891
/content/drive/MyDrive/StoneSense-Training/processed_grouped/processed_grouped/test/Cyst/Cyst- (1873).jpg,0,2,0.10233404487371445,0.12284046411514282,0.7708878517150879,0.003937652800232172
/content/drive/MyDrive/StoneSense-Training/processed_grouped/processed_grouped/test/Cyst/Cyst- (1874).jpg,0,2,0.28716984391212463,0.10045482218265533,0.5418877601623535,0.0704875960946083
/content/drive/MyDrive/StoneSense-Training/processed_grouped/processed_grouped/test/Cyst/Cyst- (1875).jpg,0,0,0.4726768434047699,0.0657922625541687,0.33218953013420105,0.12934139370918274
/content/drive/MyDrive/StoneSense-Training/processed_grouped/processed_grouped/test/Cyst/Cyst- (1876).jpg,0,2,0.3015410006046295,0.015389768406748772,0.6726763844490051,0.010392842814326286
/content/drive/MyDrive/StoneSense-Training/processed_grouped/processed_grouped/test/Cyst/Cyst- (1877).jpg,0,2,0.37410712242126465,0.0022066126111894846,0.622058093547821,0.0016281642019748688
/content/drive/MyDrive/StoneSense-Training/processed_grouped/processed_grouped/test/Cyst/Cyst- (1878).jpg,0,0,0.83753901720047,0.0013331812806427479,0.15915870666503906,0.0019690811168402433
/content/drive/MyDrive/StoneSense-Training/processed_grouped/processed_grouped/test/Cyst/Cyst- (1879).jpg,0,0,0.8857780694961548,0.00016056615277193487,0.11288875341415405,0.001172573072835803
/content/drive/MyDrive/StoneSense-Training/processed_grouped/processed_grouped/test/Cyst/Cyst- (1880).jpg,0,0,0.6576873660087585,0.0003745074209291488,0.3352389335632324,0.006699185352772474
/content/drive/MyDrive/StoneSense-Training/processed_grouped/processed_grouped/test/Cyst/Cyst- (1881).jpg,0,0,0.6250414848327637,0.0001669117045821622,0.3700096905231476,0.0047819772735238075
/content/drive/MyDrive/StoneSense-Training/processed_grouped/processed_grouped/test/Cyst/Cyst- (1882).jpg,0,2,0.43941301107406616,0.00013921996287535876,0.5588907599449158,0.0015569637762382627
/content/drive/MyDrive/StoneSense-Training/processed_grouped/processed_grouped/test/Cyst/Cyst- (1883).jpg,0,2,0.31280454993247986,0.0003939457528758794,0.6865077018737793,0.00029376664315350354
/content/drive/MyDrive/StoneSense-Training/processed_grouped/processed_grouped/test/Cyst/Cyst- (1884).jpg,0,2,0.4061734080314636,0.0011096602538600564,0.5926386713981628,7.821644248906523e-05
/content/drive/MyDrive/StoneSense-Training/processed_grouped/processed_grouped/test/Cyst/Cyst- (1885).jpg,0,0,0.5673143863677979,0.000303578213788569,0.43236175179481506,2.029007919190917e-05
/content/drive/MyDrive/StoneSense-Training/processed_grouped/processed_grouped/test/Cyst/Cyst- (1886).jpg,0,2,0.14724047482013702,0.002730424515902996,0.8495199084281921,0.0005092167994007468
/content/drive/MyDrive/StoneSense-Training/processed_grouped/processed_grouped/test/Cyst/Cyst- (1887).jpg,0,2,0.027080131694674492,0.007171868812292814,0.9649912118911743,0.0007568103028461337
/content/drive/MyDrive/StoneSense-Training/processed_grouped/processed_grouped/test/Cyst/Cyst- (1888).jpg,0,2,0.009114330634474754,0.0033170972019433975,0.9870899319648743,0.00047872518189251423
/content/drive/MyDrive/StoneSense-Training/processed_grouped/processed_grouped/test/Cyst/Cyst- (1889).jpg,0,2,0.03632552549242973,0.006675169337540865,0.9544569849967957,0.002542333910241723
/content/drive/MyDrive/StoneSense-Training/processed_grouped/processed_grouped/test/Cyst/Cyst- (1890).jpg,0,2,0.027071399614214897,0.006433299742639065,0.9655284881591797,0.00096681690774858
/content/drive/MyDrive/StoneSense-Training/processed_grouped/processed_grouped/test/Cyst/Cyst- (1891).jpg,0,2,0.032151784747838974,0.009630740620195866,0.9573315382003784,0.0008859531953930855
/content/drive/MyDrive/StoneSense-Training/processed_grouped/processed_grouped/test/Cyst/Cyst- (1892).jpg,0,2,0.24209021031856537,0.0012120527680963278,0.7556051015853882,0.001092617865651846
/content/drive/MyDrive/StoneSense-Training/processed_grouped/processed_grouped/test/Cyst/Cyst- (1893).jpg,0,2,0.3200731575489044,0.00021228431432973593,0.6792486310005188,0.0004659244732465595
/content/drive/MyDrive/StoneSense-Training/processed_grouped/processed_grouped/test/Cyst/Cyst- (1894).jpg,0,2,0.09043113142251968,0.0007761556189507246,0.9074413180351257,0.0013514421880245209
/content/drive/MyDrive/StoneSense-Training/processed_grouped/processed_grouped/test/Cyst/Cyst- (1895).jpg,0,2,0.004804140888154507,4.569411976262927e-05,0.9951317310333252,1.856400012911763e-05
/content/drive/MyDrive/StoneSense-Training/processed_grouped/processed_grouped/test/Cyst/Cyst- (1896).jpg,0,2,0.03315651789307594,0.00010971199662890285,0.9667215347290039,1.2211107787152287e-05
/content/drive/MyDrive/StoneSense-Training/processed_grouped/processed_grouped/test/Cyst/Cyst- (1897).jpg,0,2,0.08319483697414398,0.0003589909465517849,0.9164218902587891,2.4305512852151878e-05
/content/drive/MyDrive/StoneSense-Training/processed_grouped/processed_grouped/test/Cyst/Cyst- (1898).jpg,0,2,0.12310732901096344,0.00061743741389364,0.8762556314468384,1.9676817828440107e-05
/content/drive/MyDrive/StoneSense-Training/processed_grouped/processed_grouped/test/Cyst/Cyst- (1899).jpg,0,2,0.2981218993663788,0.0007749680080451071,0.7010765075683594,2.6631489163264632e-05
/content/drive/MyDrive/StoneSense-Training/processed_grouped/processed_grouped/test/Cyst/Cyst- (1900).jpg,0,2,0.1987600475549698,0.0023965192958712578,0.798816978931427,2.6461179004400037e-05
/content/drive/MyDrive/StoneSense-Training/processed_grouped/processed_grouped/test/Cyst/Cyst- (1901).jpg,0,0,0.6761014461517334,0.001748136361129582,0.3221283555030823,2.2106660253484733e-05
/content/drive/MyDrive/StoneSense-Training/processed_grouped/processed_grouped/test/Cyst/Cyst- (1902).jpg,0,0,0.9713054895401001,0.00012444767344277352,0.028560971841216087,9.039338692673482e-06
/content/drive/MyDrive/StoneSense-Training/processed_grouped/processed_grouped/test/Cyst/Cyst- (1903).jpg,0,0,0.8888210654258728,0.0005060561816208065,0.11065735667943954,1.5437173715326935e-05
/content/drive/MyDrive/StoneSense-Training/processed_grouped/processed_grouped/test/Cyst/Cyst- (1904).jpg,0,2,0.3311258554458618,0.002506234450265765,0.6663271188735962,4.079663995071314e-05
/content/drive/MyDrive/StoneSense-Training/processed_grouped/processed_grouped/test/Cyst/Cyst- (1905).jpg,0,0,0.6577688455581665,0.0007868599495850503,0.34143581986427307,8.451900612271857e-06
/content/drive/MyDrive/StoneSense-Training/processed_grouped/processed_grouped/test/Cyst/Cyst- (1906).jpg,0,0,0.8678410649299622,0.00011338572221575305,0.13202878832817078,1.671539939707145e-05
/content/drive/MyDrive/StoneSense-Training/processed_grouped/processed_grouped/test/Cyst/Cyst- (1907).jpg,0,0,0.83149254322052,8.598313434049487e-05,0.1683378964662552,8.370529394596815e-05
/content/drive/MyDrive/StoneSense-Training/processed_grouped/processed_grouped/test/Cyst/Cyst- (1908).jpg,0,2,0.3349898159503937,2.799369212880265e-05,0.6649704575538635,1.1783699847001117e-05
/content/drive/MyDrive/StoneSense-Training/processed_grouped/processed_grouped/test/Cyst/Cyst- (1909).jpg,0,0,0.7703762054443359,7.894954615039751e-05,0.22953607141971588,8.689200512890238e-06
/content/drive/MyDrive/StoneSense-Training/processed_grouped/processed_grouped/test/Cyst/Cyst- (1910).jpg,0,2,0.44768473505973816,0.0003021204029209912,0.5519849061965942,2.8214359190315008e-05
/content/drive/MyDrive/StoneSense-Training/processed_grouped/processed_grouped/test/Cyst/Cyst- (1911).jpg,0,2,0.37603357434272766,0.0001783405023161322,0.6237742900848389,1.3728792509937193e-05
/content/drive/MyDrive/StoneSense-Training/processed_grouped/processed_grouped/test/Cyst/Cyst- (1912).jpg,0,2,0.16899819672107697,0.00020988819596823305,0.8307864665985107,5.419195076683536e-06
/content/drive/MyDrive/StoneSense-Training/processed_grouped/processed_grouped/test/Cyst/Cyst- (1913).jpg,0,0,0.7677200436592102,0.0006171094719320536,0.23164738714694977,1.549378430354409e-05
/content/drive/MyDrive/StoneSense-Training/processed_grouped/processed_grouped/test/Cyst/Cyst- (1914).jpg,0,0,0.8580965995788574,0.0053444188088178635,0.13649462163448334,6.446734914788976e-05
/content/drive/MyDrive/StoneSense-Training/processed_grouped/processed_grouped/test/Cyst/Cyst- (1915).jpg,0,2,0.42674100399017334,0.015159043483436108,0.558066189289093,3.379188274266198e-05
/content/drive/MyDrive/StoneSense-Training/processed_grouped/processed_grouped/test/Cyst/Cyst- (1916).jpg,0,0,0.9370701313018799,0.0013495064340531826,0.06156419962644577,1.6031133782234974e-05
/content/drive/MyDrive/StoneSense-Training/processed_grouped/processed_grouped/test/Cyst/Cyst- (1917).jpg,0,0,0.9830243587493896,0.0002503111900296062,0.016696827486157417,2.8455262508941814e-05
/content/drive/MyDrive/StoneSense-Training/processed_grouped/processed_grouped/test/Cyst/Cyst- (1918).jpg,0,0,0.983368456363678,0.00040326768066734076,0.01620566099882126,2.2647838704870082e-05
/content/drive/MyDrive/StoneSense-Training/processed_grouped/processed_grouped/test/Cyst/Cyst- (1919).jpg,0,0,0.9601671695709229,0.0012913482496514916,0.03847935050725937,6.21164363110438e-05
/content/drive/MyDrive/StoneSense-Training/processed_grouped/processed_grouped/test/Cyst/Cyst- (1920).jpg,0,0,0.844113290309906,0.001439284416846931,0.15415026247501373,0.00029717982397414744
/content/drive/MyDrive/StoneSense-Training/processed_grouped/processed_grouped/test/Cyst/Cyst- (1921).jpg,0,0,0.9663374423980713,0.0006444144528359175,0.032873500138521194,0.00014464747800957412
/content/drive/MyDrive/StoneSense-Training/processed_grouped/processed_grouped/test/Cyst/Cyst- (2).jpg,0,0,0.9973049163818359,2.899514015552995e-07,0.0026752660050988197,1.9657543816720136e-05
/content/drive/MyDrive/StoneSense-Training/processed_grouped/processed_grouped/test/Cyst/Cyst- (201).jpg,0,0,0.9933340549468994,4.5034502704766055e-07,0.005699541885405779,0.0009659280767664313
/content/drive/MyDrive/StoneSense-Training/processed_grouped/processed_grouped/test/Cyst/Cyst- (202).jpg,0,0,0.975033164024353,5.440831500891363e-07,0.024859705939888954,0.0001066320255631581
/content/drive/MyDrive/StoneSense-Training/processed_grouped/processed_grouped/test/Cyst/Cyst- (203).jpg,0,0,0.9970013499259949,1.7984338285259582e-07,0.0028809623327106237,0.000117450013931375
/content/drive/MyDrive/StoneSense-Training/processed_grouped/processed_grouped/test/Cyst/Cyst- (204).jpg,0,0,0.9996944665908813,5.313849555932393e-07,0.0002528448821976781,5.214167322264984e-05
/content/drive/MyDrive/StoneSense-Training/processed_grouped/processed_grouped/test/Cyst/Cyst- (2277).jpg,0,0,0.9999994039535522,7.061177598188806e-08,1.3163513301606145e-07,3.3830357892838947e-07
/content/drive/MyDrive/StoneSense-Training/processed_grouped/processed_grouped/test/Cyst/Cyst- (2278).jpg,0,0,0.9999977350234985,1.345132432106766e-07,7.921884304096238e-08,2.0041316020069644e-06
/content/drive/MyDrive/StoneSense-Training/processed_grouped/processed_grouped/test/Cyst/Cyst- (2279).jpg,0,0,0.9999984502792358,4.030663660614664e-07,8.92705926958115e-08,1.068599772224843e-06
/content/drive/MyDrive/StoneSense-Training/processed_grouped/processed_grouped/test/Cyst/Cyst- (2280).jpg,0,0,0.9999943971633911,7.517855920013972e-07,1.2479469546633482e-07,4.737097697216086e-06
/content/drive/MyDrive/StoneSense-Training/processed_grouped/processed_grouped/test/Cyst/Cyst- (2281).jpg,0,0,0.9999964237213135,1.2469944010717882e-07,4.3024581231065895e-08,3.442659362917766e-06
/content/drive/MyDrive/StoneSense-Training/processed_grouped/processed_grouped/test/Cyst/Cyst- (2282).jpg,0,0,0.9999849796295166,5.179759909879067e-07,8.685801589081166e-08,1.4454852134804241e-05
/content/drive/MyDrive/StoneSense-Training/processed_grouped/processed_grouped/test/Cyst/Cyst- (2283).jpg,0,0,0.9999936819076538,6.499893743239227e-07,6.053112144854822e-08,5.644290013151476e-06
/content/drive/MyDrive/StoneSense-Training/processed_grouped/processed_grouped/test/Cyst/Cyst- (2284).jpg,0,0,0.9999948740005493,9.679994263933622e-07,8.974329723798746e-09,4.21283402829431e-06
/content/drive/MyDrive/StoneSense-Training/processed_grouped/processed_grouped/test/Cyst/Cyst- (2285).jpg,0,0,0.9999754428863525,1.061853367900767e-06,3.914459867360165e-08,2.3481812604586594e-05
/content/drive/MyDrive/StoneSense-Training/processed_grouped/processed_grouped/test/Cyst/Cyst- (2286).jpg,0,0,0.9999748468399048,1.3604907280750922e-06,3.0907550296888076e-08,2.380738442298025e-05
/content/drive/MyDrive/StoneSense-Training/processed_grouped/processed_grouped/test/Cyst/Cyst- (2287).jpg,0,0,0.9999909400939941,1.2083019100828096e-06,4.3061699983582e-08,7.816124707460403e-06
/content/drive/MyDrive/StoneSense-Training/processed_grouped/processed_grouped/test/Cyst/Cyst- (2424).jpg,0,0,0.9718504548072815,0.004472394473850727,0.012997796759009361,0.010679258964955807
/content/drive/MyDrive/StoneSense-Training/processed_grouped/processed_grouped/test/Cyst/Cyst- (2425).jpg,0,0,0.8893405795097351,0.0006577496533282101,0.01589578203856945,0.09410595893859863
/content/drive/MyDrive/StoneSense-Training/processed_grouped/processed_grouped/test/Cyst/Cyst- (2426).jpg,0,0,0.9026874899864197,0.00032583135180175304,0.02110636606812477,0.07588032633066177
/content/drive/MyDrive/StoneSense-Training/processed_grouped/processed_grouped/test/Cyst/Cyst- (2427).jpg,0,0,0.9425478577613831,0.0002500225673429668,0.004268025979399681,0.05293409153819084
/content/drive/MyDrive/StoneSense-Training/processed_grouped/processed_grouped/test/Cyst/Cyst- (2428).jpg,0,0,0.9816685318946838,0.00017822091467678547,0.0009383968426845968,0.017214857041835785
/content/drive/MyDrive/StoneSense-Training/processed_grouped/processed_grouped/test/Cyst/Cyst- (2429).jpg,0,0,0.9345157742500305,0.0003698147484101355,0.0009544558706693351,0.06415984779596329
/content/drive/MyDrive/StoneSense-Training/processed_grouped/processed_grouped/test/Cyst/Cyst- (2430).jpg,0,0,0.8896321058273315,0.00022583879763260484,0.00017231269157491624,0.10996972024440765
/content/drive/MyDrive/StoneSense-Training/processed_grouped/processed_grouped/test/Cyst/Cyst- (2431).jpg,0,0,0.914634108543396,0.00029814429581165314,0.00036614714190363884,0.08470166474580765
/content/drive/MyDrive/StoneSense-Training/processed_grouped/processed_grouped/test/Cyst/Cyst- (2432).jpg,0,0,0.8968815207481384,0.00017958895477931947,0.00015020881255622953,0.10278867930173874
/content/drive/MyDrive/StoneSense-Training/processed_grouped/processed_grouped/test/Cyst/Cyst- (255).jpg,0,0,0.9995423555374146,5.2669400929517e-07,0.0004554874903988093,1.688899715190928e-06
/content/drive/MyDrive/StoneSense-Training/processed_grouped/processed_grouped/test/Cyst/Cyst- (256).jpg,0,0,0.9998931884765625,1.2029209756292403e-05,8.364496170543134e-05,1.1130517123092432e-05
/content/drive/MyDrive/StoneSense-Training/processed_grouped/processed_grouped/test/Cyst/Cyst- (257).jpg,0,0,0.997166097164154,7.169431046349928e-05,0.0008081979467533529,0.0019540234934538603
/content/drive/MyDrive/StoneSense-Training/processed_grouped/processed_grouped/test/Cyst/Cyst- (2571).jpg,0,0,0.9999593496322632,4.074859987213131e-07,5.8976411310140975e-06,3.4442509786458686e-05
/content/drive/MyDrive/StoneSense-Training/processed_grouped/processed_grouped/test/Cyst/Cyst- (2572).jpg,0,0,0.9999734163284302,4.939347491017543e-07,9.011586371343583e-06,1.7010530427796766e-05
/content/drive/MyDrive/StoneSense-Training/processed_grouped/processed_grouped/test/Cyst/Cyst- (2573).jpg,0,0,0.9999558925628662,3.2267298593069427e-06,1.735329169605393e-05,2.345167740713805e-05
/content/drive/MyDrive/StoneSense-Training/processed_grouped/processed_grouped/test/Cyst/Cyst- (2574).jpg,0,0,0.9998708963394165,1.0063179615826812e-05,1.3883121027902234e-05,0.00010529394057812169
/content/drive/MyDrive/StoneSense-Training/processed_grouped/processed_grouped/test/Cyst/Cyst- (2575).jpg,0,0,0.9999256134033203,2.279248064951389e-06,2.002413930313196e-05,5.21124638908077e-05
/content/drive/MyDrive/StoneSense-Training/processed_grouped/processed_grouped/test/Cyst/Cyst- (2576).jpg,0,0,0.9995488524436951,4.058516879013041e-06,1.2970865100214723e-05,0.00043403179734013975
/content/drive/MyDrive/StoneSense-Training/processed_grouped/processed_grouped/test/Cyst/Cyst- (2577).jpg,0,0,0.9998923540115356,2.66280108007777e-06,1.432493172615068e-05,9.07025532796979e-05
/content/drive/MyDrive/StoneSense-Training/processed_grouped/processed_grouped/test/Cyst/Cyst- (2578).jpg,0,0,0.999922513961792,2.020559350057738e-06,5.983780283713713e-06,6.943759944988415e-05
/content/drive/MyDrive/StoneSense-Training/processed_grouped/processed_grouped/test/Cyst/Cyst- (2579).jpg,0,0,0.9996305704116821,3.895999725500587e-06,1.7711319742375053e-05,0.0003477595164440572
/content/drive/MyDrive/StoneSense-Training/processed_grouped/processed_grouped/test/Cyst/Cyst- (258).jpg,0,0,0.9992620348930359,3.3250391879846575e-06,0.0003613075823523104,0.00037336949026212096
/content/drive/MyDrive/StoneSense-Training/processed_grouped/processed_grouped/test/Cyst/Cyst- (2580).jpg,0,0,0.9996299743652344,2.147868690371979e-05,2.0842790036113e-05,0.00032770162215456367
/content/drive/MyDrive/StoneSense-Training/processed_grouped/processed_grouped/test/Cyst/Cyst- (2581).jpg,0,0,0.9996298551559448,3.618741175159812e-05,0.00017956751980818808,0.00015433257794938982
/content/drive/MyDrive/StoneSense-Training/processed_grouped/processed_grouped/test/Cyst/Cyst- (2582).jpg,0,0,0.9995433688163757,5.553277878789231e-05,0.0002726732927840203,0.00012840289855375886
/content/drive/MyDrive/StoneSense-Training/processed_grouped/processed_grouped/test/Cyst/Cyst- (259).jpg,0,0,0.9992775321006775,1.603403802619141e-06,0.00016029896505642682,0.0005605631158687174
/content/drive/MyDrive/StoneSense-Training/processed_grouped/processed_grouped/test/Cyst/Cyst- (2595).jpg,0,0,0.9940443634986877,0.00029186950996518135,0.0002816352352965623,0.005382127594202757
/content/drive/MyDrive/StoneSense-Training/processed_grouped/processed_grouped/test/Cyst/Cyst- (260).jpg,0,0,0.9969161748886108,6.380316790455254e-07,0.0002184913755627349,0.002864731475710869
/content/drive/MyDrive/StoneSense-Training/processed_grouped/processed_grouped/test/Cyst/Cyst- (261).jpg,0,0,0.9996458292007446,2.1221762835921254e-07,0.00011038118827855214,0.00024362976546399295
/content/drive/MyDrive/StoneSense-Training/processed_grouped/processed_grouped/test/Cyst/Cyst- (262).jpg,0,0,0.9921476244926453,1.4093158824834973e-05,0.000880982493981719,0.0069572520442306995
/content/drive/MyDrive/StoneSense-Training/processed_grouped/processed_grouped/test/Cyst/Cyst- (2657).jpg,0,0,0.9993752837181091,2.3022896922242353e-09,0.0004902019863948226,0.00013451885024551302
/content/drive/MyDrive/StoneSense-Training/processed_grouped/processed_grouped/test/Cyst/Cyst- (2658).jpg,0,0,0.9996101260185242,3.2761300339245736e-09,0.000311499199597165,7.841808837838471e-05
/content/drive/MyDrive/StoneSense-Training/processed_grouped/processed_grouped/test/Cyst/Cyst- (2659).jpg,0,0,0.9998781681060791,3.277976223792223e-10,0.00011452905891928822,7.216010544652818e-06
/content/drive/MyDrive/StoneSense-Training/processed_grouped/processed_grouped/test/Cyst/Cyst- (2660).jpg,0,0,0.9995371103286743,7.231249488093283e-10,0.0004508810234256089,1.2056653758918401e-05
/content/drive/MyDrive/StoneSense-Training/processed_grouped/processed_grouped/test/Cyst/Cyst- (2661).jpg,0,0,0.9982126951217651,5.010763470814084e-10,0.00175280321855098,3.447865310590714e-05
/content/drive/MyDrive/StoneSense-Training/processed_grouped/processed_grouped/test/Cyst/Cyst- (2735).jpg,0,0,0.9973081350326538,1.7892969026434002e-06,6.683277024421841e-05,0.0026233128737658262
/content/drive/MyDrive/StoneSense-Training/processed_grouped/processed_grouped/test/Cyst/Cyst- (2736).jpg,0,0,0.9981600642204285,8.285245485240011e-07,1.621137016627472e-05,0.001822940306738019
/content/drive/MyDrive/StoneSense-Training/processed_grouped/processed_grouped/test/Cyst/Cyst- (2737).jpg,0,0,0.9905568361282349,5.717949079553364e-06,4.668887049774639e-05,0.009390776976943016
/content/drive/MyDrive/StoneSense-Training/processed_grouped/processed_grouped/test/Cyst/Cyst- (2738).jpg,0,0,0.986336350440979,5.335485184332356e-06,0.0004519746289588511,0.013206444680690765
/content/drive/MyDrive/StoneSense-Training/processed_grouped/processed_grouped/test/Cyst/Cyst- (2739).jpg,0,0,0.9841327667236328,6.810321337979985e-06,0.004675247240811586,0.011185234412550926
/content/drive/MyDrive/StoneSense-Training/processed_grouped/processed_grouped/test/Cyst/Cyst- (2740).jpg,0,0,0.990185022354126,2.1012361685279757e-05,0.003512750845402479,0.00628123851493001
/content/drive/MyDrive/StoneSense-Training/processed_grouped/processed_grouped/test/Cyst/Cyst- (2925).jpg,0,0,0.9907187819480896,1.2638458429137245e-05,0.0077421898022294044,0.0015264145331457257
/content/drive/MyDrive/StoneSense-Training/processed_grouped/processed_grouped/test/Cyst/Cyst- (2926).jpg,0,0,0.9973981380462646,3.256452146160882e-06,0.0014477656222879887,0.0011509035248309374
/content/drive/MyDrive/StoneSense-Training/processed_grouped/processed_grouped/test/Cyst/Cyst- (2927).jpg,0,0,0.9995928406715393,5.499697408595239e-07,0.0002334095916012302,0.00017314108845312148
/content/drive/MyDrive/StoneSense-Training/processed_grouped/processed_grouped/test/Cyst/Cyst- (2928).jpg,0,0,0.9999115467071533,2.617018424189155e-07,4.1216149838874117e-05,4.6932531404308975e-05
/content/drive/MyDrive/StoneSense-Training/processed_grouped/processed_grouped/test/Cyst/Cyst- (2929).jpg,0,0,0.9997753500938416,2.2738831262358872e-07,0.0001588010200066492,6.562935595866293e-05
/content/drive/MyDrive/StoneSense-Training/processed_grouped/processed_grouped/test/Cyst/Cyst- (2930).jpg,0,0,0.9993914365768433,4.4695049439269496e-08,0.0005862006219103932,2.2391750462702475e-05
/content/drive/MyDrive/StoneSense-Training/processed_grouped/processed_grouped/test/Cyst/Cyst- (2931).jpg,0,0,0.9996660947799683,2.188345860076879e-07,0.00015915752737782896,0.00017451864550821483
/content/drive/MyDrive/StoneSense-Training/processed_grouped/processed_grouped/test/Cyst/Cyst- (2932).jpg,0,0,0.9996742010116577,1.2581129738009622e-07,0.000194326916243881,0.00013134842447470874
/content/drive/MyDrive/StoneSense-Training/processed_grouped/processed_grouped/test/Cyst/Cyst- (2933).jpg,0,0,0.9996048808097839,5.161265903552703e-07,0.00013864987704437226,0.0002559944987297058
/content/drive/MyDrive/StoneSense-Training/processed_grouped/processed_grouped/test/Cyst/Cyst- (2934).jpg,0,0,0.9998502731323242,5.0199947310147763e-08,0.00010065155220218003,4.9153717554872856e-05
/content/drive/MyDrive/StoneSense-Training/processed_grouped/processed_grouped/test/Cyst/Cyst- (2935).jpg,0,0,0.9999668598175049,4.5058467179615036e-08,9.857935765467118e-06,2.320748899364844e-05
/content/drive/MyDrive/StoneSense-Training/processed_grouped/processed_grouped/test/Cyst/Cyst- (2938).jpg,0,0,0.9999806880950928,5.906356292939563e-08,3.2983939490804914e-07,1.891487409011461e-05
/content/drive/MyDrive/StoneSense-Training/processed_grouped/processed_grouped/test/Cyst/Cyst- (2939).jpg,0,0,0.9999774694442749,8.260685291361369e-08,1.269696258532349e-05,9.59856879489962e-06
/content/drive/MyDrive/StoneSense-Training/processed_grouped/processed_grouped/test/Cyst/Cyst- (2940).jpg,0,0,0.9999206066131592,3.244681749947631e-07,5.054822395322844e-06,7.401625043712556e-05
/content/drive/MyDrive/StoneSense-Training/processed_grouped/processed_grouped/test/Cyst/Cyst- (2941).jpg,0,0,0.999852180480957,4.0228781017503934e-07,1.3381508324528113e-05,0.00013409058738034219
/content/drive/MyDrive/StoneSense-Training/processed_grouped/processed_grouped/test/Cyst/Cyst- (2942).jpg,0,0,0.9961708188056946,7.345494850596879e-06,0.00016912822320591658,0.0036526785697788
/content/drive/MyDrive/StoneSense-Training/processed_grouped/processed_grouped/test/Cyst/Cyst- (2943).jpg,0,0,0.9907848834991455,8.863817129167728e-06,4.2431489418959245e-05,0.009163908660411835
/content/drive/MyDrive/StoneSense-Training/processed_grouped/processed_grouped/test/Cyst/Cyst- (2944).jpg,0,0,0.9992743134498596,1.2687909247688367e-06,6.659327937086346e-06,0.0007177366642281413
/content/drive/MyDrive/StoneSense-Training/processed_grouped/processed_grouped/test/Cyst/Cyst- (2945).jpg,0,0,0.9997327923774719,3.566101725027693e-07,1.8397421399640734e-06,0.0002649938687682152
/content/drive/MyDrive/StoneSense-Training/processed_grouped/processed_grouped/test/Cyst/Cyst- (2946).jpg,0,0,0.9998800754547119,4.164889162439067e-07,1.4278199387263157e-06,0.00011818026541732252
/content/drive/MyDrive/StoneSense-Training/processed_grouped/processed_grouped/test/Cyst/Cyst- (2947).jpg,0,0,0.9996740818023682,1.0458434189786203e-06,4.088153673365014e-06,0.0003208225825801492
/content/drive/MyDrive/StoneSense-Training/processed_grouped/processed_grouped/test/Cyst/Cyst- (2948).jpg,0,0,0.9991918206214905,1.377548869641032e-06,4.723550773633178e-06,0.0008020118111744523
/content/drive/MyDrive/StoneSense-Training/processed_grouped/processed_grouped/test/Cyst/Cyst- (2949).jpg,0,0,0.9999492168426514,6.366621363440572e-08,1.1130159691674635e-06,4.960158548783511e-05
/content/drive/MyDrive/StoneSense-Training/processed_grouped/processed_grouped/test/Cyst/Cyst- (2950).jpg,0,0,0.9996423721313477,1.1535751127667027e-06,1.0440768164698966e-05,0.00034591759322211146
/content/drive/MyDrive/StoneSense-Training/processed_grouped/processed_grouped/test/Cyst/Cyst- (2951).jpg,0,0,0.9996904134750366,1.1578806606848957e-06,1.5831854398129508e-05,0.0002925461158156395
/content/drive/MyDrive/StoneSense-Training/processed_grouped/processed_grouped/test/Cyst/Cyst- (2952).jpg,0,0,0.9992945194244385,5.237761342868907e-06,2.064307227556128e-05,0.0006795626250095665
/content/drive/MyDrive/StoneSense-Training/processed_grouped/processed_grouped/test/Cyst/Cyst- (2953).jpg,0,0,0.9991353154182434,2.245682026114082e-06,1.3435559594654478e-05,0.0008489401661790907
/content/drive/MyDrive/StoneSense-Training/processed_grouped/processed_grouped/test/Cyst/Cyst- (3).jpg,0,0,0.9142343997955322,4.446771129096305e-07,0.0857301577925682,3.49621768691577e-05
/content/drive/MyDrive/StoneSense-Training/processed_grouped/processed_grouped/test/Cyst/Cyst- (3154).jpg,0,0,0.7760931849479675,5.1562601584009826e-05,0.00737836305052042,0.2164769023656845
/content/drive/MyDrive/StoneSense-Training/processed_grouped/processed_grouped/test/Cyst/Cyst- (3155).jpg,0,0,0.901680588722229,3.823608949460322e-06,0.001110962824895978,0.09720446169376373
/content/drive/MyDrive/StoneSense-Training/processed_grouped/processed_grouped/test/Cyst/Cyst- (3185).jpg,0,0,0.9976676106452942,9.205914466292597e-06,0.0017311503179371357,0.0005920347175560892
/content/drive/MyDrive/StoneSense-Training/processed_grouped/processed_grouped/test/Cyst/Cyst- (3186).jpg,0,0,0.9990839958190918,2.358701522098272e-06,0.0005689666722901165,0.00034470713580958545
/content/drive/MyDrive/StoneSense-Training/processed_grouped/processed_grouped/test/Cyst/Cyst- (3187).jpg,0,0,0.9984164237976074,4.514324700721772e-06,0.0010673673823475838,0.0005116366664879024
/content/drive/MyDrive/StoneSense-Training/processed_grouped/processed_grouped/test/Cyst/Cyst- (3188).jpg,0,0,0.9959810972213745,1.746128191371099e-06,0.002323032356798649,0.0016940373461693525
/content/drive/MyDrive/StoneSense-Training/processed_grouped/processed_grouped/test/Cyst/Cyst- (3189).jpg,0,0,0.9977588653564453,1.5349581872214912e-06,0.0007222414133138955,0.0015173563733696938
/content/drive/MyDrive/StoneSense-Training/processed_grouped/processed_grouped/test/Cyst/Cyst- (3190).jpg,0,0,0.9991069436073303,1.5628690164248837e-07,0.00042936866520904005,0.00046358397230505943
/content/drive/MyDrive/StoneSense-Training/processed_grouped/processed_grouped/test/Cyst/Cyst- (3191).jpg,0,0,0.9968121647834778,2.5214438892362523e-07,0.0004048860282637179,0.0027826852165162563
/content/drive/MyDrive/StoneSense-Training/processed_grouped/processed_grouped/test/Cyst/Cyst- (3192).jpg,0,0,0.9994760155677795,7.492841973544273e-07,0.00018606788944453,0.00033721778891049325
/content/drive/MyDrive/StoneSense-Training/processed_grouped/processed_grouped/test/Cyst/Cyst- (3193).jpg,0,0,0.9963036775588989,4.624426139798743e-07,0.00043986356467939913,0.0032559751998633146
/content/drive/MyDrive/StoneSense-Training/processed_grouped/processed_grouped/test/Cyst/Cyst- (3194).jpg,0,0,0.9989362359046936,1.0441523556892207e-07,0.000569526688195765,0.0004940374055877328
/content/drive/MyDrive/StoneSense-Training/processed_grouped/processed_grouped/test/Cyst/Cyst- (3195).jpg,0,0,0.9956231713294983,4.226741566526471e-06,0.0009346615988761187,0.0034379586577415466
/content/drive/MyDrive/StoneSense-Training/processed_grouped/processed_grouped/test/Cyst/Cyst- (3196).jpg,0,0,0.9998321533203125,4.8646317196698874e-08,3.504944106680341e-05,0.00013283042062539607
/content/drive/MyDrive/StoneSense-Training/processed_grouped/processed_grouped/test/Cyst/Cyst- (3197).jpg,0,0,0.999823272228241,3.1744505690767255e-08,2.048814349109307e-05,0.0001562971738167107
/content/drive/MyDrive/StoneSense-Training/processed_grouped/processed_grouped/test/Cyst/Cyst- (3198).jpg,0,0,0.9998005032539368,9.159331071373344e-09,7.269794423336862e-06,0.00019226038421038538
/content/drive/MyDrive/StoneSense-Training/processed_grouped/processed_grouped/test/Cyst/Cyst- (3199).jpg,0,0,0.9998780488967896,4.101551809299053e-08,1.8673488739295863e-05,0.00010322571324650198
/content/drive/MyDrive/StoneSense-Training/processed_grouped/processed_grouped/test/Cyst/Cyst- (3200).jpg,0,0,0.9997369647026062,6.735798052659447e-08,8.283142960863188e-06,0.00025461456971243024
/content/drive/MyDrive/StoneSense-Training/processed_grouped/processed_grouped/test/Cyst/Cyst- (3201).jpg,0,0,0.9993162155151367,3.885646151502442e-07,4.983973667549435e-06,0.0006784392753615975
/content/drive/MyDrive/StoneSense-Training/processed_grouped/processed_grouped/test/Cyst/Cyst- (3202).jpg,0,0,0.9989960789680481,5.408388119576557e-07,5.4976376304693986e-06,0.0009978900197893381
/content/drive/MyDrive/StoneSense-Training/processed_grouped/processed_grouped/test/Cyst/Cyst- (3203).jpg,0,0,0.998873770236969,1.5958309518282476e-07,1.1484635251690634e-06,0.0011248588562011719
/content/drive/MyDrive/StoneSense-Training/processed_grouped/processed_grouped/test/Cyst/Cyst- (3204).jpg,0,0,0.9997854828834534,5.080621789943507e-08,2.5060938924070797e-07,0.00021433929214254022
/content/drive/MyDrive/StoneSense-Training/processed_grouped/processed_grouped/test/Cyst/Cyst- (3205).jpg,0,0,0.999942421913147,4.552416665859482e-09,2.5041623530341894e-07,5.737302853958681e-05
/content/drive/MyDrive/StoneSense-Training/processed_grouped/processed_grouped/test/Cyst/Cyst- (3206).jpg,0,0,0.9830695390701294,3.224331749152043e-06,3.227017259632703e-06,0.016923939809203148
/content/drive/MyDrive/StoneSense-Training/processed_grouped/processed_grouped/test/Cyst/Cyst- (324).jpg,0,0,0.9992644190788269,0.00010307257616659626,0.0005519451224245131,8.06433818070218e-05
/content/drive/MyDrive/StoneSense-Training/processed_grouped/processed_grouped/test/Cyst/Cyst- (325).jpg,0,0,0.9985322952270508,0.0005833661998622119,0.0008724161889404058,1.1858060133818071e-05
/content/drive/MyDrive/StoneSense-Training/processed_grouped/processed_grouped/test/Cyst/Cyst- (3251).jpg,0,0,0.9999682903289795,1.790053869021868e-11,1.0387957161128725e-07,3.163992005283944e-05
/content/drive/MyDrive/StoneSense-Training/processed_grouped/processed_grouped/test/Cyst/Cyst- (3252).jpg,0,0,0.999903678894043,7.764881793104195e-11,1.2629384649187614e-08,9.628990665078163e-05
/content/drive/MyDrive/StoneSense-Training/processed_grouped/processed_grouped/test/Cyst/Cyst- (3253).jpg,0,0,0.9993225336074829,3.4316649522025955e-10,1.186034950251269e-07,0.0006774064968340099
/content/drive/MyDrive/StoneSense-Training/processed_grouped/processed_grouped/test/Cyst/Cyst- (3254).jpg,0,0,0.9981718063354492,5.225294086308452e-10,1.7831101217780088e-07,0.001828106353059411
/content/drive/MyDrive/StoneSense-Training/processed_grouped/processed_grouped/test/Cyst/Cyst- (3255).jpg,0,0,0.9995406866073608,9.205594619920987e-10,1.481746352283153e-07,0.00045916950330138206
/content/drive/MyDrive/StoneSense-Training/processed_grouped/processed_grouped/test/Cyst/Cyst- (3256).jpg,0,0,0.9998363256454468,1.6104904909663986e-10,4.484802218485129e-08,0.00016370210505556315
/content/drive/MyDrive/StoneSense-Training/processed_grouped/processed_grouped/test/Cyst/Cyst- (3257).jpg,0,0,0.9996182918548584,3.308898988141351e-10,3.079887562762451e-07,0.00038130124448798597
/content/drive/MyDrive/StoneSense-Training/processed_grouped/processed_grouped/test/Cyst/Cyst- (3258).jpg,0,0,0.9971087574958801,1.2377627811588354e-09,1.3034578216775117e-07,0.0028911693952977657
/content/drive/MyDrive/StoneSense-Training/processed_grouped/processed_grouped/test/Cyst/Cyst- (3259).jpg,0,0,0.9975318908691406,1.426767592960232e-09,2.0158392999292118e-07,0.0024679016787558794
/content/drive/MyDrive/StoneSense-Training/processed_grouped/processed_grouped/test/Cyst/Cyst- (326).jpg,0,0,0.9970360994338989,0.0015949881635606289,0.0012188726104795933,0.0001500209327787161
/content/drive/MyDrive/StoneSense-Training/processed_grouped/processed_grouped/test/Cyst/Cyst- (3260).jpg,0,0,0.9957221746444702,3.05838643299694e-09,3.3339819083266775e-07,0.004277453292161226
/content/drive/MyDrive/StoneSense-Training/processed_grouped/processed_grouped/test/Cyst/Cyst- (3261).jpg,0,0,0.9894517064094543,6.3853331511154465e-09,1.8316877969937195e-07,0.010548067279160023
/content/drive/MyDrive/StoneSense-Training/processed_grouped/processed_grouped/test/Cyst/Cyst- (3262).jpg,0,0,0.9979320764541626,5.769255295717812e-09,1.9205099732744202e-08,0.002067896304652095
/content/drive/MyDrive/StoneSense-Training/processed_grouped/processed_grouped/test/Cyst/Cyst- (3263).jpg,0,0,0.9993113279342651,6.939100405389809e-10,6.898060456173027e-10,0.0006886378978379071
/content/drive/MyDrive/StoneSense-Training/processed_grouped/processed_grouped/test/Cyst/Cyst- (3264).jpg,0,0,0.999591052532196,4.606056924760793e-10,2.659632070134421e-09,0.00040900270687416196
/content/drive/MyDrive/StoneSense-Training/processed_grouped/processed_grouped/test/Cyst/Cyst- (3265).jpg,0,0,0.9985145926475525,7.830103787576093e-10,3.8914979683113415e-08,0.0014854032779112458
/content/drive/MyDrive/StoneSense-Training/processed_grouped/processed_grouped/test/Cyst/Cyst- (3266).jpg,0,0,0.9910184144973755,4.1743382084291625e-09,7.345055763607888e-08,0.008981487713754177
/content/drive/MyDrive/StoneSense-Training/processed_grouped/processed_grouped/test/Cyst/Cyst- (3267).jpg,0,0,0.9835383892059326,8.550981256405521e-09,2.1555722184984916e-07,0.016461363062262535
/content/drive/MyDrive/StoneSense-Training/processed_grouped/processed_grouped/test/Cyst/Cyst- (327).jpg,0,0,0.9961031675338745,0.0027369922026991844,0.00111508893314749,4.474399611353874e-05
/content/drive/MyDrive/StoneSense-Training/processed_grouped/processed_grouped/test/Cyst/Cyst- (3271).jpg,0,0,0.9962041974067688,2.94446590487496e-06,2.3134180082706735e-06,0.003790609072893858
/content/drive/MyDrive/StoneSense-Training/processed_grouped/processed_grouped/test/Cyst/Cyst- (3272).jpg,0,0,0.9995736479759216,1.1292670620832723e-07,9.697525911178673e-07,0.00042525591561570764
/content/drive/MyDrive/StoneSense-Training/processed_grouped/processed_grouped/test/Cyst/Cyst- (3375).jpg,0,0,0.9116687774658203,0.00018767321307677776,5.898756967326335e-07,0.08814305067062378
/content/drive/MyDrive/StoneSense-Training/processed_grouped/processed_grouped/test/Cyst/Cyst- (3376).jpg,0,0,0.9798230528831482,1.5058828921610257e-06,2.8624011605415944e-08,0.020175432786345482
/content/drive/MyDrive/StoneSense-Training/processed_grouped/processed_grouped/test/Cyst/Cyst- (3377).jpg,0,0,0.9992988109588623,1.4848212437357233e-08,3.692003645028308e-07,0.0007008570246398449
/content/drive/MyDrive/StoneSense-Training/processed_grouped/processed_grouped/test/Cyst/Cyst- (3378).jpg,0,0,0.999470055103302,2.0925026156248805e-09,2.5877392673123722e-08,0.0005299581098370254
/content/drive/MyDrive/StoneSense-Training/processed_grouped/processed_grouped/test/Cyst/Cyst- (3379).jpg,0,0,0.9991946816444397,2.4657140773598485e-09,6.396880802839178e-09,0.0008052932098507881
/content/drive/MyDrive/StoneSense-Training/processed_grouped/processed_grouped/test/Cyst/Cyst- (3396).jpg,0,0,0.9999808073043823,7.893741127418252e-08,1.6422561088802468e-07,1.893027001642622e-05
/content/drive/MyDrive/StoneSense-Training/processed_grouped/processed_grouped/test/Cyst/Cyst- (3397).jpg,0,0,0.999962329864502,3.1162423397290695e-07,9.827509757087682e-07,3.637465852079913e-05
/content/drive/MyDrive/StoneSense-Training/processed_grouped/processed_grouped/test/Cyst/Cyst- (3398).jpg,0,0,0.9999269247055054,1.8721620165251807e-07,4.987544457435433e-07,7.232508505694568e-05
/content/drive/MyDrive/StoneSense-Training/processed_grouped/processed_grouped/test/Cyst/Cyst- (3399).jpg,0,0,0.9996590614318848,1.318048532539251e-07,1.1924652199013508e-06,0.000339647987857461
/content/drive/MyDrive/StoneSense-Training/processed_grouped/processed_grouped/test/Cyst/Cyst- (3400).jpg,0,0,0.9997912049293518,8.764972676544858e-07,3.5302525702718413e-06,0.00020442978711798787
/content/drive/MyDrive/StoneSense-Training/processed_grouped/processed_grouped/test/Cyst/Cyst- (3401).jpg,0,0,0.9999910593032837,6.409472774748792e-08,2.123728336300701e-06,6.709834906359902e-06
/content/drive/MyDrive/StoneSense-Training/processed_grouped/processed_grouped/test/Cyst/Cyst- (3402).jpg,0,0,0.999991774559021,2.6991236268258945e-07,1.3582748579210602e-06,6.617472081416054e-06
/content/drive/MyDrive/StoneSense-Training/processed_grouped/processed_grouped/test/Cyst/Cyst- (3406).jpg,0,0,0.9944437146186829,3.7287099985405803e-06,0.00023233881802298129,0.005320287309587002
/content/drive/MyDrive/StoneSense-Training/processed_grouped/processed_grouped/test/Cyst/Cyst- (3407).jpg,0,0,0.9881617426872253,4.492192147154128e-06,0.00022743707813788205,0.011606317944824696
/content/drive/MyDrive/StoneSense-Training/processed_grouped/processed_grouped/test/Cyst/Cyst- (3408).jpg,0,0,0.998416543006897,3.108804776275065e-06,4.2352847231086344e-05,0.0015380060067400336
/content/drive/MyDrive/StoneSense-Training/processed_grouped/processed_grouped/test/Cyst/Cyst- (3409).jpg,0,0,0.9998328685760498,3.354076909545256e-07,7.136193744372576e-05,9.537059668218717e-05
/content/drive/MyDrive/StoneSense-Training/processed_grouped/processed_grouped/test/Cyst/Cyst- (3410).jpg,0,0,0.9999397993087769,4.886414117777349e-08,1.7255795683013275e-05,4.2939944250974804e-05
/content/drive/MyDrive/StoneSense-Training/processed_grouped/processed_grouped/test/Cyst/Cyst- (3420).jpg,0,0,0.9944437146186829,3.7287099985405803e-06,0.00023233881802298129,0.005320287309587002
/content/drive/MyDrive/StoneSense-Training/processed_grouped/processed_grouped/test/Cyst/Cyst- (3421).jpg,0,0,0.9881617426872253,4.492192147154128e-06,0.00022743707813788205,0.011606317944824696
/content/drive/MyDrive/StoneSense-Training/processed_grouped/processed_grouped/test/Cyst/Cyst- (3422).jpg,0,0,0.998416543006897,3.108804776275065e-06,4.2352847231086344e-05,0.0015380060067400336
/content/drive/MyDrive/StoneSense-Training/processed_grouped/processed_grouped/test/Cyst/Cyst- (3423).jpg,0,0,0.9998328685760498,3.354076909545256e-07,7.136193744372576e-05,9.537059668218717e-05
/content/drive/MyDrive/StoneSense-Training/processed_grouped/processed_grouped/test/Cyst/Cyst- (3424).jpg,0,0,0.9999397993087769,4.886414117777349e-08,1.7255795683013275e-05,4.2939944250974804e-05
/content/drive/MyDrive/StoneSense-Training/processed_grouped/processed_grouped/test/Cyst/Cyst- (3484).jpg,0,0,0.9988777041435242,1.798255411245009e-08,0.0005534951924346387,0.0005687721422873437
/content/drive/MyDrive/StoneSense-Training/processed_grouped/processed_grouped/test/Cyst/Cyst- (3485).jpg,0,0,0.9997276663780212,2.2899346863169967e-09,6.211559957591817e-05,0.00021020046551711857
/content/drive/MyDrive/StoneSense-Training/processed_grouped/processed_grouped/test/Cyst/Cyst- (3486).jpg,0,0,0.9999547004699707,8.985645005843423e-10,1.2094461453671101e-05,3.3309683203697205e-05
/content/drive/MyDrive/StoneSense-Training/processed_grouped/processed_grouped/test/Cyst/Cyst- (3602).jpg,0,0,0.8937221169471741,8.898735472939734e-07,0.10623016953468323,4.688391709350981e-05
/content/drive/MyDrive/StoneSense-Training/processed_grouped/processed_grouped/test/Cyst/Cyst- (3703).jpg,0,0,0.9999371767044067,7.156921277839956e-09,4.205721052130684e-05,2.0745699657709338e-05
/content/drive/MyDrive/StoneSense-Training/processed_grouped/processed_grouped/test/Cyst/Cyst- (3704).jpg,0,0,0.9999384880065918,7.283472491792509e-09,4.183576675131917e-05,1.9673867427627556e-05
/content/drive/MyDrive/StoneSense-Training/processed_grouped/processed_grouped/test/Cyst/Cyst- (3705).jpg,0,0,0.9999468326568604,2.18945950258842e-09,3.5730583476834e-05,1.7453798136557452e-05
/content/drive/MyDrive/StoneSense-Training/processed_grouped/processed_grouped/test/Cyst/Cyst- (3706).jpg,0,0,0.9999022483825684,1.1545496114706566e-08,5.7008412113646045e-05,4.0754395740805194e-05
/content/drive/MyDrive/StoneSense-Training/processed_grouped/processed_grouped/test/Cyst/Cyst- (3707).jpg,0,0,0.9998700618743896,4.158280830779404e-08,2.4802173356874846e-05,0.00010513020970392972
/content/drive/MyDrive/StoneSense-Training/processed_grouped/processed_grouped/test/Cyst/Cyst- (3708).jpg,0,0,0.9998977184295654,7.033618487639615e-08,6.65902234686655e-06,9.54751594690606e-05
/content/drive/MyDrive/StoneSense-Training/processed_grouped/processed_grouped/test/Cyst/Cyst- (3709).jpg,0,0,0.9999464750289917,2.7044830375189122e-08,1.0865722288144752e-05,4.2631432734197006e-05
/content/drive/MyDrive/StoneSense-Training/processed_grouped/processed_grouped/test/Cyst/Cyst- (4).jpg,0,0,0.8223254084587097,2.703026780181972e-07,0.17750805616378784,0.000166233119671233
/content/drive/MyDrive/StoneSense-Training/processed_grouped/processed_grouped/test/Cyst/Cyst- (488).jpg,0,0,0.9041746854782104,1.0578611181699671e-05,0.09581464529037476,1.0210820988731939e-07
/content/drive/MyDrive/StoneSense-Training/processed_grouped/processed_grouped/test/Cyst/Cyst- (489).jpg,0,0,0.6636854410171509,5.844203042215668e-05,0.33625587821006775,2.4773328277660767e-07
/content/drive/MyDrive/StoneSense-Training/processed_grouped/processed_grouped/test/Cyst/Cyst- (490).jpg,0,0,0.665354311466217,1.9374510884517804e-05,0.3346259593963623,3.7243520978336164e-07
/content/drive/MyDrive/StoneSense-Training/processed_grouped/processed_grouped/test/Cyst/Cyst- (491).jpg,0,0,0.8857353329658508,2.4859080440364778e-05,0.11423978954553604,1.5459630731129437e-07
/content/drive/MyDrive/StoneSense-Training/processed_grouped/processed_grouped/test/Cyst/Cyst- (492).jpg,0,0,0.8726652264595032,6.245930126169696e-05,0.12727220356464386,1.010345940244406e-07
/content/drive/MyDrive/StoneSense-Training/processed_grouped/processed_grouped/test/Cyst/Cyst- (493).jpg,0,0,0.7586883902549744,2.8723545256070793e-05,0.2412819117307663,8.83754125879932e-07
/content/drive/MyDrive/StoneSense-Training/processed_grouped/processed_grouped/test/Cyst/Cyst- (494).jpg,0,0,0.9083337783813477,5.456351573229767e-06,0.09166058152914047,2.67007322918289e-07
/content/drive/MyDrive/StoneSense-Training/processed_grouped/processed_grouped/test/Cyst/Cyst- (495).jpg,0,0,0.9386451840400696,9.132339073403273e-06,0.061345260590314865,4.579073333843553e-07
/content/drive/MyDrive/StoneSense-Training/processed_grouped/processed_grouped/test/Cyst/Cyst- (496).jpg,0,0,0.9603552222251892,1.7922317283591838e-06,0.03964213281869888,7.501475920435041e-07
/content/drive/MyDrive/StoneSense-Training/processed_grouped/processed_grouped/test/Cyst/Cyst- (497).jpg,0,0,0.9238744378089905,9.675155524746515e-06,0.07611467689275742,1.2045168205077061e-06
/content/drive/MyDrive/StoneSense-Training/processed_grouped/processed_grouped/test/Cyst/Cyst- (498).jpg,0,0,0.9761896133422852,7.225239096442237e-05,0.02373107336461544,7.0512292040803e-06
/content/drive/MyDrive/StoneSense-Training/processed_grouped/processed_grouped/test/Cyst/Cyst- (499).jpg,0,0,0.9992092847824097,6.066265996196307e-06,0.0007840856560505927,4.3481449552018603e-07
/content/drive/MyDrive/StoneSense-Training/processed_grouped/processed_grouped/test/Cyst/Cyst- (5).jpg,0,0,0.8402537703514099,5.126721589476801e-07,0.15958091616630554,0.00016480230260640383
/content/drive/MyDrive/StoneSense-Training/processed_grouped/processed_grouped/test/Cyst/Cyst- (500).jpg,0,0,0.9975942969322205,1.290342061111005e-05,0.002392211928963661,5.148281161382329e-07
/content/drive/MyDrive/StoneSense-Training/processed_grouped/processed_grouped/test/Cyst/Cyst- (501).jpg,0,0,0.998016357421875,2.0626068362616934e-05,0.0019625790882855654,4.3388345716266485e-07
/content/drive/MyDrive/StoneSense-Training/processed_grouped/processed_grouped/test/Cyst/Cyst- (502).jpg,0,0,0.9980835914611816,2.691915142349899e-06,0.0019131348235532641,5.378872174333083e-07
/content/drive/MyDrive/StoneSense-Training/processed_grouped/processed_grouped/test/Cyst/Cyst- (503).jpg,0,0,0.9990174770355225,3.858755462715635e-06,0.0009782937122508883,3.1113393106352305e-07
/content/drive/MyDrive/StoneSense-Training/processed_grouped/processed_grouped/test/Cyst/Cyst- (504).jpg,0,0,0.9940186738967896,2.5712637579999864e-05,0.0059500932693481445,5.527696430362994e-06
/content/drive/MyDrive/StoneSense-Training/processed_grouped/processed_grouped/test/Cyst/Cyst- (505).jpg,0,0,0.9874048829078674,4.903266017208807e-05,0.01253623515367508,9.713213330542203e-06
/content/drive/MyDrive/StoneSense-Training/processed_grouped/processed_grouped/test/Cyst/Cyst- (506).jpg,0,0,0.9867510199546814,1.9799375877482817e-05,0.013213343918323517,1.5882624211371876e-05
/content/drive/MyDrive/StoneSense-Training/processed_grouped/processed_grouped/test/Cyst/Cyst- (507).jpg,0,0,0.9897993803024292,1.2860820788773708e-05,0.010181009769439697,6.67924950903398e-06
/content/drive/MyDrive/StoneSense-Training/processed_grouped/processed_grouped/test/Cyst/Cyst- (508).jpg,0,0,0.9745457172393799,3.594136069295928e-05,0.025391215458512306,2.7219473849982023e-05
/content/drive/MyDrive/StoneSense-Training/processed_grouped/processed_grouped/test/Cyst/Cyst- (509).jpg,0,0,0.9598552584648132,4.84055963170249e-05,0.040083859115839005,1.2427983165252954e-05
/content/drive/MyDrive/StoneSense-Training/processed_grouped/processed_grouped/test/Cyst/Cyst- (510).jpg,0,0,0.9816681742668152,9.818772923608776e-06,0.01831703819334507,4.9530067371961195e-06
/content/drive/MyDrive/StoneSense-Training/processed_grouped/processed_grouped/test/Cyst/Cyst- (511).jpg,0,0,0.9555305242538452,5.795338438474573e-06,0.044459279626607895,4.428642114362447e-06
/content/drive/MyDrive/StoneSense-Training/processed_grouped/processed_grouped/test/Cyst/Cyst- (512).jpg,0,0,0.9864588379859924,2.0704665075754747e-05,0.013514650985598564,5.836939635628369e-06
/content/drive/MyDrive/StoneSense-Training/processed_grouped/processed_grouped/test/Cyst/Cyst- (543).jpg,0,0,0.9360718727111816,0.014239182695746422,0.0027508982457220554,0.04693812131881714
/content/drive/MyDrive/StoneSense-Training/processed_grouped/processed_grouped/test/Cyst/Cyst- (544).jpg,0,0,0.9723404049873352,0.014640730805695057,0.002765124198049307,0.01025377307087183
/content/drive/MyDrive/StoneSense-Training/processed_grouped/processed_grouped/test/Cyst/Cyst- (56).jpg,0,0,0.9972493052482605,4.848354961950463e-08,0.0006355335935950279,0.0021151346154510975
/content/drive/MyDrive/StoneSense-Training/processed_grouped/processed_grouped/test/Cyst/Cyst- (564).jpg,0,0,0.9968729615211487,1.5855457604629919e-06,0.0028435594867914915,0.000282032648101449
/content/drive/MyDrive/StoneSense-Training/processed_grouped/processed_grouped/test/Cyst/Cyst- (565).jpg,0,0,0.9981809854507446,3.053965258459357e-07,0.0017668382497504354,5.187806527828798e-05
/content/drive/MyDrive/StoneSense-Training/processed_grouped/processed_grouped/test/Cyst/Cyst- (566).jpg,0,0,0.9968951940536499,5.872250952165814e-08,0.00307981064543128,2.50019602390239e-05
/content/drive/MyDrive/StoneSense-Training/processed_grouped/processed_grouped/test/Cyst/Cyst- (567).jpg,0,0,0.9995074272155762,2.9622921005056924e-08,0.00048155905096791685,1.0913841833826154e-05
/content/drive/MyDrive/StoneSense-Training/processed_grouped/processed_grouped/test/Cyst/Cyst- (568).jpg,0,0,0.9987285733222961,3.2881683864616207e-07,0.0012149036629125476,5.6201355619123206e-05
/content/drive/MyDrive/StoneSense-Training/processed_grouped/processed_grouped/test/Cyst/Cyst- (569).jpg,0,0,0.992527961730957,7.25085271824355e-07,0.007415811065584421,5.544511441257782e-05
/content/drive/MyDrive/StoneSense-Training/processed_grouped/processed_grouped/test/Cyst/Cyst- (57).jpg,0,0,0.9950951337814331,2.0171880521502317e-07,0.0008330998243764043,0.00407155929133296
/content/drive/MyDrive/StoneSense-Training/processed_grouped/processed_grouped/test/Cyst/Cyst- (570).jpg,0,0,0.9952320456504822,6.397200422725291e-07,0.004737203940749168,3.0156199500197545e-05
/content/drive/MyDrive/StoneSense-Training/processed_grouped/processed_grouped/test/Cyst/Cyst- (571).jpg,0,0,0.9765309691429138,3.973092134401668e-06,0.02336203120648861,0.00010306974581908435
/content/drive/MyDrive/StoneSense-Training/processed_grouped/processed_grouped/test/Cyst/Cyst- (572).jpg,0,0,0.95536869764328,3.177759936079383e-06,0.04456140473484993,6.669190770480782e-05
/content/drive/MyDrive/StoneSense-Training/processed_grouped/processed_grouped/test/Cyst/Cyst- (573).jpg,0,0,0.8405668139457703,3.7375464216893306e-06,0.15932948887348175,0.00010001320333685726
/content/drive/MyDrive/StoneSense-Training/processed_grouped/processed_grouped/test/Cyst/Cyst- (574).jpg,0,0,0.7556062936782837,1.4629115412390092e-06,0.2440716028213501,0.0003206410037819296
/content/drive/MyDrive/StoneSense-Training/processed_grouped/processed_grouped/test/Cyst/Cyst- (575).jpg,0,0,0.6823302507400513,1.3026125088799745e-05,0.3167937099933624,0.0008630773518234491
/content/drive/MyDrive/StoneSense-Training/processed_grouped/processed_grouped/test/Cyst/Cyst- (576).jpg,0,2,0.23387503623962402,0.0002112692891387269,0.7608372569084167,0.005076409783214331
/content/drive/MyDrive/StoneSense-Training/processed_grouped/processed_grouped/test/Cyst/Cyst- (577).jpg,0,2,0.49037641286849976,0.0007951540756039321,0.5024105310440063,0.006417923141270876
/content/drive/MyDrive/StoneSense-Training/processed_grouped/processed_grouped/test/Cyst/Cyst- (578).jpg,0,0,0.9010474681854248,0.0002651889226399362,0.09536436945199966,0.0033229247201234102
/content/drive/MyDrive/StoneSense-Training/processed_grouped/processed_grouped/test/Cyst/Cyst- (579).jpg,0,0,0.6285218000411987,0.0003560977929737419,0.3645716905593872,0.006550343707203865
/content/drive/MyDrive/StoneSense-Training/processed_grouped/processed_grouped/test/Cyst/Cyst- (58).jpg,0,0,0.9997910857200623,5.0874260359989876e-09,4.850023105973378e-05,0.00016043733921833336
/content/drive/MyDrive/StoneSense-Training/processed_grouped/processed_grouped/test/Cyst/Cyst- (580).jpg,0,0,0.6483214497566223,0.00010714446398196742,0.34718191623687744,0.0043894946575164795
/content/drive/MyDrive/StoneSense-Training/processed_grouped/processed_grouped/test/Cyst/Cyst- (581).jpg,0,0,0.7038735151290894,3.315819049021229e-05,0.2938949167728424,0.002198499394580722
/content/drive/MyDrive/StoneSense-Training/processed_grouped/processed_grouped/test/Cyst/Cyst- (582).jpg,0,0,0.8306204080581665,0.00019126097322441638,0.1666276603937149,0.0025606914423406124
/content/drive/MyDrive/StoneSense-Training/processed_grouped/processed_grouped/test/Cyst/Cyst- (583).jpg,0,0,0.9610776901245117,0.0003088359662797302,0.03792895749211311,0.0006844275631010532
/content/drive/MyDrive/StoneSense-Training/processed_grouped/processed_grouped/test/Cyst/Cyst- (584).jpg,0,0,0.949619472026825,3.333922359161079e-05,0.049880500882864,0.00046665468835271895
/content/drive/MyDrive/StoneSense-Training/processed_grouped/processed_grouped/test/Cyst/Cyst- (585).jpg,0,0,0.8853859901428223,1.220745161845116e-05,0.1135873794555664,0.0010144147090613842
/content/drive/MyDrive/StoneSense-Training/processed_grouped/processed_grouped/test/Cyst/Cyst- (586).jpg,0,0,0.9855844378471375,1.0921581861111918e-06,0.014189682900905609,0.00022474095749203116
/content/drive/MyDrive/StoneSense-Training/processed_grouped/processed_grouped/test/Cyst/Cyst- (587).jpg,0,0,0.9992133378982544,6.876850306980486e-07,0.000676764699164778,0.00010905404633376747
/content/drive/MyDrive/StoneSense-Training/processed_grouped/processed_grouped/test/Cyst/Cyst- (588).jpg,0,0,0.9993071556091309,4.281222061308654e-07,0.0006553078419528902,3.708553049364127e-05
/content/drive/MyDrive/StoneSense-Training/processed_grouped/processed_grouped/test/Cyst/Cyst- (589).jpg,0,0,0.998248815536499,2.5416684934498335e-07,0.0017159470589831471,3.499120066408068e-05
/content/drive/MyDrive/StoneSense-Training/processed_grouped/processed_grouped/test/Cyst/Cyst- (59).jpg,0,0,0.9999685287475586,6.291147047754464e-10,6.593330908799544e-06,2.4931425286922604e-05
/content/drive/MyDrive/StoneSense-Training/processed_grouped/processed_grouped/test/Cyst/Cyst- (590).jpg,0,0,0.9960008263587952,2.6678404196900374e-07,0.0039632366970181465,3.557234595064074e-05
/content/drive/MyDrive/StoneSense-Training/processed_grouped/processed_grouped/test/Cyst/Cyst- (6).jpg,0,0,0.9407960772514343,1.902455437630124e-07,0.059046074748039246,0.00015769241144880652
/content/drive/MyDrive/StoneSense-Training/processed_grouped/processed_grouped/test/Cyst/Cyst- (60).jpg,0,0,0.9982659220695496,5.098102064948762e-07,2.8029393433826044e-05,0.0017055511707440019
/content/drive/MyDrive/StoneSense-Training/processed_grouped/processed_grouped/test/Cyst/Cyst- (607).jpg,0,0,0.9968729615211487,1.5855457604629919e-06,0.0028435594867914915,0.000282032648101449
/content/drive/MyDrive/StoneSense-Training/processed_grouped/processed_grouped/test/Cyst/Cyst- (608).jpg,0,0,0.9981809854507446,3.053965258459357e-07,0.0017668382497504354,5.187806527828798e-05
/content/drive/MyDrive/StoneSense-Training/processed_grouped/processed_grouped/test/Cyst/Cyst- (609).jpg,0,0,0.9968951940536499,5.872250952165814e-08,0.00307981064543128,2.50019602390239e-05
/content/drive/MyDrive/StoneSense-Training/processed_grouped/processed_grouped/test/Cyst/Cyst- (61).jpg,0,0,0.9996961355209351,1.5971781408552488e-07,1.6850783140398562e-05,0.00028699610265903175
/content/drive/MyDrive/StoneSense-Training/processed_grouped/processed_grouped/test/Cyst/Cyst- (610).jpg,0,0,0.9995074272155762,2.9622921005056924e-08,0.00048155905096791685,1.0913841833826154e-05
/content/drive/MyDrive/StoneSense-Training/processed_grouped/processed_grouped/test/Cyst/Cyst- (611).jpg,0,0,0.9987285733222961,3.2881683864616207e-07,0.0012149036629125476,5.6201355619123206e-05
/content/drive/MyDrive/StoneSense-Training/processed_grouped/processed_grouped/test/Cyst/Cyst- (612).jpg,0,0,0.992527961730957,7.25085271824355e-07,0.007415811065584421,5.544511441257782e-05
/content/drive/MyDrive/StoneSense-Training/processed_grouped/processed_grouped/test/Cyst/Cyst- (613).jpg,0,0,0.9952320456504822,6.397200422725291e-07,0.004737203940749168,3.0156199500197545e-05
/content/drive/MyDrive/StoneSense-Training/processed_grouped/processed_grouped/test/Cyst/Cyst- (614).jpg,0,0,0.9765309691429138,3.973092134401668e-06,0.02336203120648861,0.00010306974581908435
/content/drive/MyDrive/StoneSense-Training/processed_grouped/processed_grouped/test/Cyst/Cyst- (615).jpg,0,0,0.95536869764328,3.177759936079383e-06,0.04456140473484993,6.669190770480782e-05
/content/drive/MyDrive/StoneSense-Training/processed_grouped/processed_grouped/test/Cyst/Cyst- (616).jpg,0,0,0.8405668139457703,3.7375464216893306e-06,0.15932948887348175,0.00010001320333685726
/content/drive/MyDrive/StoneSense-Training/processed_grouped/processed_grouped/test/Cyst/Cyst- (617).jpg,0,0,0.7556062936782837,1.4629115412390092e-06,0.2440716028213501,0.0003206410037819296
/content/drive/MyDrive/StoneSense-Training/processed_grouped/processed_grouped/test/Cyst/Cyst- (618).jpg,0,0,0.6823302507400513,1.3026125088799745e-05,0.3167937099933624,0.0008630773518234491
/content/drive/MyDrive/StoneSense-Training/processed_grouped/processed_grouped/test/Cyst/Cyst- (619).jpg,0,2,0.23387503623962402,0.0002112692891387269,0.7608372569084167,0.005076409783214331
/content/drive/MyDrive/StoneSense-Training/processed_grouped/processed_grouped/test/Cyst/Cyst- (62).jpg,0,0,0.9999402761459351,8.282460051134422e-09,1.8159571482101455e-05,4.164246638538316e-05
/content/drive/MyDrive/StoneSense-Training/processed_grouped/processed_grouped/test/Cyst/Cyst- (620).jpg,0,2,0.49037641286849976,0.0007951540756039321,0.5024105310440063,0.006417923141270876
/content/drive/MyDrive/StoneSense-Training/processed_grouped/processed_grouped/test/Cyst/Cyst- (621).jpg,0,0,0.9010474681854248,0.0002651889226399362,0.09536436945199966,0.0033229247201234102
/content/drive/MyDrive/StoneSense-Training/processed_grouped/processed_grouped/test/Cyst/Cyst- (622).jpg,0,0,0.6285218000411987,0.0003560977929737419,0.3645716905593872,0.006550343707203865
/content/drive/MyDrive/StoneSense-Training/processed_grouped/processed_grouped/test/Cyst/Cyst- (623).jpg,0,0,0.6483214497566223,0.00010714446398196742,0.34718191623687744,0.0043894946575164795
/content/drive/MyDrive/StoneSense-Training/processed_grouped/processed_grouped/test/Cyst/Cyst- (624).jpg,0,0,0.7038735151290894,3.315819049021229e-05,0.2938949167728424,0.002198499394580722
/content/drive/MyDrive/StoneSense-Training/processed_grouped/processed_grouped/test/Cyst/Cyst- (625).jpg,0,0,0.8306204080581665,0.00019126097322441638,0.1666276603937149,0.0025606914423406124
/content/drive/MyDrive/StoneSense-Training/processed_grouped/processed_grouped/test/Cyst/Cyst- (626).jpg,0,0,0.9610776901245117,0.0003088359662797302,0.03792895749211311,0.0006844275631010532
/content/drive/MyDrive/StoneSense-Training/processed_grouped/processed_grouped/test/Cyst/Cyst- (627).jpg,0,0,0.949619472026825,3.333922359161079e-05,0.049880500882864,0.00046665468835271895
/content/drive/MyDrive/StoneSense-Training/processed_grouped/processed_grouped/test/Cyst/Cyst- (628).jpg,0,0,0.8853859901428223,1.220745161845116e-05,0.1135873794555664,0.0010144147090613842
/content/drive/MyDrive/StoneSense-Training/processed_grouped/processed_grouped/test/Cyst/Cyst- (629).jpg,0,0,0.9855844378471375,1.0921581861111918e-06,0.014189682900905609,0.00022474095749203116
/content/drive/MyDrive/StoneSense-Training/processed_grouped/processed_grouped/test/Cyst/Cyst- (63).jpg,0,0,0.9992672801017761,7.519309264125695e-08,0.0002430880267638713,0.0004894494777545333
/content/drive/MyDrive/StoneSense-Training/processed_grouped/processed_grouped/test/Cyst/Cyst- (630).jpg,0,0,0.9992133378982544,6.876850306980486e-07,0.000676764699164778,0.00010905404633376747
/content/drive/MyDrive/StoneSense-Training/processed_grouped/processed_grouped/test/Cyst/Cyst- (631).jpg,0,0,0.9993071556091309,4.281222061308654e-07,0.0006553078419528902,3.708553049364127e-05
/content/drive/MyDrive/StoneSense-Training/processed_grouped/processed_grouped/test/Cyst/Cyst- (632).jpg,0,0,0.998248815536499,2.5416684934498335e-07,0.0017159470589831471,3.499120066408068e-05
/content/drive/MyDrive/StoneSense-Training/processed_grouped/processed_grouped/test/Cyst/Cyst- (633).jpg,0,0,0.9960008263587952,2.6678404196900374e-07,0.0039632366970181465,3.557234595064074e-05
/content/drive/MyDrive/StoneSense-Training/processed_grouped/processed_grouped/test/Cyst/Cyst- (698).jpg,0,0,0.9999089241027832,5.815506028739037e-06,8.523262658854946e-05,3.7235178496075605e-08
/content/drive/MyDrive/StoneSense-Training/processed_grouped/processed_grouped/test/Cyst/Cyst- (7).jpg,0,0,0.9799392223358154,2.2941861743674963e-08,0.02003067545592785,3.013091190950945e-05
/content/drive/MyDrive/StoneSense-Training/processed_grouped/processed_grouped/test/Cyst/Cyst- (709).jpg,0,0,0.9997044205665588,2.3642379165522698e-09,0.0002954081865027547,1.1354983797673412e-07
/content/drive/MyDrive/StoneSense-Training/processed_grouped/processed_grouped/test/Cyst/Cyst- (710).jpg,0,0,0.999606192111969,1.1866946536542855e-08,0.00039364624535664916,1.9576718557345885e-07
/content/drive/MyDrive/StoneSense-Training/processed_grouped/processed_grouped/test/Cyst/Cyst- (711).jpg,0,0,0.9999303817749023,1.4679788495897128e-09,6.936494173714891e-05,2.0233414943504613e-07
/content/drive/MyDrive/StoneSense-Training/processed_grouped/processed_grouped/test/Cyst/Cyst- (712).jpg,0,0,0.9997743964195251,2.2627402174180133e-09,0.00022524847008753568,4.0452010807712213e-07
/content/drive/MyDrive/StoneSense-Training/processed_grouped/processed_grouped/test/Cyst/Cyst- (713).jpg,0,0,0.9994968175888062,1.51049199814679e-08,0.0005027575534768403,2.996997636728338e-07
/content/drive/MyDrive/StoneSense-Training/processed_grouped/processed_grouped/test/Cyst/Cyst- (714).jpg,0,0,0.9946934580802917,7.12469159225293e-08,0.00530600780621171,5.322945639818499e-07
/content/drive/MyDrive/StoneSense-Training/processed_grouped/processed_grouped/test/Cyst/Cyst- (715).jpg,0,0,0.9944230914115906,9.86334214303497e-09,0.005576911382377148,5.481398090978473e-08
/content/drive/MyDrive/StoneSense-Training/processed_grouped/processed_grouped/test/Cyst/Cyst- (716).jpg,0,0,0.9991672039031982,3.766494671708642e-09,0.0008327055838890374,1.0998244448501282e-07
/content/drive/MyDrive/StoneSense-Training/processed_grouped/processed_grouped/test/Cyst/Cyst- (717).jpg,0,0,0.9981415271759033,1.9303956211302875e-09,0.001858432311564684,9.94559101741288e-09
/content/drive/MyDrive/StoneSense-Training/processed_grouped/processed_grouped/test/Cyst/Cyst- (718).jpg,0,0,0.9977307915687561,1.388395509671625e-09,0.0022692084312438965,1.767736357294325e-08
/content/drive/MyDrive/StoneSense-Training/processed_grouped/processed_grouped/test/Cyst/Cyst- (719).jpg,0,0,0.9990044236183167,3.0923748006728147e-09,0.000995451700873673,1.6500987953804724e-07
/content/drive/MyDrive/StoneSense-Training/processed_grouped/processed_grouped/test/Cyst/Cyst- (720).jpg,0,0,0.9996485710144043,7.164670523529537e-10,0.00035130404285155237,7.267448154379963e-08
/content/drive/MyDrive/StoneSense-Training/processed_grouped/processed_grouped/test/Cyst/Cyst- (721).jpg,0,0,0.9998522996902466,9.480348450718878e-11,0.0001477188488934189,3.15554937735385e-09
/content/drive/MyDrive/StoneSense-Training/processed_grouped/processed_grouped/test/Cyst/Cyst- (722).jpg,0,0,0.9987565279006958,4.257226793313862e-10,0.0012434669770300388,3.4152833894296464e-09
/content/drive/MyDrive/StoneSense-Training/processed_grouped/processed_grouped/test/Cyst/Cyst- (723).jpg,0,0,0.9979895353317261,4.715676182875939e-10,0.0020104856230318546,1.827282436472899e-09
/content/drive/MyDrive/StoneSense-Training/processed_grouped/processed_grouped/test/Cyst/Cyst- (724).jpg,0,0,0.999286949634552,1.4420850069640778e-09,0.000713046349119395,3.543265592043099e-08
/content/drive/MyDrive/StoneSense-Training/processed_grouped/processed_grouped/test/Cyst/Cyst- (725).jpg,0,0,0.9998226761817932,1.714858699486399e-09,0.00017737335292622447,2.6770264227593543e-08
/content/drive/MyDrive/StoneSense-Training/processed_grouped/processed_grouped/test/Cyst/Cyst- (726).jpg,0,0,0.9998190999031067,1.0992653454167112e-09,0.00018080846348311752,9.356671881732836e-08
/content/drive/MyDrive/StoneSense-Training/processed_grouped/processed_grouped/test/Cyst/Cyst- (727).jpg,0,0,0.9998383522033691,9.270585188403402e-09,0.00016128931019920856,3.1022054258755816e-07
/content/drive/MyDrive/StoneSense-Training/processed_grouped/processed_grouped/test/Cyst/Cyst- (728).jpg,0,0,0.9998466968536377,3.071049192726605e-09,0.0001531755697214976,7.0875564972539e-08
/content/drive/MyDrive/StoneSense-Training/processed_grouped/processed_grouped/test/Cyst/Cyst- (729).jpg,0,0,0.9994974136352539,2.292107392776188e-09,0.0005025313585065305,5.2951662610212225e-08
/content/drive/MyDrive/StoneSense-Training/processed_grouped/processed_grouped/test/Cyst/Cyst- (730).jpg,0,0,0.9999061822891235,3.360025868648364e-10,9.381323616253212e-05,2.9355705422062783e-08
/content/drive/MyDrive/StoneSense-Training/processed_grouped/processed_grouped/test/Cyst/Cyst- (731).jpg,0,0,0.9963611960411072,1.3742636362223948e-08,0.003638375084847212,4.2564337832118326e-07
/content/drive/MyDrive/StoneSense-Training/processed_grouped/processed_grouped/test/Cyst/Cyst- (732).jpg,0,0,0.9926502108573914,3.748395016600625e-08,0.007348781917244196,1.049961269927735e-06
/content/drive/MyDrive/StoneSense-Training/processed_grouped/processed_grouped/test/Cyst/Cyst- (733).jpg,0,0,0.9808197617530823,3.8843690930434605e-08,0.01917896419763565,1.311712139795418e-06
/content/drive/MyDrive/StoneSense-Training/processed_grouped/processed_grouped/test/Cyst/Cyst- (734).jpg,0,0,0.9918246865272522,5.765740329621849e-09,0.008174672722816467,6.948771442694124e-07
/content/drive/MyDrive/StoneSense-Training/processed_grouped/processed_grouped/test/Cyst/Cyst- (735).jpg,0,0,0.9973124265670776,4.836854916590028e-09,0.0026871892623603344,3.5126768693771737e-07
/content/drive/MyDrive/StoneSense-Training/processed_grouped/processed_grouped/test/Cyst/Cyst- (736).jpg,0,0,0.999256432056427,1.1372311981006078e-09,0.0007434849394485354,9.223827390769657e-08
/content/drive/MyDrive/StoneSense-Training/processed_grouped/processed_grouped/test/Cyst/Cyst- (737).jpg,0,0,0.9951070547103882,2.7770878929800347e-08,0.004892110358923674,8.850232120494184e-07
/content/drive/MyDrive/StoneSense-Training/processed_grouped/processed_grouped/test/Cyst/Cyst- (738).jpg,0,0,0.9996299743652344,3.496325362561947e-08,0.0003689198347274214,1.0996211585734272e-06
/content/drive/MyDrive/StoneSense-Training/processed_grouped/processed_grouped/test/Cyst/Cyst- (739).jpg,0,0,0.9985390901565552,4.0112833943339865e-08,0.0014602505834773183,7.092331770763849e-07
/content/drive/MyDrive/StoneSense-Training/processed_grouped/processed_grouped/test/Cyst/Cyst- (740).jpg,0,0,0.9912494421005249,8.268563078672742e-08,0.008749663829803467,8.43038094444637e-07
/content/drive/MyDrive/StoneSense-Training/processed_grouped/processed_grouped/test/Cyst/Cyst- (741).jpg,0,0,0.9586416482925415,5.925251116423169e-07,0.041355643421411514,2.197181402152637e-06
/content/drive/MyDrive/StoneSense-Training/processed_grouped/processed_grouped/test/Cyst/Cyst- (742).jpg,0,0,0.9746406078338623,5.041658255322545e-07,0.02535434067249298,4.550688117888058e-06
/content/drive/MyDrive/StoneSense-Training/processed_grouped/processed_grouped/test/Cyst/Cyst- (743).jpg,0,0,0.8327690958976746,6.5299645939376205e-06,0.16721872985363007,5.6965900512295775e-06
/content/drive/MyDrive/StoneSense-Training/processed_grouped/processed_grouped/test/Cyst/Cyst- (744).jpg,0,0,0.8786193132400513,1.4457011729973601e-06,0.12137538194656372,3.836710220639361e-06
/content/drive/MyDrive/StoneSense-Training/processed_grouped/processed_grouped/test/Cyst/Cyst- (745).jpg,0,0,0.7735784649848938,1.0437910447080867e-07,0.22642065584659576,8.092686698546459e-07
/content/drive/MyDrive/StoneSense-Training/processed_grouped/processed_grouped/test/Cyst/Cyst- (746).jpg,0,0,0.9793927073478699,1.0953203677388501e-08,0.02060713805258274,2.512161927370471e-07
/content/drive/MyDrive/StoneSense-Training/processed_grouped/processed_grouped/test/Cyst/Cyst- (747).jpg,0,0,0.9819023609161377,2.5987972662733227e-08,0.01809638924896717,1.3356390127228224e-06
/content/drive/MyDrive/StoneSense-Training/processed_grouped/processed_grouped/test/Cyst/Cyst- (748).jpg,0,0,0.983435332775116,9.009716528396439e-09,0.016564471647143364,2.725283536619827e-07
/content/drive/MyDrive/StoneSense-Training/processed_grouped/processed_grouped/test/Cyst/Cyst- (749).jpg,0,0,0.9957984089851379,2.0593295957382907e-08,0.004200946539640427,5.985685334053414e-07
/content/drive/MyDrive/StoneSense-Training/processed_grouped/processed_grouped/test/Cyst/Cyst- (750).jpg,0,0,0.9836085438728333,9.67026778653235e-08,0.016390224918723106,1.1685607432809775e-06
/content/drive/MyDrive/StoneSense-Training/processed_grouped/processed_grouped/test/Cyst/Cyst- (751).jpg,0,0,0.9552578330039978,3.3061940030165715e-07,0.044738639146089554,3.1681533982919063e-06
/content/drive/MyDrive/StoneSense-Training/processed_grouped/processed_grouped/test/Cyst/Cyst- (752).jpg,0,0,0.9267070889472961,3.245928610340343e-07,0.07329068332910538,1.8928651570604416e-06
/content/drive/MyDrive/StoneSense-Training/processed_grouped/processed_grouped/test/Cyst/Cyst- (753).jpg,0,0,0.9391646981239319,2.2290269896529935e-07,0.06083410605788231,9.20148636396334e-07
/content/drive/MyDrive/StoneSense-Training/processed_grouped/processed_grouped/test/Cyst/Cyst- (754).jpg,0,0,0.9745146036148071,7.539205171269714e-08,0.02548491582274437,3.524489216033544e-07
/content/drive/MyDrive/StoneSense-Training/processed_grouped/processed_grouped/test/Cyst/Cyst- (755).jpg,0,0,0.99162757396698,1.1407364297610911e-07,0.008371790871024132,5.157606892680633e-07
/content/drive/MyDrive/StoneSense-Training/processed_grouped/processed_grouped/test/Cyst/Cyst- (756).jpg,0,0,0.9895639419555664,7.024252113296825e-08,0.010435514152050018,3.151196210637863e-07
/content/drive/MyDrive/StoneSense-Training/processed_grouped/processed_grouped/test/Cyst/Cyst- (757).jpg,0,0,0.9957140684127808,8.119192074218518e-08,0.004285621456801891,2.815356481278286e-07
/content/drive/MyDrive/StoneSense-Training/processed_grouped/processed_grouped/test/Cyst/Cyst- (758).jpg,0,0,0.9977184534072876,8.015656760562706e-08,0.002280836459249258,5.91294224250305e-07
/content/drive/MyDrive/StoneSense-Training/processed_grouped/processed_grouped/test/Cyst/Cyst- (759).jpg,0,0,0.9902793765068054,7.750320918376019e-08,0.009719899855554104,5.863814180884219e-07
/content/drive/MyDrive/StoneSense-Training/processed_grouped/processed_grouped/test/Cyst/Cyst- (817).jpg,0,0,0.9782235026359558,2.826969307534455e-07,0.012859044596552849,0.008917135186493397
/content/drive/MyDrive/StoneSense-Training/processed_grouped/processed_grouped/test/Cyst/Cyst- (818).jpg,0,0,0.9918393492698669,8.423896247222729e-08,0.004855729639530182,0.0033047895412892103
/content/drive/MyDrive/StoneSense-Training/processed_grouped/processed_grouped/test/Cyst/Cyst- (849).jpg,0,0,0.9539610743522644,0.000601308885961771,0.0013860552571713924,0.04405149817466736
/content/drive/MyDrive/StoneSense-Training/processed_grouped/processed_grouped/test/Normal/Normal- (1000).jpg,1,1,1.15924615329277e-06,0.9997312426567078,5.478771527123172e-06,0.0002621246094349772
/content/drive/MyDrive/StoneSense-Training/processed_grouped/processed_grouped/test/Normal/Normal- (1001).jpg,1,1,7.549485481206375e-09,0.9999748468399048,2.128304686266347e-06,2.3058672013576142e-05
/content/drive/MyDrive/StoneSense-Training/processed_grouped/processed_grouped/test/Normal/Normal- (1002).jpg,1,1,7.985713201819067e-10,0.999997615814209,1.3976169839224895e-06,9.959363751477213e-07
/content/drive/MyDrive/StoneSense-Training/processed_grouped/processed_grouped/test/Normal/Normal- (1003).jpg,1,1,1.7807225916044445e-08,0.9999817609786987,1.8023956727120094e-06,1.6411306205554865e-05
/content/drive/MyDrive/StoneSense-Training/processed_grouped/processed_grouped/test/Normal/Normal- (1004).jpg,1,1,3.5337976989069375e-09,0.9999837875366211,4.800403985427693e-07,1.5694673493271694e-05
/content/drive/MyDrive/StoneSense-Training/processed_grouped/processed_grouped/test/Normal/Normal- (1005).jpg,1,1,8.159372621996397e-10,0.9999864101409912,2.0467746253416408e-06,1.1586560503928922e-05
/content/drive/MyDrive/StoneSense-Training/processed_grouped/processed_grouped/test/Normal/Normal- (1006).jpg,1,1,1.1023554291611504e-09,0.9999958276748657,5.929050530539826e-07,3.586559842005954e-06
/content/drive/MyDrive/StoneSense-Training/processed_grouped/processed_grouped/test/Normal/Normal- (1007).jpg,1,1,9.326355243644002e-10,0.9999964237213135,1.5265763408933708e-07,3.4064112242049305e-06
/content/drive/MyDrive/StoneSense-Training/processed_grouped/processed_grouped/test/Normal/Normal- (1008).jpg,1,1,2.3903540258274347e-10,0.999994158744812,9.395058953032276e-09,5.865694220119622e-06
/content/drive/MyDrive/StoneSense-Training/processed_grouped/processed_grouped/test/Normal/Normal- (1009).jpg,1,1,1.2022093320851468e-09,0.9999767541885376,1.103290472315166e-07,2.3123657229007222e-05
/content/drive/MyDrive/StoneSense-Training/processed_grouped/processed_grouped/test/Normal/Normal- (1010).jpg,1,1,2.98152315281186e-07,0.9991136193275452,5.403469458542531e-06,0.0008806452387943864
/content/drive/MyDrive/StoneSense-Training/processed_grouped/processed_grouped/test/Normal/Normal- (1011).jpg,1,1,1.043150291479833e-06,0.9992569088935852,3.249341534683481e-05,0.0007094981265254319
/content/drive/MyDrive/StoneSense-Training/processed_grouped/processed_grouped/test/Normal/Normal- (1012).jpg,1,1,5.7200022496317615e-08,0.998376727104187,1.3625292467622785e-06,0.0016218950040638447
/content/drive/MyDrive/StoneSense-Training/processed_grouped/processed_grouped/test/Normal/Normal- (1013).jpg,1,1,1.9011084262388067e-08,0.9994531273841858,3.968333146531222e-07,0.0005464741261675954
/content/drive/MyDrive/StoneSense-Training/processed_grouped/processed_grouped/test/Normal/Normal- (1014).jpg,1,1,8.471286605526984e-08,0.9998171925544739,2.3795820425220882e-07,0.00018251925939694047
/content/drive/MyDrive/StoneSense-Training/processed_grouped/processed_grouped/test/Normal/Normal- (1015).jpg,1,1,3.10998160557574e-09,0.997008740901947,1.5082135007560282e-07,0.002991174114868045
/content/drive/MyDrive/StoneSense-Training/processed_grouped/processed_grouped/test/Normal/Normal- (1016).jpg,1,1,2.4177165477978768e-11,0.9987547397613525,2.618773123685969e-06,0.0012426153989508748
/content/drive/MyDrive/StoneSense-Training/processed_grouped/processed_grouped/test/Normal/Normal- (1017).jpg,1,1,7.791106093613109e-10,0.9861031770706177,1.9651261027320288e-05,0.01387726329267025
/content/drive/MyDrive/StoneSense-Training/processed_grouped/processed_grouped/test/Normal/Normal- (1018).jpg,1,1,2.5722921015436384e-10,0.946973443031311,6.4956070673360955e-06,0.05302000045776367
/content/drive/MyDrive/StoneSense-Training/processed_grouped/processed_grouped/test/Normal/Normal- (1019).jpg,1,1,2.0988868976168362e-10,0.9812093377113342,2.1923384338151664e-05,0.01876879669725895
/content/drive/MyDrive/StoneSense-Training/processed_grouped/processed_grouped/test/Normal/Normal- (1020).jpg,1,1,2.82675480245409e-11,0.9985895752906799,1.19607238957542e-05,0.001398473628796637
/content/drive/MyDrive/StoneSense-Training/processed_grouped/processed_grouped/test/Normal/Normal- (1021).jpg,1,1,4.310141219626695e-12,0.9992498755455017,2.0148771000094712e-05,0.000730015046428889
/content/drive/MyDrive/StoneSense-Training/processed_grouped/processed_grouped/test/Normal/Normal- (1022).jpg,1,1,1.175484189153142e-12,0.9990890026092529,7.139109925446974e-07,0.0009102743933908641
/content/drive/MyDrive/StoneSense-Training/processed_grouped/processed_grouped/test/Normal/Normal- (1203).jpg,1,1,1.772796593968451e-07,0.9991722106933594,2.593661702121608e-05,0.0008017421350814402
/content/drive/MyDrive/StoneSense-Training/processed_grouped/processed_grouped/test/Normal/Normal- (1204).jpg,1,1,4.820823562567966e-08,0.9999545812606812,3.1369816042570164e-06,4.2318533814977854e-05
/content/drive/MyDrive/StoneSense-Training/processed_grouped/processed_grouped/test/Normal/Normal- (1205).jpg,1,1,1.4225867062123143e-07,0.9999089241027832,6.216397650860017e-06,8.46971888677217e-05
/content/drive/MyDrive/StoneSense-Training/processed_grouped/processed_grouped/test/Normal/Normal- (1206).jpg,1,1,4.675608877846571e-08,0.9997914433479309,9.058162504516076e-07,0.0002076428063446656
/content/drive/MyDrive/StoneSense-Training/processed_grouped/processed_grouped/test/Normal/Normal- (1207).jpg,1,1,3.383957558611428e-09,0.9997360110282898,8.842216914217715e-08,0.0002638453443069011
/content/drive/MyDrive/StoneSense-Training/processed_grouped/processed_grouped/test/Normal/Normal- (1208).jpg,1,1,1.694800744189706e-08,0.9994550347328186,5.771457267655933e-07,0.0005443529807962477
/content/drive/MyDrive/StoneSense-Training/processed_grouped/processed_grouped/test/Normal/Normal- (1209).jpg,1,1,2.346034033706701e-09,0.9996215105056763,4.4266693066674634e-07,0.0003779712424147874
/content/drive/MyDrive/StoneSense-Training/processed_grouped/processed_grouped/test/Normal/Normal- (1210).jpg,1,1,7.914713329171263e-09,0.9997277855873108,2.1642194951709826e-06,0.00027003540890291333
/content/drive/MyDrive/StoneSense-Training/processed_grouped/processed_grouped/test/Normal/Normal- (1211).jpg,1,1,1.0107495285183177e-07,0.9996483325958252,1.1763886504922993e-05,0.0003397471737116575
/content/drive/MyDrive/StoneSense-Training/processed_grouped/processed_grouped/test/Normal/Normal- (1212).jpg,1,1,2.0804101552585053e-08,0.9989080429077148,4.4309854274615645e-06,0.0010875582229346037
/content/drive/MyDrive/StoneSense-Training/processed_grouped/processed_grouped/test/Normal/Normal- (1213).jpg,1,1,4.3654027059858436e-09,0.9999258518218994,3.1436013614438707e-07,7.380292663583532e-05
/content/drive/MyDrive/StoneSense-Training/processed_grouped/processed_grouped/test/Normal/Normal- (1214).jpg,1,1,1.0079187262590494e-08,0.9999227523803711,2.4399766971328063e-06,7.482343062292784e-05
/content/drive/MyDrive/StoneSense-Training/processed_grouped/processed_grouped/test/Normal/Normal- (1215).jpg,1,1,5.552527326813106e-08,0.9997740387916565,8.159928256645799e-06,0.0002178735303459689
/content/drive/MyDrive/StoneSense-Training/processed_grouped/processed_grouped/test/Normal/Normal- (1216).jpg,1,1,5.412819970018745e-09,0.9996041655540466,7.447283678629901e-06,0.00038849562406539917
/content/drive/MyDrive/StoneSense-Training/processed_grouped/processed_grouped/test/Normal/Normal- (1217).jpg,1,1,6.135152830211155e-08,0.9953357577323914,0.00011844738764921203,0.00454573892056942
/content/drive/MyDrive/StoneSense-Training/processed_grouped/processed_grouped/test/Normal/Normal- (1218).jpg,1,1,2.4256161523794617e-08,0.999283492565155,5.520814374904148e-05,0.0006614254671148956
/content/drive/MyDrive/StoneSense-Training/processed_grouped/processed_grouped/test/Normal/Normal- (1219).jpg,1,1,1.348279141666353e-07,0.9988701939582825,4.772489410242997e-05,0.0010819623712450266
/content/drive/MyDrive/StoneSense-Training/processed_grouped/processed_grouped/test/Normal/Normal- (1220).jpg,1,1,8.029405051956928e-08,0.999242901802063,0.00015099112351890653,0.0006059055449441075
/content/drive/MyDrive/StoneSense-Training/processed_grouped/processed_grouped/test/Normal/Normal- (1221).jpg,1,1,7.495020071246472e-08,0.9999148845672607,4.648536560125649e-05,3.847676271107048e-05
/content/drive/MyDrive/StoneSense-Training/processed_grouped/processed_grouped/test/Normal/Normal- (1222).jpg,1,1,8.484244773399041e-08,0.9999589920043945,2.4818316887831315e-05,1.6068412151071243e-05
/content/drive/MyDrive/StoneSense-Training/processed_grouped/processed_grouped/test/Normal/Normal- (1223).jpg,1,1,5.136074605616159e-07,0.9997742772102356,3.462476161075756e-05,0.00019056718156207353
/content/drive/MyDrive/StoneSense-Training/processed_grouped/processed_grouped/test/Normal/Normal- (1224).jpg,1,1,5.169552537154232e-07,0.999835729598999,1.4924846254871227e-05,0.0001489193964516744
/content/drive/MyDrive/StoneSense-Training/processed_grouped/processed_grouped/test/Normal/Normal- (1225).jpg,1,1,7.487439575015742e-07,0.9995033740997314,5.6176664656959474e-05,0.0004398386809043586
/content/drive/MyDrive/StoneSense-Training/processed_grouped/processed_grouped/test/Normal/Normal- (1226).jpg,1,1,5.270516112432233e-07,0.9993797540664673,0.00013932783622294664,0.0004804341006092727
/content/drive/MyDrive/StoneSense-Training/processed_grouped/processed_grouped/test/Normal/Normal- (1227).jpg,1,1,5.089761089038802e-06,0.9988813996315002,0.00020021693489979953,0.000913312251213938
/content/drive/MyDrive/StoneSense-Training/processed_grouped/processed_grouped/test/Normal/Normal- (1228).jpg,1,1,1.8006028767558746e-05,0.9968947172164917,0.0016221299301832914,0.001465069828554988
/content/drive/MyDrive/StoneSense-Training/processed_grouped/processed_grouped/test/Normal/Normal- (1229).jpg,1,1,1.5157267796439555e-07,0.9998409748077393,1.4429701877816115e-05,0.00014449373702518642
/content/drive/MyDrive/StoneSense-Training/processed_grouped/processed_grouped/test/Normal/Normal- (1268).jpg,1,1,6.062534794182284e-06,0.9998010993003845,4.922856533084996e-05,0.00014358658518176526
/content/drive/MyDrive/StoneSense-Training/processed_grouped/processed_grouped/test/Normal/Normal- (1269).jpg,1,1,2.676216172403656e-05,0.9994089603424072,0.0002938801480922848,0.00027031582430936396
/content/drive/MyDrive/StoneSense-Training/processed_grouped/processed_grouped/test/Normal/Normal- (1270).jpg,1,1,2.280846956637106e-06,0.9997170567512512,0.00021933772950433195,6.138787284726277e-05
/content/drive/MyDrive/StoneSense-Training/processed_grouped/processed_grouped/test/Normal/Normal- (1271).jpg,1,1,2.0620734630938387e-06,0.9998113512992859,0.00011118154361611232,7.542323146481067e-05
/content/drive/MyDrive/StoneSense-Training/processed_grouped/processed_grouped/test/Normal/Normal- (1397).jpg,1,1,6.208695140230702e-07,0.8792793154716492,1.3190162917453563e-07,0.12071991711854935
/content/drive/MyDrive/StoneSense-Training/processed_grouped/processed_grouped/test/Normal/Normal- (1398).jpg,1,1,1.0280721340905075e-07,0.9037727117538452,5.162977245731781e-08,0.09622716158628464
/content/drive/MyDrive/StoneSense-Training/processed_grouped/processed_grouped/test/Normal/Normal- (1399).jpg,1,1,2.5357547883686493e-07,0.930743932723999,3.3003583865820474e-08,0.06925579160451889
/content/drive/MyDrive/StoneSense-Training/processed_grouped/processed_grouped/test/Normal/Normal- (1400).jpg,1,1,1.6856394040587475e-06,0.9146930575370789,4.8395325080718976e-08,0.08530524373054504
/content/drive/MyDrive/StoneSense-Training/processed_grouped/processed_grouped/test/Normal/Normal- (1401).jpg,1,1,6.905755185471207e-07,0.9582420587539673,1.7254019724077807e-07,0.0417570061981678
/content/drive/MyDrive/StoneSense-Training/processed_grouped/processed_grouped/test/Normal/Normal- (1402).jpg,1,1,3.9646998573061865e-08,0.9771820902824402,8.066680123874903e-08,0.022817833349108696
/content/drive/MyDrive/StoneSense-Training/processed_grouped/processed_grouped/test/Normal/Normal- (1403).jpg,1,1,9.282760338180651e-09,0.9893292784690857,9.294972613815844e-08,0.010670550167560577
/content/drive/MyDrive/StoneSense-Training/processed_grouped/processed_grouped/test/Normal/Normal- (1404).jpg,1,1,2.3768354395770075e-08,0.9987227320671082,6.517440851894207e-06,0.0012706783600151539
/content/drive/MyDrive/StoneSense-Training/processed_grouped/processed_grouped/test/Normal/Normal- (1405).jpg,1,1,3.271923176839664e-09,0.9997555613517761,1.3510754293122318e-08,0.00024443547590635717
/content/drive/MyDrive/StoneSense-Training/processed_grouped/processed_grouped/test/Normal/Normal- (1406).jpg,1,1,5.351281640031402e-10,0.9999157190322876,7.717263272866148e-09,8.430755406152457e-05
/content/drive/MyDrive/StoneSense-Training/processed_grouped/processed_grouped/test/Normal/Normal- (1407).jpg,1,1,1.8097152221230317e-08,0.999698281288147,4.394811696784018e-07,0.0003012511588167399
/content/drive/MyDrive/StoneSense-Training/processed_grouped/processed_grouped/test/Normal/Normal- (1408).jpg,1,1,2.3572985341502317e-08,0.9996904134750366,7.382946023426484e-07,0.0003089216479565948
/content/drive/MyDrive/StoneSense-Training/processed_grouped/processed_grouped/test/Normal/Normal- (1409).jpg,1,1,1.7206454039353503e-09,0.9991214871406555,2.1804788730150904e-07,0.0008782442309893668
/content/drive/MyDrive/StoneSense-Training/processed_grouped/processed_grouped/test/Normal/Normal- (151).jpg,1,1,7.483885838155402e-06,0.9966303706169128,0.003219760023057461,0.00014235608978196979
/content/drive/MyDrive/StoneSense-Training/processed_grouped/processed_grouped/test/Normal/Normal- (152).jpg,1,1,2.7759119802794885e-06,0.9991244673728943,0.0007772934040986001,9.548951493343338e-05
/content/drive/MyDrive/StoneSense-Training/processed_grouped/processed_grouped/test/Normal/Normal- (153).jpg,1,1,1.7942721797226113e-07,0.9986950755119324,0.00041811485425569117,0.000886581081431359
/content/drive/MyDrive/StoneSense-Training/processed_grouped/processed_grouped/test/Normal/Normal- (154).jpg,1,1,4.3252958903394756e-07,0.9972788691520691,0.00032541537075303495,0.0023952603805810213
/content/drive/MyDrive/StoneSense-Training/processed_grouped/processed_grouped/test/Normal/Normal- (155).jpg,1,1,8.319203516293783e-06,0.9927737712860107,0.0008780473144724965,0.006339882034808397
/content/drive/MyDrive/StoneSense-Training/processed_grouped/processed_grouped/test/Normal/Normal- (156).jpg,1,1,2.70119053311646e-05,0.9906491637229919,0.0009276027558371425,0.008396119810640812
/content/drive/MyDrive/StoneSense-Training/processed_grouped/processed_grouped/test/Normal/Normal- (157).jpg,1,1,9.796646736504044e-06,0.9670024514198303,0.00034499086905270815,0.032642707228660583
/content/drive/MyDrive/StoneSense-Training/processed_grouped/processed_grouped/test/Normal/Normal- (158).jpg,1,1,9.169727127300575e-05,0.6580345034599304,0.019871285185217857,0.32200250029563904
/content/drive/MyDrive/StoneSense-Training/processed_grouped/processed_grouped/test/Normal/Normal- (159).jpg,1,1,2.74872436420992e-05,0.5746502876281738,0.3997257351875305,0.025596503168344498
/content/drive/MyDrive/StoneSense-Training/processed_grouped/processed_grouped/test/Normal/Normal- (160).jpg,1,1,3.7651821912731975e-05,0.6415514349937439,0.3559017777442932,0.0025092135183513165
/content/drive/MyDrive/StoneSense-Training/processed_grouped/processed_grouped/test/Normal/Normal- (161).jpg,1,1,2.8723111427098047e-06,0.9799996614456177,0.019649608060717583,0.00034779871930368245
/content/drive/MyDrive/StoneSense-Training/processed_grouped/processed_grouped/test/Normal/Normal- (162).jpg,1,1,3.6043114960193634e-05,0.9789830446243286,0.017604896798729897,0.0033760664518922567
/content/drive/MyDrive/StoneSense-Training/processed_grouped/processed_grouped/test/Normal/Normal- (163).jpg,1,1,1.4567669495590962e-05,0.9610722064971924,0.03746790066361427,0.0014453973853960633
/content/drive/MyDrive/StoneSense-Training/processed_grouped/processed_grouped/test/Normal/Normal- (164).jpg,1,1,2.690684050321579e-05,0.8696625828742981,0.1242494136095047,0.006061081308871508
/content/drive/MyDrive/StoneSense-Training/processed_grouped/processed_grouped/test/Normal/Normal- (1640).jpg,1,1,4.603467914421344e-06,0.9955413937568665,0.0040884725749492645,0.000365584681276232
/content/drive/MyDrive/StoneSense-Training/processed_grouped/processed_grouped/test/Normal/Normal- (1641).jpg,1,1,1.4379843378264923e-06,0.9976600408554077,0.0021240657661110163,0.00021447637118399143
/content/drive/MyDrive/StoneSense-Training/processed_grouped/processed_grouped/test/Normal/Normal- (1642).jpg,1,1,5.594524282059865e-06,0.9883827567100525,0.011586996726691723,2.4726185074541718e-05
/content/drive/MyDrive/StoneSense-Training/processed_grouped/processed_grouped/test/Normal/Normal- (1643).jpg,1,1,6.0115885389677715e-06,0.9893667101860046,0.010563116520643234,6.417109398171306e-05
/content/drive/MyDrive/StoneSense-Training/processed_grouped/processed_grouped/test/Normal/Normal- (1644).jpg,1,1,1.1645427548501175e-05,0.9820103049278259,0.017863493412733078,0.00011464111594250426
/content/drive/MyDrive/StoneSense-Training/processed_grouped/processed_grouped/test/Normal/Normal- (1645).jpg,1,1,1.4748001149200718e-06,0.9982282519340515,0.0017592363292351365,1.1101549716840964e-05
/content/drive/MyDrive/StoneSense-Training/processed_grouped/processed_grouped/test/Normal/Normal- (1715).jpg,1,1,4.603467914421344e-06,0.9955413937568665,0.0040884725749492645,0.000365584681276232
/content/drive/MyDrive/StoneSense-Training/processed_grouped/processed_grouped/test/Normal/Normal- (1716).jpg,1,1,1.4379843378264923e-06,0.9976600408554077,0.0021240657661110163,0.00021447637118399143
/content/drive/MyDrive/StoneSense-Training/processed_grouped/processed_grouped/test/Normal/Normal- (1717).jpg,1,1,5.594524282059865e-06,0.9883827567100525,0.011586996726691723,2.4726185074541718e-05
/content/drive/MyDrive/StoneSense-Training/processed_grouped/processed_grouped/test/Normal/Normal- (1718).jpg,1,1,6.0115885389677715e-06,0.9893667101860046,0.010563116520643234,6.417109398171306e-05
/content/drive/MyDrive/StoneSense-Training/processed_grouped/processed_grouped/test/Normal/Normal- (1719).jpg,1,1,1.1645427548501175e-05,0.9820103049278259,0.017863493412733078,0.00011464111594250426
/content/drive/MyDrive/StoneSense-Training/processed_grouped/processed_grouped/test/Normal/Normal- (1720).jpg,1,1,1.4748001149200718e-06,0.9982282519340515,0.0017592363292351365,1.1101549716840964e-05
/content/drive/MyDrive/StoneSense-Training/processed_grouped/processed_grouped/test/Normal/Normal- (1749).jpg,1,1,1.141426673711976e-05,0.99639892578125,0.0034065074287354946,0.00018315238412469625
/content/drive/MyDrive/StoneSense-Training/processed_grouped/processed_grouped/test/Normal/Normal- (1750).jpg,1,1,1.6226427987930947e-06,0.9994972944259644,0.0003003189049195498,0.00020062451949343085
/content/drive/MyDrive/StoneSense-Training/processed_grouped/processed_grouped/test/Normal/Normal- (1751).jpg,1,1,2.7049466666539956e-07,0.9987086057662964,2.0194878743495792e-05,0.0012709087459370494
/content/drive/MyDrive/StoneSense-Training/processed_grouped/processed_grouped/test/Normal/Normal- (1752).jpg,1,1,1.3722857374887099e-06,0.995577335357666,0.00014567116159014404,0.0042756893672049046
/content/drive/MyDrive/StoneSense-Training/processed_grouped/processed_grouped/test/Normal/Normal- (1753).jpg,1,1,1.1426035598560702e-05,0.9913882613182068,0.0017107570311054587,0.006889494135975838
/content/drive/MyDrive/StoneSense-Training/processed_grouped/processed_grouped/test/Normal/Normal- (1754).jpg,1,1,1.803785744414199e-05,0.9942911863327026,0.0016912146238610148,0.0039996071718633175
/content/drive/MyDrive/StoneSense-Training/processed_grouped/processed_grouped/test/Normal/Normal- (1755).jpg,1,1,4.6296054279082455e-06,0.9839747548103333,0.0006805180455558002,0.015340128913521767
/content/drive/MyDrive/StoneSense-Training/processed_grouped/processed_grouped/test/Normal/Normal- (1756).jpg,1,1,5.304545993567444e-06,0.8774295449256897,0.000833062338642776,0.12173213064670563
/content/drive/MyDrive/StoneSense-Training/processed_grouped/processed_grouped/test/Normal/Normal- (1757).jpg,1,1,5.008566859032726e-06,0.8784079551696777,0.0006816707318648696,0.12090533971786499
/content/drive/MyDrive/StoneSense-Training/processed_grouped/processed_grouped/test/Normal/Normal- (1758).jpg,1,1,1.2681001862802077e-05,0.968926727771759,0.0004847260715905577,0.030575823038816452
/content/drive/MyDrive/StoneSense-Training/processed_grouped/processed_grouped/test/Normal/Normal- (1759).jpg,1,1,4.840119800064713e-06,0.9863553643226624,0.00013512033910956234,0.01350468024611473
/content/drive/MyDrive/StoneSense-Training/processed_grouped/processed_grouped/test/Normal/Normal- (1760).jpg,1,1,5.565469791690703e-07,0.9804747700691223,2.3145501472754404e-05,0.01950150914490223
/content/drive/MyDrive/StoneSense-Training/processed_grouped/processed_grouped/test/Normal/Normal- (1761).jpg,1,1,5.450415301311295e-07,0.9747768640518188,7.272048969753087e-05,0.025149786844849586
/content/drive/MyDrive/StoneSense-Training/processed_grouped/processed_grouped/test/Normal/Normal- (1762).jpg,1,1,3.1131875743994897e-07,0.9878522157669067,5.316985698300414e-05,0.012094162404537201
/content/drive/MyDrive/StoneSense-Training/processed_grouped/processed_grouped/test/Normal/Normal- (1763).jpg,1,1,2.4656001187395304e-06,0.9668781757354736,0.0001618154055904597,0.0329575389623642
/content/drive/MyDrive/StoneSense-Training/processed_grouped/processed_grouped/test/Normal/Normal- (1764).jpg,1,1,5.379853064368945e-06,0.954217791557312,0.0003082976909354329,0.045468587428331375
/content/drive/MyDrive/StoneSense-Training/processed_grouped/processed_grouped/test/Normal/Normal- (1765).jpg,1,1,6.181715548336797e-07,0.9913982152938843,0.0001810554094845429,0.008420140482485294
/content/drive/MyDrive/StoneSense-Training/processed_grouped/processed_grouped/test/Normal/Normal- (1766).jpg,1,1,2.7439733685241663e-07,0.9867426156997681,5.532210707315244e-05,0.013201797381043434
/content/drive/MyDrive/StoneSense-Training/processed_grouped/processed_grouped/test/Normal/Normal- (1767).jpg,1,1,1.6629046513116919e-06,0.9913610816001892,0.00016441424668300897,0.00847290363162756
/content/drive/MyDrive/StoneSense-Training/processed_grouped/processed_grouped/test/Normal/Normal- (1768).jpg,1,1,6.363605280057527e-06,0.9962104558944702,0.0001928546407725662,0.003590268548578024
/content/drive/MyDrive/StoneSense-Training/processed_grouped/processed_grouped/test/Normal/Normal- (1769).jpg,1,1,1.268806681764545e-05,0.8894423842430115,0.00027522401069290936,0.11026959866285324
/content/drive/MyDrive/StoneSense-Training/processed_grouped/processed_grouped/test/Normal/Normal- (1770).jpg,1,1,3.266959311076789e-06,0.8834770917892456,0.00031434660195373,0.11620524525642395
/content/drive/MyDrive/StoneSense-Training/processed_grouped/processed_grouped/test/Normal/Normal- (1771).jpg,1,1,4.0027219938565395e-07,0.9642032980918884,5.303898797137663e-05,0.03574344888329506
/content/drive/MyDrive/StoneSense-Training/processed_grouped/processed_grouped/test/Normal/Normal- (1772).jpg,1,1,1.0581659353192663e-06,0.9789190292358398,0.00012071031233062968,0.02095918357372284
/content/drive/MyDrive/StoneSense-Training/processed_grouped/processed_grouped/test/Normal/Normal- (1773).jpg,1,1,3.92423487483029e-07,0.9959787130355835,8.746662388148252e-06,0.004012175370007753
/content/drive/MyDrive/StoneSense-Training/processed_grouped/processed_grouped/test/Normal/Normal- (1774).jpg,1,1,1.145495161836152e-06,0.9911478757858276,1.4301733244792558e-05,0.008836628869175911
/content/drive/MyDrive/StoneSense-Training/processed_grouped/processed_grouped/test/Normal/Normal- (1775).jpg,1,1,7.303519282686466e-07,0.9908075928688049,2.2553855160367675e-05,0.009169131517410278
/content/drive/MyDrive/StoneSense-Training/processed_grouped/processed_grouped/test/Normal/Normal- (1776).jpg,1,1,3.3661640941318183e-07,0.9911983609199524,3.910826853825711e-05,0.008762164041399956
/content/drive/MyDrive/StoneSense-Training/processed_grouped/processed_grouped/test/Normal/Normal- (1777).jpg,1,1,6.526144602503337e-07,0.984894335269928,0.00012441363651305437,0.014980560168623924
/content/drive/MyDrive/StoneSense-Training/processed_grouped/processed_grouped/test/Normal/Normal- (1778).jpg,1,1,2.4592947056589765e-07,0.9949474334716797,0.00011459880624897778,0.004937776830047369
/content/drive/MyDrive/StoneSense-Training/processed_grouped/processed_grouped/test/Normal/Normal- (1779).jpg,1,1,1.1519411913241129e-07,0.9862304329872131,2.4853996364981867e-05,0.013744641095399857
/content/drive/MyDrive/StoneSense-Training/processed_grouped/processed_grouped/test/Normal/Normal- (1780).jpg,1,1,2.5587279850469713e-08,0.9982126951217651,7.368845217570197e-06,0.001779966289177537
/content/drive/MyDrive/StoneSense-Training/processed_grouped/processed_grouped/test/Normal/Normal- (1781).jpg,1,1,3.978049534225647e-08,0.9989240765571594,2.4467872208333574e-05,0.001051493571139872
/content/drive/MyDrive/StoneSense-Training/processed_grouped/processed_grouped/test/Normal/Normal- (1782).jpg,1,1,1.5381667139990896e-07,0.9980206489562988,0.00022105066454969347,0.0017582247965037823
/content/drive/MyDrive/StoneSense-Training/processed_grouped/processed_grouped/test/Normal/Normal- (1783).jpg,1,1,1.0640501386660617e-06,0.9950526356697083,0.0046308874152600765,0.00031538913026452065
/content/drive/MyDrive/StoneSense-Training/processed_grouped/processed_grouped/test/Normal/Normal- (1787).jpg,1,1,1.5247162536979886e-06,0.9991976618766785,0.0004954385804012418,0.00030540968873538077
/content/drive/MyDrive/StoneSense-Training/processed_grouped/processed_grouped/test/Normal/Normal- (1788).jpg,1,1,1.8992908735526726e-05,0.9976708292961121,0.002107917796820402,0.00020223391766194254
/content/drive/MyDrive/StoneSense-Training/processed_grouped/processed_grouped/test/Normal/Normal- (1789).jpg,1,1,2.662191036506556e-05,0.9988927245140076,0.0010510529391467571,2.9511104003177024e-05
/content/drive/MyDrive/StoneSense-Training/processed_grouped/processed_grouped/test/Normal/Normal- (1790).jpg,1,1,0.00025196309434249997,0.9953780174255371,0.004355567041784525,1.4530219232256059e-05
/content/drive/MyDrive/StoneSense-Training/processed_grouped/processed_grouped/test/Normal/Normal- (1791).jpg,1,1,3.681748057715595e-05,0.9985225796699524,0.0014046160504221916,3.6090699722990394e-05
/content/drive/MyDrive/StoneSense-Training/processed_grouped/processed_grouped/test/Normal/Normal- (1846).jpg,1,3,0.014591672457754612,0.15181571245193481,0.0012801666744053364,0.8323125243186951
/content/drive/MyDrive/StoneSense-Training/processed_grouped/processed_grouped/test/Normal/Normal- (1847).jpg,1,1,0.0013950366992503405,0.802038311958313,0.000535951869096607,0.1960306316614151
/content/drive/MyDrive/StoneSense-Training/processed_grouped/processed_grouped/test/Normal/Normal- (1848).jpg,1,1,0.007899032905697823,0.8844192028045654,0.0016639381647109985,0.10601795464754105
/content/drive/MyDrive/StoneSense-Training/processed_grouped/processed_grouped/test/Normal/Normal- (1862).jpg,1,1,0.0001249207998625934,0.9900293946266174,0.0008694197167642415,0.008976343087852001
/content/drive/MyDrive/StoneSense-Training/processed_grouped/processed_grouped/test/Normal/Normal- (1907).jpg,1,1,0.0019102136138826609,0.8972193598747253,0.0006420225836336613,0.10022836178541183
/content/drive/MyDrive/StoneSense-Training/processed_grouped/processed_grouped/test/Normal/Normal- (1913).jpg,1,1,0.014588791877031326,0.9769600629806519,2.2110648387752008e-06,0.008448944427073002
/content/drive/MyDrive/StoneSense-Training/processed_grouped/processed_grouped/test/Normal/Normal- (1956).jpg,1,1,7.42896022476458e-10,0.9388012886047363,9.397497819918499e-07,0.06119788810610771
/content/drive/MyDrive/StoneSense-Training/processed_grouped/processed_grouped/test/Normal/Normal- (1957).jpg,1,1,1.8211252506006304e-09,0.9559997320175171,2.1461366941366578e-06,0.043998073786497116
/content/drive/MyDrive/StoneSense-Training/processed_grouped/processed_grouped/test/Normal/Normal- (1958).jpg,1,1,1.7562787890668119e-09,0.9653937816619873,6.358407972584246e-06,0.034599803388118744
/content/drive/MyDrive/StoneSense-Training/processed_grouped/processed_grouped/test/Normal/Normal- (1959).jpg,1,1,1.1320437920403492e-08,0.987363874912262,9.588548709871247e-05,0.012540227733552456
/content/drive/MyDrive/StoneSense-Training/processed_grouped/processed_grouped/test/Normal/Normal- (1960).jpg,1,1,3.1211749851323134e-10,0.9983957409858704,7.121619091776665e-06,0.0015970461536198854
/content/drive/MyDrive/StoneSense-Training/processed_grouped/processed_grouped/test/Normal/Normal- (1962).jpg,1,1,1.1089334311931154e-10,0.9971741437911987,2.384197614446748e-06,0.0028235081117600203
/content/drive/MyDrive/StoneSense-Training/processed_grouped/processed_grouped/test/Normal/Normal- (1963).jpg,1,1,5.755887086400513e-11,0.9955086708068848,6.528399012495356e-07,0.004490658175200224
/content/drive/MyDrive/StoneSense-Training/processed_grouped/processed_grouped/test/Normal/Normal- (2117).jpg,1,1,2.160150253116555e-10,0.9999382495880127,5.841783786308952e-05,3.3026842629624298e-06
/content/drive/MyDrive/StoneSense-Training/processed_grouped/processed_grouped/test/Normal/Normal- (2118).jpg,1,1,7.903098548922571e-07,0.9986996650695801,0.0012104595080018044,8.905824506655335e-05
/content/drive/MyDrive/StoneSense-Training/processed_grouped/processed_grouped/test/Normal/Normal- (2119).jpg,1,1,1.865139154233475e-08,0.9993718266487122,0.0006106607033871114,1.747791247908026e-05
/content/drive/MyDrive/StoneSense-Training/processed_grouped/processed_grouped/test/Normal/Normal- (2120).jpg,1,1,2.295726941881071e-10,0.9999046325683594,9.157255408354104e-05,3.7958591292408528e-06
/content/drive/MyDrive/StoneSense-Training/processed_grouped/processed_grouped/test/Normal/Normal- (2121).jpg,1,1,2.5137756765047925e-08,0.9904980063438416,0.009479327127337456,2.2654037820757367e-05
/content/drive/MyDrive/StoneSense-Training/processed_grouped/processed_grouped/test/Normal/Normal- (2122).jpg,1,1,1.7786767614325072e-08,0.9829292297363281,0.016964053735136986,0.00010677769023459405
/content/drive/MyDrive/StoneSense-Training/processed_grouped/processed_grouped/test/Normal/Normal- (2123).jpg,1,1,5.86407056246685e-09,0.9992603659629822,0.0006880313740111887,5.1555573008954525e-05
/content/drive/MyDrive/StoneSense-Training/processed_grouped/processed_grouped/test/Normal/Normal- (2124).jpg,1,1,5.661258573042005e-09,0.9999014139175415,8.433160110143945e-05,1.4326058590086177e-05
/content/drive/MyDrive/StoneSense-Training/processed_grouped/processed_grouped/test/Normal/Normal- (2125).jpg,1,1,3.8128820101235306e-09,0.9998774528503418,0.00011129224003525451,1.1233353689021897e-05
/content/drive/MyDrive/StoneSense-Training/processed_grouped/processed_grouped/test/Normal/Normal- (2126).jpg,1,1,1.940319460658202e-09,0.9999734163284302,1.973004145838786e-05,6.782188847864745e-06
/content/drive/MyDrive/StoneSense-Training/processed_grouped/processed_grouped/test/Normal/Normal- (2127).jpg,1,1,6.4333555149787e-10,0.999948263168335,3.8399924960685894e-05,1.3294792552187573e-05
/content/drive/MyDrive/StoneSense-Training/processed_grouped/processed_grouped/test/Normal/Normal- (2128).jpg,1,1,1.5110169782062144e-09,0.9996978044509888,0.0002976910618599504,4.558577074931236e-06
/content/drive/MyDrive/StoneSense-Training/processed_grouped/processed_grouped/test/Normal/Normal- (2129).jpg,1,1,5.03345320979065e-09,0.9948037266731262,0.005181330721825361,1.490429713157937e-05
/content/drive/MyDrive/StoneSense-Training/processed_grouped/processed_grouped/test/Normal/Normal- (2130).jpg,1,1,5.812866632481928e-09,0.990568995475769,0.009410978294909,1.9945386156905442e-05
/content/drive/MyDrive/StoneSense-Training/processed_grouped/processed_grouped/test/Normal/Normal- (2131).jpg,1,1,2.3752605216031952e-08,0.9968281388282776,0.0031536745373159647,1.8152928532799706e-05
/content/drive/MyDrive/StoneSense-Training/processed_grouped/processed_grouped/test/Normal/Normal- (2132).jpg,1,1,7.400057899786816e-09,0.9989448189735413,0.0010342835448682308,2.100069286825601e-05
/content/drive/MyDrive/StoneSense-Training/processed_grouped/processed_grouped/test/Normal/Normal- (2133).jpg,1,1,1.0581816312082992e-08,0.9996600151062012,0.00028384983306750655,5.608579158433713e-05
/content/drive/MyDrive/StoneSense-Training/processed_grouped/processed_grouped/test/Normal/Normal- (2134).jpg,1,1,1.3064301862542038e-09,0.9999346733093262,5.8092067774850875e-05,7.32055923435837e-06
/content/drive/MyDrive/StoneSense-Training/processed_grouped/processed_grouped/test/Normal/Normal- (2135).jpg,1,1,6.369355709523461e-09,0.9991053938865662,0.0008866426651366055,7.927174010546878e-06
/content/drive/MyDrive/StoneSense-Training/processed_grouped/processed_grouped/test/Normal/Normal- (2136).jpg,1,1,7.472392482554824e-09,0.998365581035614,0.0016156038036569953,1.8831880879588425e-05
/content/drive/MyDrive/StoneSense-Training/processed_grouped/processed_grouped/test/Normal/Normal- (2137).jpg,1,1,1.7688241982227737e-08,0.9990857839584351,0.0008825943805277348,3.154523437842727e-05
/content/drive/MyDrive/StoneSense-Training/processed_grouped/processed_grouped/test/Normal/Normal- (2138).jpg,1,1,7.756489672772204e-09,0.9998456239700317,0.00012617348693311214,2.8150963771622628e-05
/content/drive/MyDrive/StoneSense-Training/processed_grouped/processed_grouped/test/Normal/Normal- (2139).jpg,1,1,5.5801447906844714e-09,0.9994795918464661,0.0004141692479606718,0.00010626423318171874
/content/drive/MyDrive/StoneSense-Training/processed_grouped/processed_grouped/test/Normal/Normal- (2140).jpg,1,1,2.590482717224063e-09,0.9994029998779297,0.0004155564238317311,0.0001814667193684727
/content/drive/MyDrive/StoneSense-Training/processed_grouped/processed_grouped/test/Normal/Normal- (2141).jpg,1,1,2.861588299651885e-08,0.994697093963623,0.004834020044654608,0.00046890071826055646
/content/drive/MyDrive/StoneSense-Training/processed_grouped/processed_grouped/test/Normal/Normal- (2142).jpg,1,1,8.908733750701003e-10,0.9998272061347961,0.0001650407211855054,7.737902706139721e-06
/content/drive/MyDrive/StoneSense-Training/processed_grouped/processed_grouped/test/Normal/Normal- (2143).jpg,1,1,1.538939670142625e-10,0.9999539852142334,4.0149898268282413e-05,5.893719389860053e-06
/content/drive/MyDrive/StoneSense-Training/processed_grouped/processed_grouped/test/Normal/Normal- (2144).jpg,1,1,2.2341113334323204e-11,0.9999436140060425,4.9818947445601225e-05,6.5039298533520196e-06
/content/drive/MyDrive/StoneSense-Training/processed_grouped/processed_grouped/test/Normal/Normal- (2145).jpg,1,1,4.671193553490438e-12,0.9999911785125732,7.248782367241802e-06,1.5071387906573364e-06
/content/drive/MyDrive/StoneSense-Training/processed_grouped/processed_grouped/test/Normal/Normal- (2146).jpg,1,1,3.1461703901836113e-12,0.9999899864196777,9.04058924788842e-06,9.305768458034436e-07
/content/drive/MyDrive/StoneSense-Training/processed_grouped/processed_grouped/test/Normal/Normal- (2147).jpg,1,1,1.9543188248261067e-11,0.9999499320983887,4.913017255603336e-05,9.092298682844557e-07
/content/drive/MyDrive/StoneSense-Training/processed_grouped/processed_grouped/test/Normal/Normal- (2148).jpg,1,1,5.475391251508199e-10,0.998563826084137,0.0014309195103123784,5.234694526734529e-06
/content/drive/MyDrive/StoneSense-Training/processed_grouped/processed_grouped/test/Normal/Normal- (2149).jpg,1,1,1.0062293220869378e-09,0.9991349577903748,0.0008576298132538795,7.429333891195711e-06
/content/drive/MyDrive/StoneSense-Training/processed_grouped/processed_grouped/test/Normal/Normal- (2150).jpg,1,1,2.05456318624897e-09,0.998842716217041,0.0011536097154021263,3.674464778669062e-06
/content/drive/MyDrive/StoneSense-Training/processed_grouped/processed_grouped/test/Normal/Normal- (2151).jpg,1,1,6.835135235583323e-11,0.9999436140060425,5.493726712302305e-05,1.4564946013706503e-06
/content/drive/MyDrive/StoneSense-Training/processed_grouped/processed_grouped/test/Normal/Normal- (2152).jpg,1,1,5.189265683824829e-10,0.9998458623886108,0.00015022922889329493,3.925691089534666e-06
/content/drive/MyDrive/StoneSense-Training/processed_grouped/processed_grouped/test/Normal/Normal- (2153).jpg,1,1,3.7993494461652233e-10,0.9998739957809448,9.692033927422017e-05,2.910981493187137e-05
/content/drive/MyDrive/StoneSense-Training/processed_grouped/processed_grouped/test/Normal/Normal- (2207).jpg,1,1,3.7449234685515975e-11,0.9999665021896362,2.157096787414048e-06,3.132901110802777e-05
/content/drive/MyDrive/StoneSense-Training/processed_grouped/processed_grouped/test/Normal/Normal- (2342).jpg,1,1,1.348352984820167e-08,0.9982360601425171,0.0017604174790903926,3.435606231505517e-06
/content/drive/MyDrive/StoneSense-Training/processed_grouped/processed_grouped/test/Normal/Normal- (2343).jpg,1,1,1.670749427695739e-09,0.9996947050094604,0.0003040859883185476,1.240410369973688e-06
/content/drive/MyDrive/StoneSense-Training/processed_grouped/processed_grouped/test/Normal/Normal- (2344).jpg,1,1,5.022873228455182e-10,0.9995930790901184,0.0004040992062073201,2.8110548555559944e-06
/content/drive/MyDrive/StoneSense-Training/processed_grouped/processed_grouped/test/Normal/Normal- (2345).jpg,1,1,3.8984723782498065e-10,0.999426007270813,0.000567697745282203,6.358219252433628e-06
/content/drive/MyDrive/StoneSense-Training/processed_grouped/processed_grouped/test/Normal/Normal- (2346).jpg,1,1,2.172197888228311e-08,0.9984124898910522,0.0015839925035834312,3.498917521937983e-06
/content/drive/MyDrive/StoneSense-Training/processed_grouped/processed_grouped/test/Normal/Normal- (2347).jpg,1,1,1.5980987200236996e-08,0.9969074130058289,0.0030907068867236376,1.8990841681443271e-06
/content/drive/MyDrive/StoneSense-Training/processed_grouped/processed_grouped/test/Normal/Normal- (2348).jpg,1,1,2.7540982827645166e-08,0.99552983045578,0.004468043800443411,2.088454721160815e-06
/content/drive/MyDrive/StoneSense-Training/processed_grouped/processed_grouped/test/Normal/Normal- (2349).jpg,1,1,2.9107684440532466e-07,0.9762876629829407,0.023710081353783607,1.970391622307943e-06
/content/drive/MyDrive/StoneSense-Training/processed_grouped/processed_grouped/test/Normal/Normal- (2350).jpg,1,1,5.224305255069339e-07,0.7990562915802002,0.20093972980976105,3.507745987008093e-06
/content/drive/MyDrive/StoneSense-Training/processed_grouped/processed_grouped/test/Normal/Normal- (2351).jpg,1,1,1.2051713156324695e-06,0.5404710173606873,0.45952391624450684,3.772028321691323e-06
/content/drive/MyDrive/StoneSense-Training/processed_grouped/processed_grouped/test/Normal/Normal- (2352).jpg,1,2,4.252987309882883e-06,0.4992121756076813,0.5007792711257935,4.280771918274695e-06
/content/drive/MyDrive/StoneSense-Training/processed_grouped/processed_grouped/test/Normal/Normal- (2353).jpg,1,1,1.6290085795844789e-06,0.5308025479316711,0.4691930413246155,2.706407258301624e-06
/content/drive/MyDrive/StoneSense-Training/processed_grouped/processed_grouped/test/Normal/Normal- (2354).jpg,1,1,7.942740012367722e-07,0.9768258333206177,0.023171473294496536,1.91798039850255e-06
/content/drive/MyDrive/StoneSense-Training/processed_grouped/processed_grouped/test/Normal/Normal- (2355).jpg,1,1,9.871011741324764e-08,0.9969019889831543,0.0030976186972111464,3.235855388084019e-07
/content/drive/MyDrive/StoneSense-Training/processed_grouped/processed_grouped/test/Normal/Normal- (2356).jpg,1,1,3.16405057709801e-09,0.9992395639419556,0.000760142516810447,3.281947726918588e-07
/content/drive/MyDrive/StoneSense-Training/processed_grouped/processed_grouped/test/Normal/Normal- (2357).jpg,1,1,1.279414907351395e-10,0.9999785423278809,2.115405186486896e-05,3.3261594012401474e-07
/content/drive/MyDrive/StoneSense-Training/processed_grouped/processed_grouped/test/Normal/Normal- (2358).jpg,1,1,3.764830461272517e-12,0.9999985694885254,4.480905886339315e-07,9.62934336712351e-07
/content/drive/MyDrive/StoneSense-Training/processed_grouped/processed_grouped/test/Normal/Normal- (2359).jpg,1,1,6.4238384576975616e-12,0.9999946355819702,3.5336171322342125e-07,5.036919901613146e-06
/content/drive/MyDrive/StoneSense-Training/processed_grouped/processed_grouped/test/Normal/Normal- (2360).jpg,1,1,1.029856755430103e-11,0.999993085861206,4.706527079179068e-07,6.469490926974686e-06
/content/drive/MyDrive/StoneSense-Training/processed_grouped/processed_grouped/test/Normal/Normal- (2738).jpg,1,1,2.9270097002154216e-05,0.9509233236312866,0.00015681632794439793,0.04889071360230446
/content/drive/MyDrive/StoneSense-Training/processed_grouped/processed_grouped/test/Normal/Normal- (2739).jpg,1,1,3.8038292586861644e-06,0.9064265489578247,2.1145418941159733e-05,0.0935484990477562
/content/drive/MyDrive/StoneSense-Training/processed_grouped/processed_grouped/test/Normal/Normal- (2740).jpg,1,1,3.768603562548378e-08,0.8955609202384949,4.126787189306924e-06,0.10443495959043503
/content/drive/MyDrive/StoneSense-Training/processed_grouped/processed_grouped/test/Normal/Normal- (2741).jpg,1,1,4.57150645161164e-06,0.7760723829269409,1.6687085008015856e-05,0.2239065021276474
/content/drive/MyDrive/StoneSense-Training/processed_grouped/processed_grouped/test/Normal/Normal- (2742).jpg,1,1,6.512246955026058e-07,0.9596405625343323,4.482813892536797e-06,0.04035431519150734
/content/drive/MyDrive/StoneSense-Training/processed_grouped/processed_grouped/test/Normal/Normal- (2743).jpg,1,1,2.2266505084189703e-08,0.9967207312583923,1.1517357734192046e-06,0.003278059884905815
/content/drive/MyDrive/StoneSense-Training/processed_grouped/processed_grouped/test/Normal/Normal- (2773).jpg,1,1,4.524542589479097e-07,0.986177921295166,3.81839470264822e-07,0.013821189291775227
/content/drive/MyDrive/StoneSense-Training/processed_grouped/processed_grouped/test/Normal/Normal- (2774).jpg,1,1,6.755405593139585e-06,0.9777418971061707,5.200758550927276e-06,0.022246144711971283
/content/drive/MyDrive/StoneSense-Training/processed_grouped/processed_grouped/test/Normal/Normal- (2775).jpg,1,1,2.4213835786213167e-05,0.9877122044563293,0.00011812001321231946,0.012145452201366425
/content/drive/MyDrive/StoneSense-Training/processed_grouped/processed_grouped/test/Normal/Normal- (2776).jpg,1,1,0.00010798851872095838,0.9726965427398682,0.00011834796168841422,0.02707713469862938
/content/drive/MyDrive/StoneSense-Training/processed_grouped/processed_grouped/test/Normal/Normal- (2777).jpg,1,1,3.4274715289939195e-05,0.9463092088699341,2.7884096198249608e-05,0.05362866818904877
/content/drive/MyDrive/StoneSense-Training/processed_grouped/processed_grouped/test/Normal/Normal- (2908).jpg,1,1,6.265920546866255e-07,0.9988012313842773,0.00010279082925990224,0.0010954287135973573
/content/drive/MyDrive/StoneSense-Training/processed_grouped/processed_grouped/test/Normal/Normal- (2909).jpg,1,1,8.944483056438912e-07,0.9813248515129089,0.00030178221641108394,0.018372422084212303
/content/drive/MyDrive/StoneSense-Training/processed_grouped/processed_grouped/test/Normal/Normal- (2910).jpg,1,1,3.509090333864151e-07,0.9975080490112305,0.00010263122385367751,0.0023890051525086164
/content/drive/MyDrive/StoneSense-Training/processed_grouped/processed_grouped/test/Normal/Normal- (2911).jpg,1,1,1.3937091125626466e-07,0.9986771941184998,0.00017255327838938683,0.0011501738335937262
/content/drive/MyDrive/StoneSense-Training/processed_grouped/processed_grouped/test/Normal/Normal- (2912).jpg,1,1,3.554928440507865e-08,0.997955322265625,0.00018251780420541763,0.0018621290801092982
/content/drive/MyDrive/StoneSense-Training/processed_grouped/processed_grouped/test/Normal/Normal- (2913).jpg,1,1,1.295534502787632e-06,0.9966402053833008,0.000494467094540596,0.002863967325538397
/content/drive/MyDrive/StoneSense-Training/processed_grouped/processed_grouped/test/Normal/Normal- (2914).jpg,1,1,1.1653950423351489e-05,0.9831893444061279,0.0003936543071176857,0.016405370086431503
/content/drive/MyDrive/StoneSense-Training/processed_grouped/processed_grouped/test/Normal/Normal- (2915).jpg,1,1,5.1654806156875566e-06,0.9964842796325684,0.00014395741163752973,0.0033666242379695177
/content/drive/MyDrive/StoneSense-Training/processed_grouped/processed_grouped/test/Normal/Normal- (2916).jpg,1,1,4.392110895423684e-06,0.8757097721099854,1.900317511172034e-05,0.12426687777042389
/content/drive/MyDrive/StoneSense-Training/processed_grouped/processed_grouped/test/Normal/Normal- (2917).jpg,1,1,9.045890692505054e-06,0.8977375626564026,0.007915176451206207,0.09433814138174057
/content/drive/MyDrive/StoneSense-Training/processed_grouped/processed_grouped/test/Normal/Normal- (2952).jpg,1,1,3.2655417925298025e-08,0.9998512268066406,1.744725159369409e-05,0.00013134049368090928
/content/drive/MyDrive/StoneSense-Training/processed_grouped/processed_grouped/test/Normal/Normal- (2953).jpg,1,1,6.540794856846333e-07,0.9995566010475159,7.57634115871042e-05,0.0003669886209536344
/content/drive/MyDrive/StoneSense-Training/processed_grouped/processed_grouped/test/Normal/Normal- (2979).jpg,1,1,4.537971835816279e-05,0.977614164352417,0.01145720761269331,0.010883297771215439
/content/drive/MyDrive/StoneSense-Training/processed_grouped/processed_grouped/test/Normal/Normal- (2980).jpg,1,1,2.3561753550893627e-05,0.9962248802185059,0.002270542550832033,0.0014810978900641203
/content/drive/MyDrive/StoneSense-Training/processed_grouped/processed_grouped/test/Normal/Normal- (2981).jpg,1,1,1.1948508472414687e-05,0.997201681137085,0.000846454466227442,0.0019397989381104708
/content/drive/MyDrive/StoneSense-Training/processed_grouped/processed_grouped/test/Normal/Normal- (2982).jpg,1,1,7.220461156975944e-06,0.9986379742622375,0.0009376017842441797,0.0004171734908595681
/content/drive/MyDrive/StoneSense-Training/processed_grouped/processed_grouped/test/Normal/Normal- (2983).jpg,1,1,4.6455774281639606e-05,0.9911161661148071,0.007432286627590656,0.0014051706530153751
/content/drive/MyDrive/StoneSense-Training/processed_grouped/processed_grouped/test/Normal/Normal- (2984).jpg,1,1,0.00012249461724422872,0.9682455062866211,0.02935575693845749,0.0022762385196983814
/content/drive/MyDrive/StoneSense-Training/processed_grouped/processed_grouped/test/Normal/Normal- (2985).jpg,1,1,1.3084811143926345e-05,0.9644699692726135,0.02479950711131096,0.010717349126935005
/content/drive/MyDrive/StoneSense-Training/processed_grouped/processed_grouped/test/Normal/Normal- (2986).jpg,1,1,1.589486601005774e-05,0.9264513850212097,0.04573999345302582,0.027792714536190033
/content/drive/MyDrive/StoneSense-Training/processed_grouped/processed_grouped/test/Normal/Normal- (2987).jpg,1,1,1.529615474282764e-05,0.9471409916877747,0.017777258530259132,0.03506648540496826
/content/drive/MyDrive/StoneSense-Training/processed_grouped/processed_grouped/test/Normal/Normal- (2988).jpg,1,1,1.800252175598871e-05,0.7445688843727112,0.023211970925331116,0.23220114409923553
/content/drive/MyDrive/StoneSense-Training/processed_grouped/processed_grouped/test/Normal/Normal- (2989).jpg,1,1,3.634672566477093e-06,0.836860179901123,0.05035998299717903,0.11277621984481812
/content/drive/MyDrive/StoneSense-Training/processed_grouped/processed_grouped/test/Normal/Normal- (2990).jpg,1,1,4.658803391066613e-06,0.9462200403213501,0.03825121745467186,0.015524134039878845
/content/drive/MyDrive/StoneSense-Training/processed_grouped/processed_grouped/test/Normal/Normal- (2991).jpg,1,1,2.508020588720683e-05,0.8653831481933594,0.12220578640699387,0.012386031448841095
/content/drive/MyDrive/StoneSense-Training/processed_grouped/processed_grouped/test/Normal/Normal- (2992).jpg,1,1,0.00015285314293578267,0.5408064126968384,0.43522897362709045,0.023811813443899155
/content/drive/MyDrive/StoneSense-Training/processed_grouped/processed_grouped/test/Normal/Normal- (2993).jpg,1,1,0.00034161179792135954,0.7847966551780701,0.19886921346187592,0.015992552042007446
/content/drive/MyDrive/StoneSense-Training/processed_grouped/processed_grouped/test/Normal/Normal- (2994).jpg,1,1,0.0004148652369622141,0.8699350357055664,0.10957037657499313,0.020079776644706726
/content/drive/MyDrive/StoneSense-Training/processed_grouped/processed_grouped/test/Normal/Normal- (2995).jpg,1,1,0.0002841916575562209,0.8760647177696228,0.07765353471040726,0.04599762335419655
/content/drive/MyDrive/StoneSense-Training/processed_grouped/processed_grouped/test/Normal/Normal- (2996).jpg,1,1,0.00016564545512665063,0.9234800338745117,0.03028901293873787,0.04606529325246811
/content/drive/MyDrive/StoneSense-Training/processed_grouped/processed_grouped/test/Normal/Normal- (2997).jpg,1,1,1.4536286471411586e-05,0.9872550964355469,0.006448283325880766,0.006282003130763769
/content/drive/MyDrive/StoneSense-Training/processed_grouped/processed_grouped/test/Normal/Normal- (2998).jpg,1,1,3.7338768379413523e-06,0.993293046951294,0.0033414685167372227,0.0033616162836551666
/content/drive/MyDrive/StoneSense-Training/processed_grouped/processed_grouped/test/Normal/Normal- (2999).jpg,1,1,7.286946129170246e-06,0.9849056601524353,0.0016957952175289392,0.013391254469752312
/content/drive/MyDrive/StoneSense-Training/processed_grouped/processed_grouped/test/Normal/Normal- (3000).jpg,1,1,2.259043867525179e-05,0.9888766407966614,0.004465457051992416,0.006635291501879692
/content/drive/MyDrive/StoneSense-Training/processed_grouped/processed_grouped/test/Normal/Normal- (3001).jpg,1,1,1.708777381281834e-05,0.9958892464637756,0.001918391208164394,0.0021752810571342707
/content/drive/MyDrive/StoneSense-Training/processed_grouped/processed_grouped/test/Normal/Normal- (3002).jpg,1,1,1.0802908718687831e-06,0.9979516863822937,0.00011649768566712737,0.0019308618502691388
/content/drive/MyDrive/StoneSense-Training/processed_grouped/processed_grouped/test/Normal/Normal- (3003).jpg,1,1,9.893133068317184e-08,0.9993570446968079,2.84936777461553e-05,0.0006143340142443776
/content/drive/MyDrive/StoneSense-Training/processed_grouped/processed_grouped/test/Normal/Normal- (3004).jpg,1,1,4.104373019231389e-08,0.9991642236709595,2.2076401364756748e-05,0.0008137859986163676
/content/drive/MyDrive/StoneSense-Training/processed_grouped/processed_grouped/test/Normal/Normal- (3005).jpg,1,1,3.944878645967265e-09,0.9998373985290527,3.530100002535619e-06,0.0001589865132700652
/content/drive/MyDrive/StoneSense-Training/processed_grouped/processed_grouped/test/Normal/Normal- (3006).jpg,1,1,2.8326618828344863e-09,0.9998339414596558,1.3138469512341544e-06,0.00016469215916004032
/content/drive/MyDrive/StoneSense-Training/processed_grouped/processed_grouped/test/Normal/Normal- (3007).jpg,1,1,9.430362268858516e-09,0.999678373336792,5.228152531344676e-06,0.00031641896930523217
/content/drive/MyDrive/StoneSense-Training/processed_grouped/processed_grouped/test/Normal/Normal- (3008).jpg,1,1,2.2905075613977033e-09,0.9993333220481873,4.8488082029507495e-06,0.0006618020706810057
/content/drive/MyDrive/StoneSense-Training/processed_grouped/processed_grouped/test/Normal/Normal- (3009).jpg,1,1,1.7277580477426113e-09,0.9979003667831421,8.024821909202728e-06,0.002091614995151758
/content/drive/MyDrive/StoneSense-Training/processed_grouped/processed_grouped/test/Normal/Normal- (3010).jpg,1,1,1.0550672557840812e-09,0.9994596838951111,2.574064410509891e-06,0.0005377379129640758
/content/drive/MyDrive/StoneSense-Training/processed_grouped/processed_grouped/test/Normal/Normal- (3011).jpg,1,1,4.894900595964202e-10,0.9991262555122375,2.666995214894996e-06,0.0008710927213542163
/content/drive/MyDrive/StoneSense-Training/processed_grouped/processed_grouped/test/Normal/Normal- (3012).jpg,1,1,4.2419481122157876e-11,0.9979459643363953,6.883012133584998e-07,0.0020533816423267126
/content/drive/MyDrive/StoneSense-Training/processed_grouped/processed_grouped/test/Normal/Normal- (3013).jpg,1,1,2.370810769924958e-10,0.9976582527160645,7.62561626288516e-07,0.002341009210795164
/content/drive/MyDrive/StoneSense-Training/processed_grouped/processed_grouped/test/Normal/Normal- (3014).jpg,1,1,6.191889223572389e-10,0.994117259979248,1.75738114194246e-06,0.005880952347069979
/content/drive/MyDrive/StoneSense-Training/processed_grouped/processed_grouped/test/Normal/Normal- (3015).jpg,1,1,1.7672140417701598e-09,0.9902106523513794,4.829586032428779e-06,0.009784484282135963
/content/drive/MyDrive/StoneSense-Training/processed_grouped/processed_grouped/test/Normal/Normal- (3016).jpg,1,1,8.761731340456436e-10,0.9984371066093445,3.210195927749737e-06,0.0015597068704664707
/content/drive/MyDrive/StoneSense-Training/processed_grouped/processed_grouped/test/Normal/Normal- (3017).jpg,1,1,1.9709893439578963e-10,0.9999480247497559,4.03269223170355e-06,4.7933750465745106e-05
/content/drive/MyDrive/StoneSense-Training/processed_grouped/processed_grouped/test/Normal/Normal- (3018).jpg,1,1,1.3765028006318403e-10,0.999972939491272,3.003185838679201e-06,2.407513056823518e-05
/content/drive/MyDrive/StoneSense-Training/processed_grouped/processed_grouped/test/Normal/Normal- (3019).jpg,1,1,1.4811828152883066e-10,0.9999798536300659,3.0125552257231902e-06,1.7117590687121265e-05
/content/drive/MyDrive/StoneSense-Training/processed_grouped/processed_grouped/test/Normal/Normal- (3020).jpg,1,1,1.5269870923262374e-09,0.9999384880065918,6.395392119884491e-06,5.505357330548577e-05
/content/drive/MyDrive/StoneSense-Training/processed_grouped/processed_grouped/test/Normal/Normal- (3021).jpg,1,1,4.114613982864057e-09,0.9998080134391785,1.4041279428056441e-05,0.00017793389270082116
/content/drive/MyDrive/StoneSense-Training/processed_grouped/processed_grouped/test/Normal/Normal- (3022).jpg,1,1,1.8009153279763268e-08,0.9993823766708374,9.150726691586897e-05,0.000526058953255415
/content/drive/MyDrive/StoneSense-Training/processed_grouped/processed_grouped/test/Normal/Normal- (3023).jpg,1,1,2.2207148120401143e-08,0.9996098875999451,3.130126424366608e-05,0.00035877461777999997
/content/drive/MyDrive/StoneSense-Training/processed_grouped/processed_grouped/test/Normal/Normal- (3024).jpg,1,1,2.4619890126587052e-08,0.9986574649810791,5.6194301578216255e-05,0.0012862905859947205
/content/drive/MyDrive/StoneSense-Training/processed_grouped/processed_grouped/test/Normal/Normal- (3025).jpg,1,1,1.0861892008051655e-07,0.996503472328186,0.0003665698750410229,0.003129772376269102
/content/drive/MyDrive/StoneSense-Training/processed_grouped/processed_grouped/test/Normal/Normal- (3026).jpg,1,1,3.133078507744358e-07,0.9963582158088684,0.0014722325140610337,0.0021692351438105106
/content/drive/MyDrive/StoneSense-Training/processed_grouped/processed_grouped/test/Normal/Normal- (3027).jpg,1,1,2.7214143827336557e-08,0.9984294772148132,0.0005207416252233088,0.0010497367475181818
/content/drive/MyDrive/StoneSense-Training/processed_grouped/processed_grouped/test/Normal/Normal- (3028).jpg,1,1,6.118925810483233e-09,0.9985412359237671,0.0008468529558740556,0.0006120032630860806
/content/drive/MyDrive/StoneSense-Training/processed_grouped/processed_grouped/test/Normal/Normal- (3029).jpg,1,1,4.25612078913673e-08,0.9940495491027832,0.004370932001620531,0.0015794598730280995
/content/drive/MyDrive/StoneSense-Training/processed_grouped/processed_grouped/test/Normal/Normal- (3030).jpg,1,1,7.174950411581449e-08,0.9938162565231323,0.0037324519362300634,0.0024512147065252066
/content/drive/MyDrive/StoneSense-Training/processed_grouped/processed_grouped/test/Normal/Normal- (3031).jpg,1,1,2.2498021223782416e-09,0.9993751645088196,0.0002886849397327751,0.00033618422457948327
/content/drive/MyDrive/StoneSense-Training/processed_grouped/processed_grouped/test/Normal/Normal- (3032).jpg,1,1,4.951169696454372e-09,0.9996719360351562,0.00018302889657206833,0.00014505824947264045
/content/drive/MyDrive/StoneSense-Training/processed_grouped/processed_grouped/test/Normal/Normal- (3033).jpg,1,1,1.0436096431476471e-08,0.9994750618934631,0.00020610200590454042,0.000318780483212322
/content/drive/MyDrive/StoneSense-Training/processed_grouped/processed_grouped/test/Normal/Normal- (3034).jpg,1,1,3.1248068577127697e-09,0.9995304346084595,3.287561776232906e-05,0.00043672032188624144
/content/drive/MyDrive/StoneSense-Training/processed_grouped/processed_grouped/test/Normal/Normal- (3035).jpg,1,1,9.602412198717047e-09,0.9986454844474792,2.434533780615311e-05,0.0013301537837833166
/content/drive/MyDrive/StoneSense-Training/processed_grouped/processed_grouped/test/Normal/Normal- (3036).jpg,1,1,4.6979926615620116e-09,0.9997957348823547,2.4957540517789312e-05,0.00017939806275535375
/content/drive/MyDrive/StoneSense-Training/processed_grouped/processed_grouped/test/Normal/Normal- (3037).jpg,1,1,4.02862410098237e-10,0.9999783039093018,4.921013442071853e-06,1.6835121641634032e-05
/content/drive/MyDrive/StoneSense-Training/processed_grouped/processed_grouped/test/Normal/Normal- (3038).jpg,1,1,8.563597747590634e-11,0.999996542930603,2.530707376990904e-07,3.224566171411425e-06
/content/drive/MyDrive/StoneSense-Training/processed_grouped/processed_grouped/test/Normal/Normal- (3039).jpg,1,1,3.3229945461954458e-09,0.9999661445617676,1.933263320097467e-06,3.194206510670483e-05
/content/drive/MyDrive/StoneSense-Training/processed_grouped/processed_grouped/test/Normal/Normal- (3040).jpg,1,1,1.7676243802000613e-09,0.9999884366989136,7.580756573588587e-07,1.0865411240956746e-05
/content/drive/MyDrive/StoneSense-Training/processed_grouped/processed_grouped/test/Normal/Normal- (3041).jpg,1,1,1.8562552883683026e-10,0.9999864101409912,1.544890153581946e-07,1.3440940165310167e-05
/content/drive/MyDrive/StoneSense-Training/processed_grouped/processed_grouped/test/Normal/Normal- (3042).jpg,1,1,7.464053680683591e-12,0.999982476234436,5.4997876475226803e-08,1.747910755511839e-05
/content/drive/MyDrive/StoneSense-Training/processed_grouped/processed_grouped/test/Normal/Normal- (3043).jpg,1,1,3.7102435707092596e-11,0.9998676776885986,3.858703934156438e-08,0.00013228155148681253
/content/drive/MyDrive/StoneSense-Training/processed_grouped/processed_grouped/test/Normal/Normal- (3044).jpg,1,1,7.75453867785103e-11,0.9999058246612549,4.934697983571823e-08,9.420517017133534e-05
/content/drive/MyDrive/StoneSense-Training/processed_grouped/processed_grouped/test/Normal/Normal- (3045).jpg,1,1,7.987207423232334e-11,0.9999850988388062,1.27722003639974e-07,1.47485689012683e-05
/content/drive/MyDrive/StoneSense-Training/processed_grouped/processed_grouped/test/Normal/Normal- (3046).jpg,1,1,2.3392034836922093e-11,0.9999969005584717,4.631009744571202e-07,2.5949670998670626e-06
/content/drive/MyDrive/StoneSense-Training/processed_grouped/processed_grouped/test/Normal/Normal- (3047).jpg,1,1,4.699153566267711e-11,0.9999942779541016,5.719200544263003e-07,5.076500656286953e-06
/content/drive/MyDrive/StoneSense-Training/processed_grouped/processed_grouped/test/Normal/Normal- (3048).jpg,1,1,4.646414850095759e-11,0.9999762773513794,3.5798410635834443e-07,2.3400725694955327e-05
/content/drive/MyDrive/StoneSense-Training/processed_grouped/processed_grouped/test/Normal/Normal- (3049).jpg,1,1,8.27658427904332e-12,0.9999188184738159,1.2450841779809707e-07,8.110982162179425e-05
/content/drive/MyDrive/StoneSense-Training/processed_grouped/processed_grouped/test/Normal/Normal- (3050).jpg,1,1,1.089242411544955e-11,0.9998823404312134,1.0418096252351461e-07,0.00011747037206077948
/content/drive/MyDrive/StoneSense-Training/processed_grouped/processed_grouped/test/Normal/Normal- (3051).jpg,1,1,5.917974443825358e-12,0.999901294708252,9.381978571809668e-08,9.851888898992911e-05
/content/drive/MyDrive/StoneSense-Training/processed_grouped/processed_grouped/test/Normal/Normal- (3052).jpg,1,1,7.408899604932628e-10,0.9954285621643066,2.8700876555376453e-06,0.004568539094179869
/content/drive/MyDrive/StoneSense-Training/processed_grouped/processed_grouped/test/Normal/Normal- (3053).jpg,1,1,2.1094895275020065e-10,0.9969593286514282,1.4089201840761234e-06,0.0030393071938306093
/content/drive/MyDrive/StoneSense-Training/processed_grouped/processed_grouped/test/Normal/Normal- (3054).jpg,1,1,1.1176571473869856e-10,0.9995893836021423,1.1832743211925845e-06,0.00040939150494523346
/content/drive/MyDrive/StoneSense-Training/processed_grouped/processed_grouped/test/Normal/Normal- (3055).jpg,1,1,4.014955590214697e-10,0.9995648264884949,1.2871977332906681e-06,0.0004338893631938845
/content/drive/MyDrive/StoneSense-Training/processed_grouped/processed_grouped/test/Normal/Normal- (3056).jpg,1,1,1.0663597088678145e-10,0.9998294115066528,4.892900165032188e-07,0.00017003777611535043
/content/drive/MyDrive/StoneSense-Training/processed_grouped/processed_grouped/test/Normal/Normal- (3057).jpg,1,1,6.330073964999627e-11,0.999237060546875,1.5745220593998965e-07,0.0007628202438354492
/content/drive/MyDrive/StoneSense-Training/processed_grouped/processed_grouped/test/Normal/Normal- (3058).jpg,1,1,7.704825666365878e-10,0.9922680258750916,1.9546096154954284e-06,0.0077299573458731174
/content/drive/MyDrive/StoneSense-Training/processed_grouped/processed_grouped/test/Normal/Normal- (3059).jpg,1,1,1.6439772876353231e-09,0.9939656853675842,4.9424847929913085e-06,0.0060293362475931644
/content/drive/MyDrive/StoneSense-Training/processed_grouped/processed_grouped/test/Normal/Normal- (3060).jpg,1,1,2.6405975184218278e-09,0.9978943467140198,1.1724179785232991e-05,0.0020939474925398827
/content/drive/MyDrive/StoneSense-Training/processed_grouped/processed_grouped/test/Normal/Normal- (3061).jpg,1,1,2.1124167692843088e-10,0.999123752117157,3.571531806301209e-06,0.0008727090898901224
/content/drive/MyDrive/StoneSense-Training/processed_grouped/processed_grouped/test/Normal/Normal- (3062).jpg,1,1,2.1071523692572924e-10,0.999535083770752,8.923408131522592e-06,0.000455975707154721
/content/drive/MyDrive/StoneSense-Training/processed_grouped/processed_grouped/test/Normal/Normal- (3063).jpg,1,1,5.279018333581575e-10,0.999572217464447,1.5006807188910898e-05,0.00041274193790741265
/content/drive/MyDrive/StoneSense-Training/processed_grouped/processed_grouped/test/Normal/Normal- (3064).jpg,1,1,6.9027858984327395e-09,0.9989067316055298,9.534515265841037e-05,0.0009978769812732935
/content/drive/MyDrive/StoneSense-Training/processed_grouped/processed_grouped/test/Normal/Normal- (3065).jpg,1,1,2.2055234083495634e-08,0.9971289038658142,0.00027310894802212715,0.00259795063175261
/content/drive/MyDrive/StoneSense-Training/processed_grouped/processed_grouped/test/Normal/Normal- (3066).jpg,1,1,5.305709649405799e-09,0.9978081583976746,0.00010251690400764346,0.002089312532916665
/content/drive/MyDrive/StoneSense-Training/processed_grouped/processed_grouped/test/Normal/Normal- (3067).jpg,1,1,1.8307890758961776e-09,0.9994470477104187,3.384309457032941e-05,0.0005191381205804646
/content/drive/MyDrive/StoneSense-Training/processed_grouped/processed_grouped/test/Normal/Normal- (3068).jpg,1,1,3.1240430242718276e-09,0.9986687898635864,3.014158210135065e-05,0.0013011053670197725
/content/drive/MyDrive/StoneSense-Training/processed_grouped/processed_grouped/test/Normal/Normal- (3069).jpg,1,1,7.688699454888592e-09,0.9960856437683105,0.0001372207625536248,0.0037771393544971943
/content/drive/MyDrive/StoneSense-Training/processed_grouped/processed_grouped/test/Normal/Normal- (3070).jpg,1,1,1.791169101927892e-09,0.9895443320274353,3.595915768528357e-05,0.010419629514217377
/content/drive/MyDrive/StoneSense-Training/processed_grouped/processed_grouped/test/Normal/Normal- (3071).jpg,1,1,3.865113118450836e-09,0.9967457056045532,5.924950528424233e-05,0.0031949335243552923
/content/drive/MyDrive/StoneSense-Training/processed_grouped/processed_grouped/test/Normal/Normal- (3072).jpg,1,1,8.145750185484246e-10,0.9966996312141418,1.615075052541215e-05,0.0032841311767697334
/content/drive/MyDrive/StoneSense-Training/processed_grouped/processed_grouped/test/Normal/Normal- (3073).jpg,1,1,2.058131165494359e-10,0.9991247057914734,9.744782801135443e-06,0.0008655596757307649
/content/drive/MyDrive/StoneSense-Training/processed_grouped/processed_grouped/test/Normal/Normal- (3074).jpg,1,1,5.331257657559263e-11,0.999326229095459,1.0249026672681794e-05,0.0006635829922743142
/content/drive/MyDrive/StoneSense-Training/processed_grouped/processed_grouped/test/Normal/Normal- (3075).jpg,1,1,2.6426021093595153e-11,0.9994416832923889,1.9438548406469636e-06,0.0005563486483879387
/content/drive/MyDrive/StoneSense-Training/processed_grouped/processed_grouped/test/Normal/Normal- (3076).jpg,1,1,1.2311711372614553e-10,0.9997228980064392,3.5712682802113704e-06,0.0002735253074206412
/content/drive/MyDrive/StoneSense-Training/processed_grouped/processed_grouped/test/Normal/Normal- (3077).jpg,1,1,1.0459866306433696e-09,0.9998525381088257,1.663936927798204e-05,0.00013070018030703068
/content/drive/MyDrive/StoneSense-Training/processed_grouped/processed_grouped/test/Normal/Normal- (3078).jpg,1,1,6.554607412390112e-10,0.9998480081558228,8.403932042710949e-06,0.00014355115126818419
/content/drive/MyDrive/StoneSense-Training/processed_grouped/processed_grouped/test/Normal/Normal- (3079).jpg,1,1,7.360218545748864e-10,0.999665379524231,9.93700359686045e-06,0.00032475078478455544
/content/drive/MyDrive/StoneSense-Training/processed_grouped/processed_grouped/test/Normal/Normal- (3080).jpg,1,1,1.0070568823294934e-09,0.9997888207435608,7.480001841031481e-06,0.00020364357624202967
/content/drive/MyDrive/StoneSense-Training/processed_grouped/processed_grouped/test/Normal/Normal- (3081).jpg,1,1,2.2017984657729528e-11,0.9998552799224854,7.480737735932053e-07,0.00014396623009815812
/content/drive/MyDrive/StoneSense-Training/processed_grouped/processed_grouped/test/Normal/Normal- (3082).jpg,1,1,2.5718552721515353e-12,0.9999104738235474,3.2000195915316e-07,8.910450560506433e-05
/content/drive/MyDrive/StoneSense-Training/processed_grouped/processed_grouped/test/Normal/Normal- (3083).jpg,1,1,2.2856935528309252e-12,0.9999258518218994,3.296885893178114e-07,7.377575821010396e-05
/content/drive/MyDrive/StoneSense-Training/processed_grouped/processed_grouped/test/Normal/Normal- (3084).jpg,1,1,4.483808723615423e-12,0.9999868869781494,3.3901540064107394e-07,1.2760120625898708e-05
/content/drive/MyDrive/StoneSense-Training/processed_grouped/processed_grouped/test/Normal/Normal- (3085).jpg,1,1,1.2201539691808483e-12,0.9999990463256836,4.928169161644291e-08,9.723530638439115e-07
/content/drive/MyDrive/StoneSense-Training/processed_grouped/processed_grouped/test/Normal/Normal- (3086).jpg,1,1,1.6442729339552487e-12,0.9999995231628418,2.9563262060605666e-08,4.579994197229098e-07
/content/drive/MyDrive/StoneSense-Training/processed_grouped/processed_grouped/test/Normal/Normal- (3087).jpg,1,1,1.3021982580782576e-12,0.9999990463256836,2.7562759186139374e-08,9.955009545592475e-07
/content/drive/MyDrive/StoneSense-Training/processed_grouped/processed_grouped/test/Normal/Normal- (3088).jpg,1,1,1.4777109657443388e-12,0.9999954700469971,2.6915390805015704e-08,4.582372184813721e-06
/content/drive/MyDrive/StoneSense-Training/processed_grouped/processed_grouped/test/Normal/Normal- (3089).jpg,1,1,3.493629539309817e-13,0.9999979734420776,2.3031059726008607e-08,2.084037305394304e-06
/content/drive/MyDrive/StoneSense-Training/processed_grouped/processed_grouped/test/Normal/Normal- (3090).jpg,1,1,4.4940703177072383e-13,0.9999978542327881,8.57548982935441e-08,1.98020870811888e-06
/content/drive/MyDrive/StoneSense-Training/processed_grouped/processed_grouped/test/Normal/Normal- (3091).jpg,1,1,7.859815906842774e-14,0.999998927116394,8.610027357747185e-09,1.0835087778104935e-06
/content/drive/MyDrive/StoneSense-Training/processed_grouped/processed_grouped/test/Normal/Normal- (3092).jpg,1,1,4.2348831147571986e-13,0.9999991655349731,3.527026137817302e-08,8.930544481700053e-07
/content/drive/MyDrive/StoneSense-Training/processed_grouped/processed_grouped/test/Normal/Normal- (3093).jpg,1,1,6.721258749217696e-13,0.9999972581863403,2.153541167615458e-08,2.796004537231056e-06
/content/drive/MyDrive/StoneSense-Training/processed_grouped/processed_grouped/test/Normal/Normal- (3094).jpg,1,1,2.914047312913698e-13,0.9999980926513672,7.802000823176058e-08,1.767927187756868e-06
/content/drive/MyDrive/StoneSense-Training/processed_grouped/processed_grouped/test/Normal/Normal- (3095).jpg,1,1,5.201785183150953e-13,0.9999911785125732,9.239627729584754e-08,8.652109499962535e-06
/content/drive/MyDrive/StoneSense-Training/processed_grouped/processed_grouped/test/Normal/Normal- (3096).jpg,1,1,9.40884306230294e-13,0.9999936819076538,4.504876471855823e-08,6.314893653325271e-06
/content/drive/MyDrive/StoneSense-Training/processed_grouped/processed_grouped/test/Normal/Normal- (3097).jpg,1,1,3.6441396775166446e-12,0.9999897480010986,3.4139384297304787e-07,9.924683581630234e-06
/content/drive/MyDrive/StoneSense-Training/processed_grouped/processed_grouped/test/Normal/Normal- (3098).jpg,1,1,4.13971070964414e-12,0.9999834299087524,9.032321486301953e-07,1.558275289426092e-05
/content/drive/MyDrive/StoneSense-Training/processed_grouped/processed_grouped/test/Normal/Normal- (3099).jpg,1,1,1.7400560159419598e-11,0.9999754428863525,1.867686592049722e-06,2.2695585357723758e-05
/content/drive/MyDrive/StoneSense-Training/processed_grouped/processed_grouped/test/Normal/Normal- (3100).jpg,1,1,7.120904126772798e-12,0.9999747276306152,3.390591132301779e-07,2.4927705453592353e-05
/content/drive/MyDrive/StoneSense-Training/processed_grouped/processed_grouped/test/Normal/Normal- (3101).jpg,1,1,8.082620510385663e-12,0.999977707862854,1.9638758885776042e-07,2.203379335696809e-05
/content/drive/MyDrive/StoneSense-Training/processed_grouped/processed_grouped/test/Normal/Normal- (3102).jpg,1,1,1.5817484821933903e-10,0.9999558925628662,1.257448388969351e-06,4.281616202206351e-05
/content/drive/MyDrive/StoneSense-Training/processed_grouped/processed_grouped/test/Normal/Normal- (3103).jpg,1,1,1.578807307112129e-09,0.9998279809951782,7.096210083545884e-06,0.0001648190664127469
/content/drive/MyDrive/StoneSense-Training/processed_grouped/processed_grouped/test/Normal/Normal- (3104).jpg,1,1,4.395753094854626e-09,0.9997016787528992,2.9175551389926113e-05,0.0002690810360945761
/content/drive/MyDrive/StoneSense-Training/processed_grouped/processed_grouped/test/Normal/Normal- (3105).jpg,1,1,3.0701891029494277e-10,0.9999028444290161,7.640735930181108e-06,8.951990457717329e-05
/content/drive/MyDrive/StoneSense-Training/processed_grouped/processed_grouped/test/Normal/Normal- (3106).jpg,1,1,1.6326956453482921e-10,0.9999802112579346,1.7104500784625998e-06,1.8167691450798884e-05
/content/drive/MyDrive/StoneSense-Training/processed_grouped/processed_grouped/test/Normal/Normal- (3107).jpg,1,1,4.042727264064183e-10,0.9999862909317017,1.1604257679209695e-06,1.2535813766589854e-05
/content/drive/MyDrive/StoneSense-Training/processed_grouped/processed_grouped/test/Normal/Normal- (3108).jpg,1,1,4.85816442630238e-10,0.9999734163284302,7.458760364897898e-07,2.5874296625261195e-05
/content/drive/MyDrive/StoneSense-Training/processed_grouped/processed_grouped/test/Normal/Normal- (3109).jpg,1,1,2.0672121792131293e-09,0.9999672174453735,4.111320777155925e-06,2.8748805561917834e-05
/content/drive/MyDrive/StoneSense-Training/processed_grouped/processed_grouped/test/Normal/Normal- (3110).jpg,1,1,1.5206708781079215e-08,0.9993599057197571,2.628229594847653e-05,0.0006138268508948386
/content/drive/MyDrive/StoneSense-Training/processed_grouped/processed_grouped/test/Normal/Normal- (3111).jpg,1,1,2.553056788201502e-07,0.9983447790145874,0.00014982670836616307,0.0015051012160256505
/content/drive/MyDrive/StoneSense-Training/processed_grouped/processed_grouped/test/Normal/Normal- (3112).jpg,1,1,6.025821619459748e-08,0.9994309544563293,5.385389522416517e-05,0.0005151075893081725
/content/drive/MyDrive/StoneSense-Training/processed_grouped/processed_grouped/test/Normal/Normal- (3113).jpg,1,1,9.425518143757472e-09,0.9999216794967651,8.895831342670135e-06,6.935904093552381e-05
/content/drive/MyDrive/StoneSense-Training/processed_grouped/processed_grouped/test/Normal/Normal- (3114).jpg,1,1,2.83447265658765e-09,0.9999675750732422,9.969960956368595e-06,2.2398571672965772e-05
/content/drive/MyDrive/StoneSense-Training/processed_grouped/processed_grouped/test/Normal/Normal- (3115).jpg,1,1,8.183594357724644e-10,0.9999903440475464,3.031504547834629e-06,6.717264113831334e-06
/content/drive/MyDrive/StoneSense-Training/processed_grouped/processed_grouped/test/Normal/Normal- (3116).jpg,1,1,1.794456694348412e-09,0.9999747276306152,7.099538834154373e-06,1.807728949643206e-05
/content/drive/MyDrive/StoneSense-Training/processed_grouped/processed_grouped/test/Normal/Normal- (3117).jpg,1,1,1.0117640059092992e-09,0.999950647354126,9.006096661323681e-06,4.023309156764299e-05
/content/drive/MyDrive/StoneSense-Training/processed_grouped/processed_grouped/test/Normal/Normal- (3124).jpg,1,1,1.464008136942141e-09,0.9999722242355347,2.5814568289206363e-05,1.945528538271901e-06
/content/drive/MyDrive/StoneSense-Training/processed_grouped/processed_grouped/test/Normal/Normal- (3125).jpg,1,1,1.7707938226863007e-08,0.9987247586250305,0.0012593100545927882,1.5960296877892688e-05
/content/drive/MyDrive/StoneSense-Training/processed_grouped/processed_grouped/test/Normal/Normal- (3126).jpg,1,1,3.005814619427838e-08,0.9671180844306946,0.032718781381845474,0.0001631038321647793
/content/drive/MyDrive/StoneSense-Training/processed_grouped/processed_grouped/test/Normal/Normal- (3127).jpg,1,2,2.7587811146645436e-08,0.4262341558933258,0.569710910320282,0.004054914694279432
/content/drive/MyDrive/StoneSense-Training/processed_grouped/processed_grouped/test/Normal/Normal- (3128).jpg,1,1,1.7935715135308783e-08,0.8994459509849548,0.09422491490840912,0.0063291285187006
/content/drive/MyDrive/StoneSense-Training/processed_grouped/processed_grouped/test/Normal/Normal- (3129).jpg,1,1,6.634970350916092e-09,0.994867205619812,0.00425414415076375,0.0008786560501903296
/content/drive/MyDrive/StoneSense-Training/processed_grouped/processed_grouped/test/Normal/Normal- (3130).jpg,1,1,1.7346722946953719e-09,0.9947589039802551,0.004388234578073025,0.000852877798024565
/content/drive/MyDrive/StoneSense-Training/processed_grouped/processed_grouped/test/Normal/Normal- (3131).jpg,1,1,4.44537101573772e-10,0.9972053170204163,0.0007138155051507056,0.002080826321616769
/content/drive/MyDrive/StoneSense-Training/processed_grouped/processed_grouped/test/Normal/Normal- (3132).jpg,1,1,1.1060603821722026e-10,0.9979788661003113,0.00012873485684394836,0.001892373082228005
/content/drive/MyDrive/StoneSense-Training/processed_grouped/processed_grouped/test/Normal/Normal- (3133).jpg,1,1,1.2981751784657547e-10,0.9852132201194763,0.00031843644683249295,0.01446839515119791
/content/drive/MyDrive/StoneSense-Training/processed_grouped/processed_grouped/test/Normal/Normal- (3134).jpg,1,1,4.121406688151197e-11,0.9995170831680298,7.366318641288672e-06,0.00047550618182867765
/content/drive/MyDrive/StoneSense-Training/processed_grouped/processed_grouped/test/Normal/Normal- (3135).jpg,1,1,1.1025475671333496e-11,0.999637246131897,1.1158203960803803e-06,0.0003616751346271485
/content/drive/MyDrive/StoneSense-Training/processed_grouped/processed_grouped/test/Normal/Normal- (3136).jpg,1,1,2.7672145824775285e-11,0.9972779154777527,1.750362935126759e-05,0.0027046457398682833
/content/drive/MyDrive/StoneSense-Training/processed_grouped/processed_grouped/test/Normal/Normal- (3137).jpg,1,1,3.1302763159324343e-10,0.9970495700836182,1.0974286851705983e-05,0.0029395166784524918
/content/drive/MyDrive/StoneSense-Training/processed_grouped/processed_grouped/test/Normal/Normal- (3138).jpg,1,1,1.0628962987535573e-10,0.9974340796470642,7.73776355345035e-06,0.0025581899099051952
/content/drive/MyDrive/StoneSense-Training/processed_grouped/processed_grouped/test/Normal/Normal- (3139).jpg,1,1,1.5346195147980524e-10,0.9943986535072327,5.671206963597797e-06,0.00559566356241703
/content/drive/MyDrive/StoneSense-Training/processed_grouped/processed_grouped/test/Normal/Normal- (3140).jpg,1,1,3.908395551643906e-10,0.9935810565948486,9.517663784208708e-06,0.0064094457775354385
/content/drive/MyDrive/StoneSense-Training/processed_grouped/processed_grouped/test/Normal/Normal- (3141).jpg,1,1,9.251230892459716e-10,0.9889527559280396,2.3739436073810793e-05,0.011023550294339657
/content/drive/MyDrive/StoneSense-Training/processed_grouped/processed_grouped/test/Normal/Normal- (3142).jpg,1,1,6.715018940894879e-08,0.9958509206771851,0.0008522818679921329,0.00329664908349514
/content/drive/MyDrive/StoneSense-Training/processed_grouped/processed_grouped/test/Normal/Normal- (3143).jpg,1,1,6.315539757828503e-10,0.999798595905304,4.781081588589586e-05,0.00015364645514637232
/content/drive/MyDrive/StoneSense-Training/processed_grouped/processed_grouped/test/Normal/Normal- (3144).jpg,1,1,3.7282832376916986e-10,0.9999434947967529,2.3751845219521783e-05,3.279521843069233e-05
/content/drive/MyDrive/StoneSense-Training/processed_grouped/processed_grouped/test/Normal/Normal- (3145).jpg,1,1,1.007280037157443e-09,0.9998272061347961,8.587353659095243e-05,8.699032332515344e-05
/content/drive/MyDrive/StoneSense-Training/processed_grouped/processed_grouped/test/Normal/Normal- (3146).jpg,1,1,2.6281660875371315e-11,0.9999833106994629,4.684960913436953e-06,1.2042151865898632e-05
/content/drive/MyDrive/StoneSense-Training/processed_grouped/processed_grouped/test/Normal/Normal- (3147).jpg,1,1,9.678883389208082e-11,0.9999784231185913,1.706582224869635e-06,1.988721669476945e-05
/content/drive/MyDrive/StoneSense-Training/processed_grouped/processed_grouped/test/Normal/Normal- (3148).jpg,1,1,6.26943441606187e-10,0.9999845027923584,8.835251719574444e-06,6.698385732306633e-06
/content/drive/MyDrive/StoneSense-Training/processed_grouped/processed_grouped/test/Normal/Normal- (3156).jpg,1,1,1.0647909637340192e-10,0.9999898672103882,9.956490430340637e-06,1.1596505089528364e-07
/content/drive/MyDrive/StoneSense-Training/processed_grouped/processed_grouped/test/Normal/Normal- (3157).jpg,1,1,4.9741578043993595e-12,0.9999911785125732,8.789667845121585e-06,5.2216595491927364e-08
/content/drive/MyDrive/StoneSense-Training/processed_grouped/processed_grouped/test/Normal/Normal- (3158).jpg,1,1,3.839575359043668e-12,0.9999774694442749,2.2502759748022072e-05,4.255757346527389e-08
/content/drive/MyDrive/StoneSense-Training/processed_grouped/processed_grouped/test/Normal/Normal- (3159).jpg,1,1,2.5136047757112756e-12,0.9999977350234985,2.2990855086391093e-06,4.409570664165585e-08
/content/drive/MyDrive/StoneSense-Training/processed_grouped/processed_grouped/test/Normal/Normal- (3160).jpg,1,1,4.4930251468129623e-13,0.9999998807907104,1.65367410431827e-07,3.055161101883641e-08
/content/drive/MyDrive/StoneSense-Training/processed_grouped/processed_grouped/test/Normal/Normal- (3161).jpg,1,1,5.52335141599386e-13,0.9999994039535522,4.898741963188513e-07,5.996082563797245e-08
/content/drive/MyDrive/StoneSense-Training/processed_grouped/processed_grouped/test/Normal/Normal- (3162).jpg,1,1,1.9908916095573437e-12,0.9999995231628418,2.8689697728623287e-07,2.2583340353321546e-07
/content/drive/MyDrive/StoneSense-Training/processed_grouped/processed_grouped/test/Normal/Normal- (3163).jpg,1,1,1.0756348936546978e-11,0.9999988079071045,3.709209011049097e-07,8.316554271914356e-07
/content/drive/MyDrive/StoneSense-Training/processed_grouped/processed_grouped/test/Normal/Normal- (3164).jpg,1,1,2.3705325896683505e-11,0.9999954700469971,4.447724677447695e-06,1.2295959095354192e-07
/content/drive/MyDrive/StoneSense-Training/processed_grouped/processed_grouped/test/Normal/Normal- (3165).jpg,1,1,1.2591626526170518e-11,0.9999933242797852,6.687254881398985e-06,2.9719060989918944e-08
/content/drive/MyDrive/StoneSense-Training/processed_grouped/processed_grouped/test/Normal/Normal- (3166).jpg,1,1,6.156884897745574e-12,0.9999959468841553,3.884573743562214e-06,9.003661460837975e-08
/content/drive/MyDrive/StoneSense-Training/processed_grouped/processed_grouped/test/Normal/Normal- (3167).jpg,1,1,2.7403257614466714e-12,0.9999996423721313,3.161416088914848e-07,3.188088015804169e-08
/content/drive/MyDrive/StoneSense-Training/processed_grouped/processed_grouped/test/Normal/Normal- (3168).jpg,1,1,6.629024412729834e-11,0.9999895095825195,9.60122088144999e-06,8.763767596065009e-07
/content/drive/MyDrive/StoneSense-Training/processed_grouped/processed_grouped/test/Normal/Normal- (334).jpg,1,1,1.4849595077887079e-12,0.9999887943267822,1.0983935680997092e-05,2.0819115320591663e-07
/content/drive/MyDrive/StoneSense-Training/processed_grouped/processed_grouped/test/Normal/Normal- (335).jpg,1,1,5.950164406326452e-13,0.9999972581863403,2.063432475551963e-06,6.631214546359843e-07
/content/drive/MyDrive/StoneSense-Training/processed_grouped/processed_grouped/test/Normal/Normal- (336).jpg,1,1,2.0204722430187082e-14,0.9999998807907104,2.7548590963988318e-08,7.499861709447941e-08
/content/drive/MyDrive/StoneSense-Training/processed_grouped/processed_grouped/test/Normal/Normal- (337).jpg,1,1,4.297866519598591e-14,0.9999998807907104,1.0090356994396643e-07,3.032096884680868e-08
/content/drive/MyDrive/StoneSense-Training/processed_grouped/processed_grouped/test/Normal/Normal- (338).jpg,1,1,2.7361565704125956e-12,0.9999990463256836,5.907295417273417e-07,3.0846095455672184e-07
/content/drive/MyDrive/StoneSense-Training/processed_grouped/processed_grouped/test/Normal/Normal- (339).jpg,1,1,2.754182298891905e-11,0.9999902248382568,6.3656502788944636e-06,3.4518857319199014e-06
/content/drive/MyDrive/StoneSense-Training/processed_grouped/processed_grouped/test/Normal/Normal- (340).jpg,1,1,1.6789432691344253e-11,0.9998652935028076,0.00012735223572235554,7.441638899763348e-06
/content/drive/MyDrive/StoneSense-Training/processed_grouped/processed_grouped/test/Normal/Normal- (341).jpg,1,1,6.667185033226719e-12,0.9998763799667358,0.00012151567352702841,2.0998427316953894e-06
/content/drive/MyDrive/StoneSense-Training/processed_grouped/processed_grouped/test/Normal/Normal- (342).jpg,1,1,9.585720238403095e-12,0.9999542236328125,4.1988994780695066e-05,3.843223112198757e-06
/content/drive/MyDrive/StoneSense-Training/processed_grouped/processed_grouped/test/Normal/Normal- (343).jpg,1,1,5.817207132663427e-11,0.9999425411224365,5.5787444580346346e-05,1.705691147435573e-06
/content/drive/MyDrive/StoneSense-Training/processed_grouped/processed_grouped/test/Normal/Normal- (344).jpg,1,1,2.5280876350675108e-11,0.9999861717224121,1.1836961675726343e-05,2.038258116954239e-06
/content/drive/MyDrive/StoneSense-Training/processed_grouped/processed_grouped/test/Normal/Normal- (345).jpg,1,1,3.732428602298832e-11,0.9999833106994629,1.455668552807765e-05,2.12208624361665e-06
/content/drive/MyDrive/StoneSense-Training/processed_grouped/processed_grouped/test/Normal/Normal- (3452).jpg,1,1,3.6267190353100887e-06,0.9736183285713196,4.803604952030582e-06,0.026373302564024925
/content/drive/MyDrive/StoneSense-Training/processed_grouped/processed_grouped/test/Normal/Normal- (3453).jpg,1,1,2.4128232325892895e-05,0.9896416068077087,1.4101764463703148e-05,0.010320083238184452
/content/drive/MyDrive/StoneSense-Training/processed_grouped/processed_grouped/test/Normal/Normal- (3454).jpg,1,1,0.0004295343242119998,0.9457384347915649,0.00010268124606227502,0.053729332983493805
/content/drive/MyDrive/StoneSense-Training/processed_grouped/processed_grouped/test/Normal/Normal- (3455).jpg,1,1,2.0169876734144054e-05,0.9228761196136475,0.0003908768994733691,0.07671283185482025
/content/drive/MyDrive/StoneSense-Training/processed_grouped/processed_grouped/test/Normal/Normal- (3456).jpg,1,1,1.843022255343385e-05,0.9558752179145813,8.624941074231174e-06,0.044097643345594406
/content/drive/MyDrive/StoneSense-Training/processed_grouped/processed_grouped/test/Normal/Normal- (3457).jpg,1,1,3.902805929101305e-06,0.9951791763305664,1.5544320604021777e-06,0.004815424792468548
/content/drive/MyDrive/StoneSense-Training/processed_grouped/processed_grouped/test/Normal/Normal- (3458).jpg,1,1,7.688628897994931e-07,0.9996022582054138,6.526995122158041e-08,0.00039695046143606305
/content/drive/MyDrive/StoneSense-Training/processed_grouped/processed_grouped/test/Normal/Normal- (346).jpg,1,1,2.9601196493977966e-10,0.9999839067459106,1.3135146218701266e-05,2.923363126683398e-06
/content/drive/MyDrive/StoneSense-Training/processed_grouped/processed_grouped/test/Normal/Normal- (347).jpg,1,1,5.341906916811467e-10,0.9999896287918091,5.528918791242177e-06,4.941040970152244e-06
/content/drive/MyDrive/StoneSense-Training/processed_grouped/processed_grouped/test/Normal/Normal- (348).jpg,1,1,1.6171783356888625e-10,0.999994158744812,7.380268129963952e-07,5.185514055483509e-06
/content/drive/MyDrive/StoneSense-Training/processed_grouped/processed_grouped/test/Normal/Normal- (349).jpg,1,1,1.6353222595522077e-11,0.9999974966049194,5.239563733994146e-07,2.068725507342606e-06
/content/drive/MyDrive/StoneSense-Training/processed_grouped/processed_grouped/test/Normal/Normal- (350).jpg,1,1,1.4873222445310752e-11,0.9999949932098389,3.242799493818893e-06,1.7869114117274876e-06
/content/drive/MyDrive/StoneSense-Training/processed_grouped/processed_grouped/test/Normal/Normal- (351).jpg,1,1,2.929445314797663e-12,0.999997615814209,2.1850869416084606e-06,2.8850533340119e-07
/content/drive/MyDrive/StoneSense-Training/processed_grouped/processed_grouped/test/Normal/Normal- (352).jpg,1,1,3.6826013701148075e-13,0.9999990463256836,4.81535607832484e-07,4.2797515220627247e-07
/content/drive/MyDrive/StoneSense-Training/processed_grouped/processed_grouped/test/Normal/Normal- (353).jpg,1,1,1.8591070794372194e-13,0.9999990463256836,7.035749831629801e-07,2.2649567199550802e-07
/content/drive/MyDrive/StoneSense-Training/processed_grouped/processed_grouped/test/Normal/Normal- (354).jpg,1,1,1.6379821761100533e-12,0.9999943971633911,5.094547759654233e-06,5.149404387339018e-07
/content/drive/MyDrive/StoneSense-Training/processed_grouped/processed_grouped/test/Normal/Normal- (355).jpg,1,1,8.154256783687863e-12,0.999985933303833,1.3744015632255469e-05,3.718930088325578e-07
/content/drive/MyDrive/StoneSense-Training/processed_grouped/processed_grouped/test/Normal/Normal- (356).jpg,1,1,3.8591321110947874e-11,0.9999916553497314,7.765265763737261e-06,5.631596877719858e-07
/content/drive/MyDrive/StoneSense-Training/processed_grouped/processed_grouped/test/Normal/Normal- (357).jpg,1,1,3.179123977958831e-11,0.9999949932098389,4.536224423645763e-06,4.503742161432456e-07
/content/drive/MyDrive/StoneSense-Training/processed_grouped/processed_grouped/test/Normal/Normal- (358).jpg,1,1,1.7543312288981205e-11,0.9999977350234985,2.0755060177179985e-06,2.3557770134630118e-07
/content/drive/MyDrive/StoneSense-Training/processed_grouped/processed_grouped/test/Normal/Normal- (359).jpg,1,1,2.556846444637384e-12,0.999998927116394,1.119284434025758e-06,5.617592435669394e-08
/content/drive/MyDrive/StoneSense-Training/processed_grouped/processed_grouped/test/Normal/Normal- (360).jpg,1,1,9.386635566044355e-12,0.9999951124191284,4.820522462978261e-06,1.7874886282243097e-07
/content/drive/MyDrive/StoneSense-Training/processed_grouped/processed_grouped/test/Normal/Normal- (361).jpg,1,1,3.543599788602414e-11,0.9999929666519165,5.765635251009371e-06,1.3100567457513534e-06
/content/drive/MyDrive/StoneSense-Training/processed_grouped/processed_grouped/test/Normal/Normal- (362).jpg,1,1,2.738151936090838e-12,0.9999955892562866,6.726894952180373e-08,4.306814389565261e-06
/content/drive/MyDrive/StoneSense-Training/processed_grouped/processed_grouped/test/Normal/Normal- (363).jpg,1,1,2.0706215908550263e-10,0.9999983310699463,4.393117762901966e-07,1.1524373348947847e-06
/content/drive/MyDrive/StoneSense-Training/processed_grouped/processed_grouped/test/Normal/Normal- (364).jpg,1,1,4.2302253366877096e-10,0.9999881982803345,6.308830506895902e-07,1.1169229765073396e-05
/content/drive/MyDrive/StoneSense-Training/processed_grouped/processed_grouped/test/Normal/Normal- (3691).jpg,1,1,2.3541915084024367e-08,0.9997448325157166,3.9312601529672975e-07,0.0002547669573687017
/content/drive/MyDrive/StoneSense-Training/processed_grouped/processed_grouped/test/Normal/Normal- (3692).jpg,1,1,2.25740741655045e-08,0.9999473094940186,4.900241492578061e-06,4.7800695028854534e-05
/content/drive/MyDrive/StoneSense-Training/processed_grouped/processed_grouped/test/Normal/Normal- (3693).jpg,1,1,9.825895403992035e-07,0.9994681477546692,1.7701147953630425e-05,0.0005131670623086393
/content/drive/MyDrive/StoneSense-Training/processed_grouped/processed_grouped/test/Normal/Normal- (3694).jpg,1,1,5.472934549999309e-09,0.9992087483406067,1.283129108742287e-06,0.0007899323245510459
/content/drive/MyDrive/StoneSense-Training/processed_grouped/processed_grouped/test/Normal/Normal- (3695).jpg,1,1,1.778153091436252e-08,0.9992130994796753,1.5644628774680314e-06,0.0007852736162021756
/content/drive/MyDrive/StoneSense-Training/processed_grouped/processed_grouped/test/Normal/Normal- (3696).jpg,1,1,1.7502888027820518e-09,0.9999518394470215,3.2298974019795423e-06,4.494717359193601e-05
/content/drive/MyDrive/StoneSense-Training/processed_grouped/processed_grouped/test/Normal/Normal- (3697).jpg,1,1,4.122640007153677e-09,0.999883770942688,2.977307985929656e-06,0.00011327497486490756
/content/drive/MyDrive/StoneSense-Training/processed_grouped/processed_grouped/test/Normal/Normal- (3698).jpg,1,1,6.771666338778459e-09,0.9997918009757996,2.332311669306364e-05,0.00018487681518308818
/content/drive/MyDrive/StoneSense-Training/processed_grouped/processed_grouped/test/Normal/Normal- (3699).jpg,1,1,1.0552521523266023e-08,0.9999852180480957,2.578175099188229e-06,1.2181347301520873e-05
/content/drive/MyDrive/StoneSense-Training/processed_grouped/processed_grouped/test/Normal/Normal- (3741).jpg,1,1,2.79374745559835e-07,0.9986951947212219,3.5507226129993796e-05,0.001269112923182547
/content/drive/MyDrive/StoneSense-Training/processed_grouped/processed_grouped/test/Normal/Normal- (3742).jpg,1,1,6.069979576750484e-07,0.9983351826667786,0.00027907799812965095,0.001385162235237658
/content/drive/MyDrive/StoneSense-Training/processed_grouped/processed_grouped/test/Normal/Normal- (3743).jpg,1,1,1.2196130327879473e-08,0.9994869232177734,7.799377635819837e-05,0.0004349834634922445
/content/drive/MyDrive/StoneSense-Training/processed_grouped/processed_grouped/test/Normal/Normal- (3744).jpg,1,1,1.2146935013390703e-08,0.9978048205375671,4.499791612033732e-05,0.0021501686424016953
/content/drive/MyDrive/StoneSense-Training/processed_grouped/processed_grouped/test/Normal/Normal- (3745).jpg,1,1,9.876436335432004e-10,0.9997209906578064,2.1003766960348003e-05,0.0002580167492851615
/content/drive/MyDrive/StoneSense-Training/processed_grouped/processed_grouped/test/Normal/Normal- (3746).jpg,1,1,5.322499108117995e-10,0.9998918771743774,9.05852866708301e-05,1.75468794623157e-05
/content/drive/MyDrive/StoneSense-Training/processed_grouped/processed_grouped/test/Normal/Normal- (3747).jpg,1,1,6.38496089333529e-10,0.9999542236328125,3.21402694680728e-05,1.3598148143501021e-05
/content/drive/MyDrive/StoneSense-Training/processed_grouped/processed_grouped/test/Normal/Normal- (3748).jpg,1,1,4.24959067935049e-10,0.9999397993087769,3.925882265320979e-05,2.0949082681909204e-05
/content/drive/MyDrive/StoneSense-Training/processed_grouped/processed_grouped/test/Normal/Normal- (3749).jpg,1,1,7.151851888487215e-10,0.9999310970306396,3.3076175895985216e-05,3.5911933082388714e-05
/content/drive/MyDrive/StoneSense-Training/processed_grouped/processed_grouped/test/Normal/Normal- (3750).jpg,1,1,3.85150711323945e-09,0.9998095631599426,1.5048695786390454e-05,0.00017543972353450954
/content/drive/MyDrive/StoneSense-Training/processed_grouped/processed_grouped/test/Normal/Normal- (3751).jpg,1,1,5.880755882259336e-10,0.999763548374176,2.0750576368300244e-06,0.00023440159566234797
/content/drive/MyDrive/StoneSense-Training/processed_grouped/processed_grouped/test/Normal/Normal- (3752).jpg,1,1,6.018303216892562e-11,0.9990522265434265,7.522471605625469e-07,0.0009470185614190996
/content/drive/MyDrive/StoneSense-Training/processed_grouped/processed_grouped/test/Normal/Normal- (3753).jpg,1,1,9.614474494323844e-11,0.999492883682251,2.0034581211803015e-06,0.0005050328909419477
/content/drive/MyDrive/StoneSense-Training/processed_grouped/processed_grouped/test/Normal/Normal- (3754).jpg,1,1,2.9580435323417476e-10,0.9999116659164429,8.492060260323342e-06,7.9910118074622e-05
/content/drive/MyDrive/StoneSense-Training/processed_grouped/processed_grouped/test/Normal/Normal- (3861).jpg,1,1,9.569593728553372e-11,0.9999445676803589,4.2212868720525876e-05,1.3184678209654521e-05
/content/drive/MyDrive/StoneSense-Training/processed_grouped/processed_grouped/test/Normal/Normal- (3862).jpg,1,1,6.252256351535479e-11,0.9999706745147705,1.9247116142651066e-05,1.0165342246182263e-05
/content/drive/MyDrive/StoneSense-Training/processed_grouped/processed_grouped/test/Normal/Normal- (3863).jpg,1,1,5.85347811887793e-11,0.999976634979248,1.5080436241987627e-05,8.188667379727121e-06
/content/drive/MyDrive/StoneSense-Training/processed_grouped/processed_grouped/test/Normal/Normal- (3864).jpg,1,1,1.8494381026634699e-10,0.9998642206192017,0.00010419652971904725,3.1615574698662385e-05
/content/drive/MyDrive/StoneSense-Training/processed_grouped/processed_grouped/test/Normal/Normal- (3865).jpg,1,1,6.277340192789582e-12,0.9999792575836182,4.645244189305231e-06,1.612386040505953e-05
/content/drive/MyDrive/StoneSense-Training/processed_grouped/processed_grouped/test/Normal/Normal- (3866).jpg,1,1,7.213347540807602e-12,0.9999966621398926,2.4840503556333715e-06,7.988916763679299e-07
/content/drive/MyDrive/StoneSense-Training/processed_grouped/processed_grouped/test/Normal/Normal- (3867).jpg,1,1,2.2230864718530974e-11,0.9999977350234985,1.1845595508930273e-06,1.03497814052389e-06
/content/drive/MyDrive/StoneSense-Training/processed_grouped/processed_grouped/test/Normal/Normal- (3868).jpg,1,1,1.4550580358652088e-11,0.9999960660934448,4.810357836504409e-07,3.459413619566476e-06
/content/drive/MyDrive/StoneSense-Training/processed_grouped/processed_grouped/test/Normal/Normal- (3869).jpg,1,1,2.8249324754425764e-11,0.9999864101409912,2.0652450984925963e-06,1.1557744073797949e-05
/content/drive/MyDrive/StoneSense-Training/processed_grouped/processed_grouped/test/Normal/Normal- (3870).jpg,1,1,2.468616977502336e-10,0.999972939491272,5.234423497313401e-06,2.187229438277427e-05
/content/drive/MyDrive/StoneSense-Training/processed_grouped/processed_grouped/test/Normal/Normal- (3871).jpg,1,1,1.5871695069336056e-09,0.9998444318771362,1.237073684023926e-05,0.00014319362526293844
/content/drive/MyDrive/StoneSense-Training/processed_grouped/processed_grouped/test/Normal/Normal- (3872).jpg,1,1,7.038161720096525e-10,0.9998922348022461,7.311401532206219e-06,0.00010047787509392947
/content/drive/MyDrive/StoneSense-Training/processed_grouped/processed_grouped/test/Normal/Normal- (3873).jpg,1,1,3.0412599105744675e-09,0.9999393224716187,7.754973012197297e-06,5.297267853165977e-05
/content/drive/MyDrive/StoneSense-Training/processed_grouped/processed_grouped/test/Normal/Normal- (3874).jpg,1,1,1.5435470679392438e-09,0.9999865293502808,4.302083652873989e-06,9.190661330649164e-06
/content/drive/MyDrive/StoneSense-Training/processed_grouped/processed_grouped/test/Normal/Normal- (3875).jpg,1,1,2.2496995377707663e-09,0.9999759197235107,5.547481578105362e-06,1.8455879398970865e-05
/content/drive/MyDrive/StoneSense-Training/processed_grouped/processed_grouped/test/Normal/Normal- (3876).jpg,1,1,1.65367310955844e-08,0.9999550580978394,1.9140505173709244e-05,2.5769482817850076e-05
/content/drive/MyDrive/StoneSense-Training/processed_grouped/processed_grouped/test/Normal/Normal- (3881).jpg,1,1,7.905026078169897e-10,0.9997319579124451,7.076950225837209e-08,0.00026793661527335644
/content/drive/MyDrive/StoneSense-Training/processed_grouped/processed_grouped/test/Normal/Normal- (3882).jpg,1,1,1.1836095437089966e-09,0.9999178647994995,2.5676985870859426e-08,8.20775021566078e-05
/content/drive/MyDrive/StoneSense-Training/processed_grouped/processed_grouped/test/Normal/Normal- (3883).jpg,1,1,3.5845006962631487e-09,0.9995699524879456,3.3421436285152595e-08,0.0004300480068195611
/content/drive/MyDrive/StoneSense-Training/processed_grouped/processed_grouped/test/Normal/Normal- (3884).jpg,1,1,1.8349854968846557e-10,0.9999229907989502,8.389722694346347e-08,7.6887576142326e-05
/content/drive/MyDrive/StoneSense-Training/processed_grouped/processed_grouped/test/Normal/Normal- (3885).jpg,1,1,1.7914178473965592e-10,0.9999818801879883,4.872499630437233e-07,1.7599410057300702e-05
/content/drive/MyDrive/StoneSense-Training/processed_grouped/processed_grouped/test/Normal/Normal- (3886).jpg,1,1,7.542748092781437e-10,0.9999960660934448,4.754038229748403e-07,3.463467237452278e-06
/content/drive/MyDrive/StoneSense-Training/processed_grouped/processed_grouped/test/Normal/Normal- (3887).jpg,1,1,3.1346400475307235e-10,0.9999794960021973,1.6448686324110895e-07,2.0411009245435707e-05
/content/drive/MyDrive/StoneSense-Training/processed_grouped/processed_grouped/test/Normal/Normal- (3902).jpg,1,1,1.0095803304466244e-08,0.9997655749320984,3.7346053431974724e-06,0.00023068615701049566
/content/drive/MyDrive/StoneSense-Training/processed_grouped/processed_grouped/test/Normal/Normal- (4085).jpg,1,1,6.444791011972484e-08,0.9998195767402649,1.6010495528462343e-05,0.00016436325677204877
/content/drive/MyDrive/StoneSense-Training/processed_grouped/processed_grouped/test/Normal/Normal- (4086).jpg,1,1,8.854426525317649e-09,0.9997277855873108,3.646927507361397e-05,0.0002357557968934998
/content/drive/MyDrive/StoneSense-Training/processed_grouped/processed_grouped/test/Normal/Normal- (4087).jpg,1,1,1.2970975404869023e-08,0.9992444515228271,0.00017493336054030806,0.000580528867430985
/content/drive/MyDrive/StoneSense-Training/processed_grouped/processed_grouped/test/Normal/Normal- (4088).jpg,1,1,3.360979050626156e-08,0.9984009861946106,0.0005478434031829238,0.001051213126629591
/content/drive/MyDrive/StoneSense-Training/processed_grouped/processed_grouped/test/Normal/Normal- (4133).jpg,1,1,5.719518192393025e-10,0.9999988079071045,6.35998205211763e-08,1.098087750506238e-06
/content/drive/MyDrive/StoneSense-Training/processed_grouped/processed_grouped/test/Normal/Normal- (4134).jpg,1,1,1.1554242007605353e-09,0.9999980926513672,3.633761025412241e-07,1.5556144035144825e-06
/content/drive/MyDrive/StoneSense-Training/processed_grouped/processed_grouped/test/Normal/Normal- (4135).jpg,1,1,1.2604388643921993e-09,0.9999772310256958,6.0463262343546376e-06,1.6672403944539838e-05
/content/drive/MyDrive/StoneSense-Training/processed_grouped/processed_grouped/test/Normal/Normal- (4136).jpg,1,1,4.882014237317378e-10,0.9999840259552002,4.746105787489796e-06,1.1234166777285282e-05
/content/drive/MyDrive/StoneSense-Training/processed_grouped/processed_grouped/test/Normal/Normal- (4137).jpg,1,1,1.2085734635292056e-09,0.9999959468841553,2.27440341404872e-06,1.8057660327031044e-06
/content/drive/MyDrive/StoneSense-Training/processed_grouped/processed_grouped/test/Normal/Normal- (4138).jpg,1,1,1.059285659188447e-09,0.999985933303833,1.2118970516894478e-05,1.9028497035833425e-06
/content/drive/MyDrive/StoneSense-Training/processed_grouped/processed_grouped/test/Normal/Normal- (4139).jpg,1,1,5.428404947771526e-10,0.9999961853027344,2.4034661691985093e-06,1.3718353102376568e-06
/content/drive/MyDrive/StoneSense-Training/processed_grouped/processed_grouped/test/Normal/Normal- (4140).jpg,1,1,3.963284977981374e-10,0.9999992847442627,4.812249585484096e-07,2.555542266691191e-07
/content/drive/MyDrive/StoneSense-Training/processed_grouped/processed_grouped/test/Normal/Normal- (4141).jpg,1,1,1.6992874884991238e-09,0.9999994039535522,1.0579823594980553e-07,4.369218800093222e-07
/content/drive/MyDrive/StoneSense-Training/processed_grouped/processed_grouped/test/Normal/Normal- (4142).jpg,1,1,2.4839568624202002e-08,0.9999905824661255,1.140969857260643e-06,8.255557077063713e-06
/content/drive/MyDrive/StoneSense-Training/processed_grouped/processed_grouped/test/Normal/Normal- (4143).jpg,1,1,5.0144969065968326e-08,0.9999982118606567,1.4817936744293547e-06,3.28516307490645e-07
/content/drive/MyDrive/StoneSense-Training/processed_grouped/processed_grouped/test/Normal/Normal- (4227).jpg,1,1,1.8972705220221542e-05,0.9945293068885803,0.00027714131283573806,0.005174487363547087
/content/drive/MyDrive/StoneSense-Training/processed_grouped/processed_grouped/test/Normal/Normal- (4228).jpg,1,1,4.187609647487989e-06,0.9908774495124817,7.19048039172776e-05,0.009046531282365322
/content/drive/MyDrive/StoneSense-Training/processed_grouped/processed_grouped/test/Normal/Normal- (4229).jpg,1,1,9.026331099448726e-06,0.9928867220878601,0.00039826479041948915,0.006705964915454388
/content/drive/MyDrive/StoneSense-Training/processed_grouped/processed_grouped/test/Normal/Normal- (4230).jpg,1,1,1.6472504285047762e-05,0.9659231901168823,0.00033215436269529164,0.033728133887052536
/content/drive/MyDrive/StoneSense-Training/processed_grouped/processed_grouped/test/Normal/Normal- (4231).jpg,1,1,4.249368066666648e-05,0.9740603566169739,0.0014072974445298314,0.024489765986800194
/content/drive/MyDrive/StoneSense-Training/processed_grouped/processed_grouped/test/Normal/Normal- (4232).jpg,1,1,0.00019067074754275382,0.9879990816116333,0.0006348004681058228,0.011175466701388359
/content/drive/MyDrive/StoneSense-Training/processed_grouped/processed_grouped/test/Normal/Normal- (4233).jpg,1,1,0.002699961420148611,0.9583083987236023,0.01113082841038704,0.027860915288329124
/content/drive/MyDrive/StoneSense-Training/processed_grouped/processed_grouped/test/Normal/Normal- (4234).jpg,1,1,0.00017442760872654617,0.9930421113967896,0.0019688522443175316,0.004814618267118931
/content/drive/MyDrive/StoneSense-Training/processed_grouped/processed_grouped/test/Normal/Normal- (4235).jpg,1,1,2.22908583964454e-05,0.9985308647155762,0.0009913863614201546,0.0004553803591988981
/content/drive/MyDrive/StoneSense-Training/processed_grouped/processed_grouped/test/Normal/Normal- (4236).jpg,1,1,7.593542977701873e-05,0.9992210865020752,0.0003907801292371005,0.0003121465852018446
/content/drive/MyDrive/StoneSense-Training/processed_grouped/processed_grouped/test/Normal/Normal- (4237).jpg,1,1,0.00027600780595093966,0.9949624538421631,0.0035149208270013332,0.0012466034386307001
/content/drive/MyDrive/StoneSense-Training/processed_grouped/processed_grouped/test/Normal/Normal- (4238).jpg,1,1,0.0002543685841374099,0.9852501749992371,0.013978029601275921,0.000517325708642602
/content/drive/MyDrive/StoneSense-Training/processed_grouped/processed_grouped/test/Normal/Normal- (4239).jpg,1,1,0.001063143485225737,0.9754096865653992,0.023339927196502686,0.00018729496514424682
/content/drive/MyDrive/StoneSense-Training/processed_grouped/processed_grouped/test/Normal/Normal- (4240).jpg,1,1,7.336726412177086e-05,0.9970073103904724,0.002805163385346532,0.00011417179484851658
/content/drive/MyDrive/StoneSense-Training/processed_grouped/processed_grouped/test/Normal/Normal- (4241).jpg,1,1,0.00014336059393826872,0.9958294034004211,0.0036942462902516127,0.00033297858317382634
/content/drive/MyDrive/StoneSense-Training/processed_grouped/processed_grouped/test/Normal/Normal- (4242).jpg,1,1,0.0004097633936908096,0.9952908754348755,0.004024119582027197,0.00027529860381036997
/content/drive/MyDrive/StoneSense-Training/processed_grouped/processed_grouped/test/Normal/Normal- (4243).jpg,1,1,0.00037073311978019774,0.9976601600646973,0.0019219702808186412,4.7211320634232834e-05
/content/drive/MyDrive/StoneSense-Training/processed_grouped/processed_grouped/test/Normal/Normal- (4244).jpg,1,1,5.711033008992672e-05,0.9969010353088379,0.00302773411385715,1.4111365089775063e-05
/content/drive/MyDrive/StoneSense-Training/processed_grouped/processed_grouped/test/Normal/Normal- (4245).jpg,1,1,0.000151495638419874,0.9893620610237122,0.010389646515250206,9.666784171713516e-05
/content/drive/MyDrive/StoneSense-Training/processed_grouped/processed_grouped/test/Normal/Normal- (4246).jpg,1,1,0.0002683169150259346,0.9928078651428223,0.006781708914786577,0.00014217518037185073
/content/drive/MyDrive/StoneSense-Training/processed_grouped/processed_grouped/test/Normal/Normal- (4247).jpg,1,1,0.0008515979279763997,0.9937965869903564,0.005274022929370403,7.77777167968452e-05
/content/drive/MyDrive/StoneSense-Training/processed_grouped/processed_grouped/test/Normal/Normal- (4248).jpg,1,1,8.85761619429104e-05,0.9994300007820129,0.00045213819248601794,2.9275190172484145e-05
/content/drive/MyDrive/StoneSense-Training/processed_grouped/processed_grouped/test/Normal/Normal- (4249).jpg,1,1,0.00011919975077034906,0.9973084926605225,0.0025318253319710493,4.041805732413195e-05
/content/drive/MyDrive/StoneSense-Training/processed_grouped/processed_grouped/test/Normal/Normal- (4250).jpg,1,1,3.0426328521571122e-05,0.9912849068641663,0.008647739887237549,3.701346577145159e-05
/content/drive/MyDrive/StoneSense-Training/processed_grouped/processed_grouped/test/Normal/Normal- (4251).jpg,1,1,1.7647060985837015e-06,0.9994352459907532,0.0005487696034833789,1.4224214282876346e-05
/content/drive/MyDrive/StoneSense-Training/processed_grouped/processed_grouped/test/Normal/Normal- (4252).jpg,1,1,1.2519448091552476e-06,0.9989032745361328,0.0010915357852354646,3.7683580558223184e-06
/content/drive/MyDrive/StoneSense-Training/processed_grouped/processed_grouped/test/Normal/Normal- (4253).jpg,1,1,1.5483439710806124e-05,0.9985061287879944,0.0014744927175343037,3.97709436583682e-06
/content/drive/MyDrive/StoneSense-Training/processed_grouped/processed_grouped/test/Normal/Normal- (4254).jpg,1,1,0.0003589566913433373,0.9930590391159058,0.006571905221790075,1.0198426934948657e-05
/content/drive/MyDrive/StoneSense-Training/processed_grouped/processed_grouped/test/Normal/Normal- (4255).jpg,1,1,1.3406553989625536e-05,0.9971286654472351,0.0028527998365461826,5.0693492994469125e-06
/content/drive/MyDrive/StoneSense-Training/processed_grouped/processed_grouped/test/Normal/Normal- (4256).jpg,1,1,1.646209511818597e-06,0.999230146408081,0.0007603013655170798,7.809142516634893e-06
/content/drive/MyDrive/StoneSense-Training/processed_grouped/processed_grouped/test/Normal/Normal- (4257).jpg,1,1,1.0700431403165567e-06,0.9994152784347534,0.0005796250770799816,4.093988536624238e-06
/content/drive/MyDrive/StoneSense-Training/processed_grouped/processed_grouped/test/Normal/Normal- (4258).jpg,1,1,1.7617687717574881e-06,0.9997015595436096,0.0002887285954784602,7.839097634132486e-06
/content/drive/MyDrive/StoneSense-Training/processed_grouped/processed_grouped/test/Normal/Normal- (4259).jpg,1,1,2.5908150291797938e-06,0.9995802044868469,0.0004106308042537421,6.547080829477636e-06
/content/drive/MyDrive/StoneSense-Training/processed_grouped/processed_grouped/test/Normal/Normal- (4260).jpg,1,1,8.005543350009248e-06,0.9996538162231445,0.00032988624298013747,8.28706833999604e-06
/content/drive/MyDrive/StoneSense-Training/processed_grouped/processed_grouped/test/Normal/Normal- (4261).jpg,1,1,7.181207183748484e-05,0.999294638633728,0.0006035093101672828,3.0046929168747738e-05
/content/drive/MyDrive/StoneSense-Training/processed_grouped/processed_grouped/test/Normal/Normal- (4262).jpg,1,1,9.325684368377551e-05,0.9993900060653687,0.0005029819440096617,1.3744316675001755e-05
/content/drive/MyDrive/StoneSense-Training/processed_grouped/processed_grouped/test/Normal/Normal- (4263).jpg,1,1,9.618017065804452e-05,0.9993776679039001,0.0005174874677322805,8.681206963956356e-06
/content/drive/MyDrive/StoneSense-Training/processed_grouped/processed_grouped/test/Normal/Normal- (4264).jpg,1,1,4.203690332360566e-05,0.9989940524101257,0.0009229795541614294,4.096173506695777e-05
/content/drive/MyDrive/StoneSense-Training/processed_grouped/processed_grouped/test/Normal/Normal- (4265).jpg,1,1,5.5909022194100544e-05,0.9906063079833984,0.00888474378734827,0.0004531067388597876
/content/drive/MyDrive/StoneSense-Training/processed_grouped/processed_grouped/test/Normal/Normal- (4266).jpg,1,1,0.0015075632836669683,0.9503980875015259,0.047283317893743515,0.0008110545459203422
/content/drive/MyDrive/StoneSense-Training/processed_grouped/processed_grouped/test/Normal/Normal- (4267).jpg,1,1,0.00027468884945847094,0.9932531714439392,0.005831128917634487,0.0006410041241906583
/content/drive/MyDrive/StoneSense-Training/processed_grouped/processed_grouped/test/Normal/Normal- (4268).jpg,1,1,8.35797909530811e-05,0.9990721940994263,0.00027588524972088635,0.0005683344206772745
/content/drive/MyDrive/StoneSense-Training/processed_grouped/processed_grouped/test/Normal/Normal- (4269).jpg,1,1,0.0002024643763434142,0.9987288117408752,0.0008912674384191632,0.0001773941912688315
/content/drive/MyDrive/StoneSense-Training/processed_grouped/processed_grouped/test/Normal/Normal- (4270).jpg,1,1,0.00010524481331231073,0.9939551949501038,0.005688599310815334,0.00025092216674238443
/content/drive/MyDrive/StoneSense-Training/processed_grouped/processed_grouped/test/Normal/Normal- (4271).jpg,1,1,7.983148680068552e-05,0.9952477812767029,0.004609186202287674,6.327252776827663e-05
/content/drive/MyDrive/StoneSense-Training/processed_grouped/processed_grouped/test/Normal/Normal- (4272).jpg,1,1,0.00019506964599713683,0.992319643497467,0.007220972795039415,0.000264258444076404
/content/drive/MyDrive/StoneSense-Training/processed_grouped/processed_grouped/test/Normal/Normal- (4273).jpg,1,1,0.0007347204955294728,0.996303915977478,0.002739504911005497,0.00022182692191563547
/content/drive/MyDrive/StoneSense-Training/processed_grouped/processed_grouped/test/Normal/Normal- (4274).jpg,1,1,0.0004108023422304541,0.9963685274124146,0.0032010639552026987,1.965137926163152e-05
/content/drive/MyDrive/StoneSense-Training/processed_grouped/processed_grouped/test/Normal/Normal- (4275).jpg,1,1,0.0013953127199783921,0.9657891392707825,0.03269853815436363,0.00011710479884641245
/content/drive/MyDrive/StoneSense-Training/processed_grouped/processed_grouped/test/Normal/Normal- (4276).jpg,1,1,0.002640698803588748,0.9378140568733215,0.059151791036129,0.00039340375224128366
/content/drive/MyDrive/StoneSense-Training/processed_grouped/processed_grouped/test/Normal/Normal- (4277).jpg,1,1,0.00014817225746810436,0.9594368934631348,0.040041979402303696,0.00037291451008059084
/content/drive/MyDrive/StoneSense-Training/processed_grouped/processed_grouped/test/Normal/Normal- (4278).jpg,1,1,0.0002843689580913633,0.958152711391449,0.041492871940135956,7.004341023275629e-05
/content/drive/MyDrive/StoneSense-Training/processed_grouped/processed_grouped/test/Normal/Normal- (4279).jpg,1,1,0.0010440903715789318,0.996914267539978,0.0019827273208647966,5.8877820265479386e-05
/content/drive/MyDrive/StoneSense-Training/processed_grouped/processed_grouped/test/Normal/Normal- (4280).jpg,1,1,0.0007782356697134674,0.9983357787132263,0.0006759822717867792,0.00021004016161896288
/content/drive/MyDrive/StoneSense-Training/processed_grouped/processed_grouped/test/Normal/Normal- (4281).jpg,1,1,0.003136027604341507,0.976055920124054,0.020418299362063408,0.00038982293335720897
/content/drive/MyDrive/StoneSense-Training/processed_grouped/processed_grouped/test/Normal/Normal- (4282).jpg,1,1,0.02449985034763813,0.7348343729972839,0.2400563508272171,0.0006094006821513176
/content/drive/MyDrive/StoneSense-Training/processed_grouped/processed_grouped/test/Normal/Normal- (4283).jpg,1,1,0.0069274576380848885,0.9299595355987549,0.06026842072606087,0.0028447031509131193
/content/drive/MyDrive/StoneSense-Training/processed_grouped/processed_grouped/test/Normal/Normal- (4307).jpg,1,1,0.0002887897426262498,0.9553776979446411,0.044273268431425095,6.021492663421668e-05
/content/drive/MyDrive/StoneSense-Training/processed_grouped/processed_grouped/test/Normal/Normal- (4308).jpg,1,1,0.00012642232468351722,0.9914339780807495,0.008437009528279305,2.5438521333853714e-06
/content/drive/MyDrive/StoneSense-Training/processed_grouped/processed_grouped/test/Normal/Normal- (4309).jpg,1,1,1.631097802601289e-05,0.9998722076416016,0.00010807597573148087,3.3767285003705183e-06
/content/drive/MyDrive/StoneSense-Training/processed_grouped/processed_grouped/test/Normal/Normal- (4310).jpg,1,1,5.304145815898664e-06,0.9999594688415527,2.2975713363848627e-05,1.2240354408277199e-05
/content/drive/MyDrive/StoneSense-Training/processed_grouped/processed_grouped/test/Normal/Normal- (4311).jpg,1,1,5.3105973165656906e-06,0.9998722076416016,2.064006002910901e-05,0.00010183294943999499
/content/drive/MyDrive/StoneSense-Training/processed_grouped/processed_grouped/test/Normal/Normal- (4345).jpg,1,1,1.7194041390666825e-07,0.9984207153320312,0.0015788828022778034,2.0564448277582414e-07
/content/drive/MyDrive/StoneSense-Training/processed_grouped/processed_grouped/test/Normal/Normal- (4346).jpg,1,1,1.9990032740224706e-07,0.9965389966964722,0.0034603860694915056,3.7885246229052427e-07
/content/drive/MyDrive/StoneSense-Training/processed_grouped/processed_grouped/test/Normal/Normal- (4347).jpg,1,1,1.3329923831406632e-06,0.9843495488166809,0.01564810797572136,1.0698980759116239e-06
/content/drive/MyDrive/StoneSense-Training/processed_grouped/processed_grouped/test/Normal/Normal- (4348).jpg,1,1,6.9868510763626546e-06,0.9599024057388306,0.04009009525179863,5.323019536263018e-07
/content/drive/MyDrive/StoneSense-Training/processed_grouped/processed_grouped/test/Normal/Normal- (4349).jpg,1,1,2.3836319087422453e-05,0.8900212049484253,0.10995478928089142,1.7193346479871252e-07
/content/drive/MyDrive/StoneSense-Training/processed_grouped/processed_grouped/test/Normal/Normal- (4350).jpg,1,1,9.701821909402497e-06,0.9406769275665283,0.059312887489795685,4.062987386532768e-07
/content/drive/MyDrive/StoneSense-Training/processed_grouped/processed_grouped/test/Normal/Normal- (4351).jpg,1,1,6.705069245072082e-05,0.8906636834144592,0.10926789045333862,1.3330476349437959e-06
/content/drive/MyDrive/StoneSense-Training/processed_grouped/processed_grouped/test/Normal/Normal- (4352).jpg,1,1,2.8495131118688732e-05,0.8467779159545898,0.1531919240951538,1.735297587401874e-06
/content/drive/MyDrive/StoneSense-Training/processed_grouped/processed_grouped/test/Normal/Normal- (4353).jpg,1,1,6.599591870326549e-06,0.6878324151039124,0.3121599555015564,1.0820646139109158e-06
/content/drive/MyDrive/StoneSense-Training/processed_grouped/processed_grouped/test/Normal/Normal- (4354).jpg,1,1,3.117905862382031e-06,0.8035053610801697,0.1964908093214035,7.07487288309494e-07
/content/drive/MyDrive/StoneSense-Training/processed_grouped/processed_grouped/test/Normal/Normal- (4355).jpg,1,1,3.2675554848538013e-06,0.5092565417289734,0.4907384216785431,1.7476590983278584e-06
/content/drive/MyDrive/StoneSense-Training/processed_grouped/processed_grouped/test/Normal/Normal- (4356).jpg,1,1,9.217616252499283e-07,0.9269638061523438,0.07303398102521896,1.3102824141242309e-06
/content/drive/MyDrive/StoneSense-Training/processed_grouped/processed_grouped/test/Normal/Normal- (4357).jpg,1,1,3.583883426472312e-06,0.9229146242141724,0.07707889378070831,2.8242689040780533e-06
/content/drive/MyDrive/StoneSense-Training/processed_grouped/processed_grouped/test/Normal/Normal- (4358).jpg,1,1,6.235294222278753e-06,0.9084063172340393,0.0915810614824295,6.37522089164122e-06
/content/drive/MyDrive/StoneSense-Training/processed_grouped/processed_grouped/test/Normal/Normal- (4359).jpg,1,1,2.3552466643650405e-07,0.9908691644668579,0.009130116552114487,4.5889490252193355e-07
/content/drive/MyDrive/StoneSense-Training/processed_grouped/processed_grouped/test/Normal/Normal- (4360).jpg,1,1,9.887481944304e-09,0.9987523555755615,0.0012473829556256533,2.656587696492352e-07
/content/drive/MyDrive/StoneSense-Training/processed_grouped/processed_grouped/test/Normal/Normal- (4361).jpg,1,1,3.647689927888109e-09,0.9996002316474915,0.00039820163510739803,1.4901030453984276e-06
/content/drive/MyDrive/StoneSense-Training/processed_grouped/processed_grouped/test/Normal/Normal- (4362).jpg,1,1,5.717145645789401e-10,0.9998643398284912,0.0001352431863779202,3.9219710856741585e-07
/content/drive/MyDrive/StoneSense-Training/processed_grouped/processed_grouped/test/Normal/Normal- (4363).jpg,1,1,6.756469272950483e-10,0.9996150732040405,0.0003844627062790096,4.5305696971809084e-07
/content/drive/MyDrive/StoneSense-Training/processed_grouped/processed_grouped/test/Normal/Normal- (4364).jpg,1,1,1.2703803564662053e-09,0.9995978474617004,0.0004019240150228143,2.5347287646582117e-07
/content/drive/MyDrive/StoneSense-Training/processed_grouped/processed_grouped/test/Normal/Normal- (4365).jpg,1,1,3.824723204814973e-09,0.9992096424102783,0.0007889889529906213,1.2680228564931895e-06
/content/drive/MyDrive/StoneSense-Training/processed_grouped/processed_grouped/test/Normal/Normal- (4366).jpg,1,1,4.183422219750099e-10,0.9999289512634277,6.987235246924683e-05,1.1538980970726698e-06
/content/drive/MyDrive/StoneSense-Training/processed_grouped/processed_grouped/test/Normal/Normal- (4367).jpg,1,1,6.707780442205546e-10,0.9999109506607056,8.753165457164869e-05,1.5818478686924209e-06
/content/drive/MyDrive/StoneSense-Training/processed_grouped/processed_grouped/test/Normal/Normal- (4368).jpg,1,1,4.6247819796008116e-08,0.9960635304450989,0.003934536129236221,1.8649848243512679e-06
/content/drive/MyDrive/StoneSense-Training/processed_grouped/processed_grouped/test/Normal/Normal- (4369).jpg,1,1,5.731784540330409e-07,0.9473007917404175,0.05269835516810417,3.1149147616815753e-07
/content/drive/MyDrive/StoneSense-Training/processed_grouped/processed_grouped/test/Normal/Normal- (4370).jpg,1,1,3.190889401594177e-07,0.9816744923591614,0.01832461543381214,4.371264026303834e-07
/content/drive/MyDrive/StoneSense-Training/processed_grouped/processed_grouped/test/Normal/Normal- (4371).jpg,1,1,4.8080519121640464e-08,0.9871501922607422,0.01284864079207182,1.1610424053287716e-06
/content/drive/MyDrive/StoneSense-Training/processed_grouped/processed_grouped/test/Normal/Normal- (4372).jpg,1,1,2.2481054884337937e-07,0.9953334927558899,0.00466524763032794,1.0471659379618359e-06
/content/drive/MyDrive/StoneSense-Training/processed_grouped/processed_grouped/test/Normal/Normal- (4373).jpg,1,1,3.9040976673732075e-08,0.9974005222320557,0.002590129617601633,9.345627404400147e-06
/content/drive/MyDrive/StoneSense-Training/processed_grouped/processed_grouped/test/Normal/Normal- (4374).jpg,1,1,9.089047736665634e-09,0.9976353645324707,0.0023543573915958405,1.0192885383730754e-05
/content/drive/MyDrive/StoneSense-Training/processed_grouped/processed_grouped/test/Normal/Normal- (4375).jpg,1,1,3.149804683744151e-08,0.9907559752464294,0.009238041006028652,6.046036105544772e-06
/content/drive/MyDrive/StoneSense-Training/processed_grouped/processed_grouped/test/Normal/Normal- (4376).jpg,1,1,6.712673528141977e-09,0.9969534873962402,0.003046330763027072,1.752069351823593e-07
/content/drive/MyDrive/StoneSense-Training/processed_grouped/processed_grouped/test/Normal/Normal- (4377).jpg,1,1,2.0115287213684496e-08,0.9843825697898865,0.015617330558598042,1.7065215729417105e-07
/content/drive/MyDrive/StoneSense-Training/processed_grouped/processed_grouped/test/Normal/Normal- (4378).jpg,1,1,1.5426929067530182e-08,0.9944829344749451,0.005516743753105402,2.2296927681964007e-07
/content/drive/MyDrive/StoneSense-Training/processed_grouped/processed_grouped/test/Normal/Normal- (4379).jpg,1,1,1.3618407512794306e-09,0.9978891015052795,0.002110664267092943,2.9088116093589633e-07
/content/drive/MyDrive/StoneSense-Training/processed_grouped/processed_grouped/test/Normal/Normal- (4380).jpg,1,1,2.0091388108767205e-08,0.9473321437835693,0.05266701802611351,9.180403139907867e-07
/content/drive/MyDrive/StoneSense-Training/processed_grouped/processed_grouped/test/Normal/Normal- (4381).jpg,1,1,8.028176345931115e-09,0.9488309621810913,0.05116867274045944,3.1812570000511187e-07
/content/drive/MyDrive/StoneSense-Training/processed_grouped/processed_grouped/test/Normal/Normal- (4382).jpg,1,1,2.415811772848997e-09,0.9858549237251282,0.01414493564516306,1.290689795041544e-07
/content/drive/MyDrive/StoneSense-Training/processed_grouped/processed_grouped/test/Normal/Normal- (4383).jpg,1,1,1.3999855719148968e-09,0.9846380352973938,0.015361730940639973,2.3248236402650946e-07
/content/drive/MyDrive/StoneSense-Training/processed_grouped/processed_grouped/test/Normal/Normal- (4384).jpg,1,1,1.3540462084904448e-08,0.9440011978149414,0.05599842220544815,3.050949715088791e-07
/content/drive/MyDrive/StoneSense-Training/processed_grouped/processed_grouped/test/Normal/Normal- (4385).jpg,1,1,2.6511182582567017e-08,0.718733549118042,0.2812662124633789,2.539781576160749e-07
/content/drive/MyDrive/StoneSense-Training/processed_grouped/processed_grouped/test/Normal/Normal- (4386).jpg,1,1,3.812418158943842e-10,0.9975601434707642,0.002439869102090597,2.232239815214143e-08
/content/drive/MyDrive/StoneSense-Training/processed_grouped/processed_grouped/test/Normal/Normal- (4438).jpg,1,1,5.447603701469461e-09,0.9996962547302246,0.0002719182230066508,3.1792540539754555e-05
/content/drive/MyDrive/StoneSense-Training/processed_grouped/processed_grouped/test/Normal/Normal- (4439).jpg,1,1,1.8145074776043657e-08,0.9996726512908936,0.00013441959163174033,0.00019291900389362127
/content/drive/MyDrive/StoneSense-Training/processed_grouped/processed_grouped/test/Normal/Normal- (4688).jpg,1,1,6.331897748168558e-05,0.9999041557312012,3.159749030601233e-05,9.362739206153492e-07
/content/drive/MyDrive/StoneSense-Training/processed_grouped/processed_grouped/test/Normal/Normal- (4689).jpg,1,1,2.90086950371915e-06,0.9999691247940063,1.603322925802786e-05,1.188742771773832e-05
/content/drive/MyDrive/StoneSense-Training/processed_grouped/processed_grouped/test/Normal/Normal- (4690).jpg,1,1,4.121914571442176e-06,0.99992835521698,1.6397398212575354e-05,5.100451016915031e-05
/content/drive/MyDrive/StoneSense-Training/processed_grouped/processed_grouped/test/Normal/Normal- (4691).jpg,1,1,2.8515949452412315e-05,0.9997872710227966,4.755961344926618e-05,0.00013674881483893842
/content/drive/MyDrive/StoneSense-Training/processed_grouped/processed_grouped/test/Normal/Normal- (4692).jpg,1,1,2.8698714231722988e-05,0.9998682737350464,1.223838535224786e-05,9.069058432942256e-05
/content/drive/MyDrive/StoneSense-Training/processed_grouped/processed_grouped/test/Normal/Normal- (4699).jpg,1,1,0.05732329562306404,0.941124439239502,0.0006790636689402163,0.0008732262067496777
/content/drive/MyDrive/StoneSense-Training/processed_grouped/processed_grouped/test/Normal/Normal- (4700).jpg,1,1,0.03956422209739685,0.9594686031341553,0.0001568337611388415,0.0008103348664008081
/content/drive/MyDrive/StoneSense-Training/processed_grouped/processed_grouped/test/Normal/Normal- (4701).jpg,1,1,0.09113781899213791,0.9084818363189697,4.157765943091363e-05,0.0003387628239579499
/content/drive/MyDrive/StoneSense-Training/processed_grouped/processed_grouped/test/Normal/Normal- (4702).jpg,1,1,0.14846712350845337,0.8513397574424744,0.00010954072786262259,8.365835674339905e-05
/content/drive/MyDrive/StoneSense-Training/processed_grouped/processed_grouped/test/Normal/Normal- (4703).jpg,1,1,0.07913235574960709,0.920775294303894,6.53698734822683e-05,2.7040574423153885e-05
/content/drive/MyDrive/StoneSense-Training/processed_grouped/processed_grouped/test/Normal/Normal- (4704).jpg,1,0,0.7943311333656311,0.20513741672039032,0.00037144345697015524,0.00015990581596270204
/content/drive/MyDrive/StoneSense-Training/processed_grouped/processed_grouped/test/Normal/Normal- (5068).jpg,1,1,2.9295967873821382e-09,0.9999983310699463,9.793470781005453e-07,7.506844781346445e-07
/content/drive/MyDrive/StoneSense-Training/processed_grouped/processed_grouped/test/Normal/Normal- (592).jpg,1,1,1.5538693942662718e-10,0.998817503452301,0.0011822181986644864,2.231508489103362e-07
/content/drive/MyDrive/StoneSense-Training/processed_grouped/processed_grouped/test/Normal/Normal- (593).jpg,1,1,5.851934214984311e-11,0.9979714751243591,0.002028449671342969,1.0637688774295384e-07
/content/drive/MyDrive/StoneSense-Training/processed_grouped/processed_grouped/test/Normal/Normal- (594).jpg,1,1,2.312236686841107e-11,0.9995331764221191,0.00046681155799888074,4.861970737124466e-08
/content/drive/MyDrive/StoneSense-Training/processed_grouped/processed_grouped/test/Normal/Normal- (608).jpg,1,1,1.535046090239689e-09,0.9842100143432617,0.01578865759074688,1.338747324552969e-06
/content/drive/MyDrive/StoneSense-Training/processed_grouped/processed_grouped/test/Normal/Normal- (681).jpg,1,1,6.45762110451642e-09,0.8067173361778259,0.19326716661453247,1.5505876945098862e-05
/content/drive/MyDrive/StoneSense-Training/processed_grouped/processed_grouped/test/Normal/Normal- (682).jpg,1,1,7.023316594967355e-09,0.9670270681381226,0.0329691581428051,3.826146894425619e-06
/content/drive/MyDrive/StoneSense-Training/processed_grouped/processed_grouped/test/Normal/Normal- (683).jpg,1,1,1.506889169000658e-09,0.9958264231681824,0.004160664509981871,1.2909121323900763e-05
/content/drive/MyDrive/StoneSense-Training/processed_grouped/processed_grouped/test/Normal/Normal- (684).jpg,1,1,1.2631307111377055e-10,0.9993876218795776,0.0005491031333804131,6.327503797365353e-05
/content/drive/MyDrive/StoneSense-Training/processed_grouped/processed_grouped/test/Normal/Normal- (685).jpg,1,1,1.0992193266723405e-10,0.9997451901435852,0.0001012241918942891,0.0001536123309051618
/content/drive/MyDrive/StoneSense-Training/processed_grouped/processed_grouped/test/Normal/Normal- (686).jpg,1,1,1.451628747761724e-11,0.9999576807022095,9.18121531867655e-06,3.3130691008409485e-05
/content/drive/MyDrive/StoneSense-Training/processed_grouped/processed_grouped/test/Normal/Normal- (687).jpg,1,1,1.1467226473937941e-11,0.9999622106552124,5.059779141447507e-06,3.274732443969697e-05
/content/drive/MyDrive/StoneSense-Training/processed_grouped/processed_grouped/test/Normal/Normal- (688).jpg,1,1,7.751515401777098e-11,0.9999279975891113,5.031704131397419e-05,2.1688772903871723e-05
/content/drive/MyDrive/StoneSense-Training/processed_grouped/processed_grouped/test/Normal/Normal- (689).jpg,1,1,1.8672358104154796e-10,0.9996588230133057,0.00032652748632244766,1.4688993360323366e-05
/content/drive/MyDrive/StoneSense-Training/processed_grouped/processed_grouped/test/Normal/Normal- (690).jpg,1,1,6.77382525071657e-11,0.9999264478683472,6.667351408395916e-05,6.9067327785887755e-06
/content/drive/MyDrive/StoneSense-Training/processed_grouped/processed_grouped/test/Normal/Normal- (691).jpg,1,1,1.2198803078788956e-10,0.999901533126831,7.514727622037753e-05,2.3314158170251176e-05
/content/drive/MyDrive/StoneSense-Training/processed_grouped/processed_grouped/test/Normal/Normal- (692).jpg,1,1,4.3083744905025867e-10,0.9999182224273682,7.778693543514237e-05,3.9124488466768526e-06
/content/drive/MyDrive/StoneSense-Training/processed_grouped/processed_grouped/test/Normal/Normal- (693).jpg,1,1,7.123702738809357e-10,0.9997333884239197,0.0002531307691242546,1.343319581792457e-05
/content/drive/MyDrive/StoneSense-Training/processed_grouped/processed_grouped/test/Normal/Normal- (694).jpg,1,1,2.5345083809469315e-09,0.999470055103302,0.0005288990796543658,1.097099129765411e-06
/content/drive/MyDrive/StoneSense-Training/processed_grouped/processed_grouped/test/Normal/Normal- (695).jpg,1,1,4.267180386818836e-09,0.999881386756897,0.00011767556134145707,1.0016343594543287e-06
/content/drive/MyDrive/StoneSense-Training/processed_grouped/processed_grouped/test/Normal/Normal- (696).jpg,1,1,3.083011890225862e-08,0.9995322227478027,0.0004673995717894286,3.922635301023547e-07
/content/drive/MyDrive/StoneSense-Training/processed_grouped/processed_grouped/test/Normal/Normal- (697).jpg,1,1,1.3678572940989397e-07,0.9851383566856384,0.014861376024782658,1.3864887193903996e-07
/content/drive/MyDrive/StoneSense-Training/processed_grouped/processed_grouped/test/Normal/Normal- (698).jpg,1,1,5.463690513352049e-07,0.9587293863296509,0.041270021349191666,4.598052782966988e-08
/content/drive/MyDrive/StoneSense-Training/processed_grouped/processed_grouped/test/Normal/Normal- (699).jpg,1,1,7.979563747539942e-07,0.9718268513679504,0.028172265738248825,1.3261985998269665e-07
/content/drive/MyDrive/StoneSense-Training/processed_grouped/processed_grouped/test/Normal/Normal- (700).jpg,1,1,1.8148281100138774e-08,0.9961638450622559,0.0038361698389053345,1.2391309311965415e-08
/content/drive/MyDrive/StoneSense-Training/processed_grouped/processed_grouped/test/Normal/Normal- (701).jpg,1,1,7.14130862888851e-07,0.9593008160591125,0.04069839417934418,1.3415305488706508e-07
/content/drive/MyDrive/StoneSense-Training/processed_grouped/processed_grouped/test/Normal/Normal- (702).jpg,1,1,2.6449404685990885e-05,0.7883407473564148,0.21163007616996765,2.738163402682403e-06
/content/drive/MyDrive/StoneSense-Training/processed_grouped/processed_grouped/test/Normal/Normal- (703).jpg,1,1,2.1894518795306794e-05,0.945529043674469,0.054448291659355164,8.443017236459127e-07
/content/drive/MyDrive/StoneSense-Training/processed_grouped/processed_grouped/test/Normal/Normal- (704).jpg,1,1,0.00011013675248250365,0.8681780695915222,0.1317082643508911,3.5779110021394445e-06
/content/drive/MyDrive/StoneSense-Training/processed_grouped/processed_grouped/test/Normal/Normal- (705).jpg,1,1,7.15015921741724e-05,0.9376818537712097,0.062245819717645645,8.302528158310452e-07
/content/drive/MyDrive/StoneSense-Training/processed_grouped/processed_grouped/test/Normal/Normal- (706).jpg,1,1,0.0030925138853490353,0.8680968880653381,0.12880940735340118,1.1437859939178452e-06
/content/drive/MyDrive/StoneSense-Training/processed_grouped/processed_grouped/test/Normal/Normal- (707).jpg,1,1,0.001698005828075111,0.9126253724098206,0.08567187190055847,4.658911620936124e-06
/content/drive/MyDrive/StoneSense-Training/processed_grouped/processed_grouped/test/Normal/Normal- (708).jpg,1,1,0.0013938189949840307,0.6497311592102051,0.3488697111606598,5.38148697160068e-06
/content/drive/MyDrive/StoneSense-Training/processed_grouped/processed_grouped/test/Normal/Normal- (709).jpg,1,1,0.0005520543782040477,0.8419997096061707,0.15744349360466003,4.727914983959636e-06
/content/drive/MyDrive/StoneSense-Training/processed_grouped/processed_grouped/test/Normal/Normal- (710).jpg,1,1,0.00023322540801018476,0.7129694223403931,0.2867871820926666,1.0155893505725544e-05
/content/drive/MyDrive/StoneSense-Training/processed_grouped/processed_grouped/test/Normal/Normal- (711).jpg,1,2,0.0002639145532157272,0.2341732382774353,0.7655489444732666,1.3867778761778027e-05
/content/drive/MyDrive/StoneSense-Training/processed_grouped/processed_grouped/test/Normal/Normal- (712).jpg,1,1,0.0005807775887660682,0.5918809771537781,0.4074844717979431,5.377323759603314e-05
/content/drive/MyDrive/StoneSense-Training/processed_grouped/processed_grouped/test/Normal/Normal- (713).jpg,1,1,0.00010828405356733128,0.9588826298713684,0.04097818583250046,3.1012241379357874e-05
/content/drive/MyDrive/StoneSense-Training/processed_grouped/processed_grouped/test/Normal/Normal- (714).jpg,1,1,0.0004156919603701681,0.8908350467681885,0.10869118571281433,5.8082059695152566e-05
/content/drive/MyDrive/StoneSense-Training/processed_grouped/processed_grouped/test/Normal/Normal- (715).jpg,1,1,0.00047457829350605607,0.9625198841094971,0.036946456879377365,5.912428969168104e-05
/content/drive/MyDrive/StoneSense-Training/processed_grouped/processed_grouped/test/Normal/Normal- (863).jpg,1,1,2.0970997866243124e-05,0.9539930820465088,0.04079889506101608,0.005187101662158966
/content/drive/MyDrive/StoneSense-Training/processed_grouped/processed_grouped/test/Normal/Normal- (864).jpg,1,1,2.8165059120510705e-05,0.8848464488983154,0.07914363592863083,0.03598182275891304
/content/drive/MyDrive/StoneSense-Training/processed_grouped/processed_grouped/test/Normal/Normal- (865).jpg,1,1,2.4680020942469127e-05,0.9273223280906677,0.05081546679139137,0.021837569773197174
/content/drive/MyDrive/StoneSense-Training/processed_grouped/processed_grouped/test/Normal/Normal- (866).jpg,1,1,6.612661763938377e-06,0.9898294806480408,0.00789311807602644,0.002270683879032731
/content/drive/MyDrive/StoneSense-Training/processed_grouped/processed_grouped/test/Normal/Normal- (867).jpg,1,1,8.948751201387495e-06,0.9978014826774597,0.0006991635891608894,0.0014903915580362082
/content/drive/MyDrive/StoneSense-Training/processed_grouped/processed_grouped/test/Normal/Normal- (868).jpg,1,1,1.6030717233661562e-05,0.9855000376701355,0.00035878352355211973,0.014125166460871696
/content/drive/MyDrive/StoneSense-Training/processed_grouped/processed_grouped/test/Normal/Normal- (869).jpg,1,1,6.983826096984558e-06,0.9166687726974487,0.0004740343720186502,0.08285024017095566
/content/drive/MyDrive/StoneSense-Training/processed_grouped/processed_grouped/test/Normal/Normal- (870).jpg,1,1,5.711903554583841e-07,0.9647921323776245,0.0004136434872634709,0.03479363024234772
/content/drive/MyDrive/StoneSense-Training/processed_grouped/processed_grouped/test/Normal/Normal- (871).jpg,1,1,1.0646846959616596e-07,0.9970090985298157,5.834644616697915e-05,0.0029324896167963743
/content/drive/MyDrive/StoneSense-Training/processed_grouped/processed_grouped/test/Normal/Normal- (872).jpg,1,1,7.729326512162515e-08,0.9993029832839966,3.725076749105938e-05,0.0006596543826162815
/content/drive/MyDrive/StoneSense-Training/processed_grouped/processed_grouped/test/Normal/Normal- (873).jpg,1,1,1.3080047267521877e-08,0.9993553757667542,6.151475645310711e-06,0.0006384694133885205
/content/drive/MyDrive/StoneSense-Training/processed_grouped/processed_grouped/test/Normal/Normal- (874).jpg,1,1,2.9930864453575623e-09,0.9996414184570312,9.250767107005231e-06,0.00034932277048937976
/content/drive/MyDrive/StoneSense-Training/processed_grouped/processed_grouped/test/Normal/Normal- (875).jpg,1,1,1.3361876938233763e-08,0.9998999834060669,2.5966599423554726e-05,7.402036862913519e-05
/content/drive/MyDrive/StoneSense-Training/processed_grouped/processed_grouped/test/Normal/Normal- (876).jpg,1,1,2.0723097904351562e-08,0.9998737573623657,1.3100561773171648e-05,0.00011307006934657693
/content/drive/MyDrive/StoneSense-Training/processed_grouped/processed_grouped/test/Normal/Normal- (877).jpg,1,1,2.2394299747929836e-08,0.9995354413986206,7.035228009044658e-06,0.0004575817729346454
/content/drive/MyDrive/StoneSense-Training/processed_grouped/processed_grouped/test/Normal/Normal- (878).jpg,1,1,8.271854312624782e-10,0.9996246099472046,3.0162374287101557e-07,0.0003750563773792237
/content/drive/MyDrive/StoneSense-Training/processed_grouped/processed_grouped/test/Normal/Normal- (879).jpg,1,1,1.6931415991461307e-10,0.9999756813049316,1.0460526311817375e-07,2.4251252398244105e-05
/content/drive/MyDrive/StoneSense-Training/processed_grouped/processed_grouped/test/Normal/Normal- (880).jpg,1,1,5.5976931423451504e-11,0.9999842643737793,1.2207816268983152e-07,1.5574787539662793e-05
/content/drive/MyDrive/StoneSense-Training/processed_grouped/processed_grouped/test/Normal/Normal- (881).jpg,1,1,2.8342187971541755e-11,0.9999895095825195,6.224171755775387e-08,1.0358510735386517e-05
/content/drive/MyDrive/StoneSense-Training/processed_grouped/processed_grouped/test/Normal/Normal- (882).jpg,1,1,6.514307981930756e-10,0.9999673366546631,5.27478107414936e-07,3.223428575438447e-05
/content/drive/MyDrive/StoneSense-Training/processed_grouped/processed_grouped/test/Normal/Normal- (883).jpg,1,1,1.5803601483010965e-10,0.9999513626098633,1.56677870677413e-07,4.8468846216565e-05
/content/drive/MyDrive/StoneSense-Training/processed_grouped/processed_grouped/test/Normal/Normal- (884).jpg,1,1,3.0813523954620337e-10,0.999927282333374,6.527189952976187e-07,7.216010271804407e-05
/content/drive/MyDrive/StoneSense-Training/processed_grouped/processed_grouped/test/Normal/Normal- (885).jpg,1,1,3.108651946970298e-10,0.9999207258224487,1.1808569979621097e-06,7.806513895047829e-05
/content/drive/MyDrive/StoneSense-Training/processed_grouped/processed_grouped/test/Normal/Normal- (886).jpg,1,1,8.981569377120024e-10,0.9999473094940186,1.255195797966735e-06,5.1317350880708545e-05
/content/drive/MyDrive/StoneSense-Training/processed_grouped/processed_grouped/test/Normal/Normal- (887).jpg,1,1,7.582128702665614e-09,0.9998319149017334,2.798959940264467e-06,0.00016533891903236508
/content/drive/MyDrive/StoneSense-Training/processed_grouped/processed_grouped/test/Normal/Normal- (888).jpg,1,1,1.0284298967988548e-09,0.9993515610694885,5.030587999499403e-07,0.0006479253061115742
/content/drive/MyDrive/StoneSense-Training/processed_grouped/processed_grouped/test/Normal/Normal- (889).jpg,1,1,9.186986282827547e-09,0.9687711596488953,3.0053042792133056e-06,0.031225822865962982
/content/drive/MyDrive/StoneSense-Training/processed_grouped/processed_grouped/test/Normal/Normal- (890).jpg,1,1,3.753819655116786e-08,0.9620311856269836,2.3675770535191987e-06,0.037966351956129074
/content/drive/MyDrive/StoneSense-Training/processed_grouped/processed_grouped/test/Normal/Normal- (891).jpg,1,1,4.2696822077914476e-08,0.9964564442634583,4.5475726437871344e-06,0.0035390553530305624
/content/drive/MyDrive/StoneSense-Training/processed_grouped/processed_grouped/test/Normal/Normal- (892).jpg,1,1,1.3758175931855021e-08,0.99897301197052,1.7287208038396784e-06,0.0010252766078338027
/content/drive/MyDrive/StoneSense-Training/processed_grouped/processed_grouped/test/Normal/Normal- (928).jpg,1,1,1.6037144945357795e-09,0.9997109770774841,2.8108661354053766e-06,0.0002861828834284097
/content/drive/MyDrive/StoneSense-Training/processed_grouped/processed_grouped/test/Normal/Normal- (929).jpg,1,1,5.534382729877052e-09,0.9985643029212952,2.7744981707655825e-06,0.001433022553101182
/content/drive/MyDrive/StoneSense-Training/processed_grouped/processed_grouped/test/Normal/Normal- (930).jpg,1,1,3.304061690911908e-09,0.9967657327651978,6.837640853518678e-07,0.003233553608879447
/content/drive/MyDrive/StoneSense-Training/processed_grouped/processed_grouped/test/Normal/Normal- (931).jpg,1,1,1.6047858597545428e-09,0.9996501207351685,1.246352667294559e-06,0.000348654662957415
/content/drive/MyDrive/StoneSense-Training/processed_grouped/processed_grouped/test/Normal/Normal- (932).jpg,1,1,2.245272856526981e-09,0.9997439980506897,1.5434164879479795e-06,0.00025448115775361657
/content/drive/MyDrive/StoneSense-Training/processed_grouped/processed_grouped/test/Normal/Normal- (933).jpg,1,1,7.620604591807023e-09,0.999625563621521,1.2921731467940845e-05,0.00036154937697574496
/content/drive/MyDrive/StoneSense-Training/processed_grouped/processed_grouped/test/Normal/Normal- (934).jpg,1,1,6.446788880509757e-09,0.9990813732147217,4.0865479604690336e-06,0.0009145620279014111
/content/drive/MyDrive/StoneSense-Training/processed_grouped/processed_grouped/test/Normal/Normal- (935).jpg,1,1,6.549372155717492e-10,0.9997909665107727,4.939402060699649e-07,0.00020856992341578007
/content/drive/MyDrive/StoneSense-Training/processed_grouped/processed_grouped/test/Normal/Normal- (936).jpg,1,1,4.746165127578195e-10,0.9998831748962402,7.218657742669166e-07,0.00011609913781285286
/content/drive/MyDrive/StoneSense-Training/processed_grouped/processed_grouped/test/Normal/Normal- (937).jpg,1,1,1.4775519696641481e-10,0.9997171759605408,3.9846131016929576e-07,0.00028240043320693076
/content/drive/MyDrive/StoneSense-Training/processed_grouped/processed_grouped/test/Normal/Normal- (938).jpg,1,1,7.498772436331791e-11,0.9996978044509888,1.0615113410494814e-07,0.0003021132433786988
/content/drive/MyDrive/StoneSense-Training/processed_grouped/processed_grouped/test/Normal/Normal- (939).jpg,1,1,3.053078276304966e-11,0.999651312828064,5.971629946088797e-08,0.00034852541284635663
/content/drive/MyDrive/StoneSense-Training/processed_grouped/processed_grouped/test/Normal/Normal- (940).jpg,1,1,2.6760928542590712e-11,0.9991267323493958,5.991260820792377e-08,0.0008731778361834586
/content/drive/MyDrive/StoneSense-Training/processed_grouped/processed_grouped/test/Normal/Normal- (941).jpg,1,1,2.244901747133765e-12,0.9998223185539246,1.4038058715470925e-08,0.00017769004625733942
/content/drive/MyDrive/StoneSense-Training/processed_grouped/processed_grouped/test/Normal/Normal- (942).jpg,1,1,2.708467781650792e-12,0.9999673366546631,2.9301503445822163e-08,3.261661549913697e-05
/content/drive/MyDrive/StoneSense-Training/processed_grouped/processed_grouped/test/Normal/Normal- (943).jpg,1,1,2.255197070755166e-11,0.9998847246170044,1.3761504078502185e-06,0.0001138312800321728
/content/drive/MyDrive/StoneSense-Training/processed_grouped/processed_grouped/test/Normal/Normal- (944).jpg,1,1,1.8827950309940888e-10,0.9998775720596313,3.6692463254439645e-06,0.00011871404421981424
/content/drive/MyDrive/StoneSense-Training/processed_grouped/processed_grouped/test/Normal/Normal- (945).jpg,1,1,3.082047117519693e-11,0.9999873638153076,5.402243345997704e-07,1.2076530765625648e-05
/content/drive/MyDrive/StoneSense-Training/processed_grouped/processed_grouped/test/Normal/Normal- (946).jpg,1,1,7.411207064711434e-12,0.9999858140945435,8.942812002032952e-08,1.4038208064448554e-05
/content/drive/MyDrive/StoneSense-Training/processed_grouped/processed_grouped/test/Normal/Normal- (947).jpg,1,1,9.856638075178559e-12,0.9999852180480957,3.4881557553489984e-07,1.442253778805025e-05
/content/drive/MyDrive/StoneSense-Training/processed_grouped/processed_grouped/test/Normal/Normal- (948).jpg,1,1,7.068197416248978e-11,0.9999932050704956,2.949391728179762e-06,3.7825063827767735e-06
/content/drive/MyDrive/StoneSense-Training/processed_grouped/processed_grouped/test/Normal/Normal- (949).jpg,1,1,6.029576282706728e-10,0.9999822378158569,1.1547052963578608e-05,6.204623332450865e-06
/content/drive/MyDrive/StoneSense-Training/processed_grouped/processed_grouped/test/Normal/Normal- (950).jpg,1,1,2.626170669817185e-10,0.9999862909317017,9.017882803163957e-06,4.6947116061346605e-06
/content/drive/MyDrive/StoneSense-Training/processed_grouped/processed_grouped/test/Normal/Normal- (951).jpg,1,1,1.0643428499657048e-10,0.9999942779541016,3.005776989084552e-06,2.7521102765604155e-06
/content/drive/MyDrive/StoneSense-Training/processed_grouped/processed_grouped/test/Normal/Normal- (952).jpg,1,1,7.103634087207711e-12,0.9999994039535522,4.5226053657643206e-07,9.86251436074781e-08
/content/drive/MyDrive/StoneSense-Training/processed_grouped/processed_grouped/test/Normal/Normal- (953).jpg,1,1,6.503387238454561e-12,0.9999995231628418,2.3441185703632073e-07,2.9088931796650286e-07
/content/drive/MyDrive/StoneSense-Training/processed_grouped/processed_grouped/test/Normal/Normal- (954).jpg,1,1,9.0995960766449e-11,0.9999951124191284,1.727651806504582e-06,3.2005636967369355e-06
/content/drive/MyDrive/StoneSense-Training/processed_grouped/processed_grouped/test/Normal/Normal- (955).jpg,1,1,3.3172359303890175e-10,0.9999946355819702,1.5188792303888476e-06,3.8036262139939936e-06
/content/drive/MyDrive/StoneSense-Training/processed_grouped/processed_grouped/test/Normal/Normal- (956).jpg,1,1,9.651959093082141e-11,0.9999984502792358,5.203272621656652e-07,1.0300476560587413e-06
/content/drive/MyDrive/StoneSense-Training/processed_grouped/processed_grouped/test/Normal/Normal- (957).jpg,1,1,6.32398647337773e-11,0.9999988079071045,6.969819423829904e-07,4.374281843411154e-07
/content/drive/MyDrive/StoneSense-Training/processed_grouped/processed_grouped/test/Normal/Normal- (958).jpg,1,1,4.0827820291244876e-11,0.9999982118606567,1.6623068859189516e-06,9.969247827257277e-08
/content/drive/MyDrive/StoneSense-Training/processed_grouped/processed_grouped/test/Normal/Normal- (959).jpg,1,1,1.5678515777328705e-11,0.9999991655349731,6.908832119734143e-07,1.4372415080288192e-07
/content/drive/MyDrive/StoneSense-Training/processed_grouped/processed_grouped/test/Normal/Normal- (960).jpg,1,1,5.517112808273161e-11,0.9999992847442627,2.3860491182858823e-07,4.6590434976678807e-07
/content/drive/MyDrive/StoneSense-Training/processed_grouped/processed_grouped/test/Normal/Normal- (961).jpg,1,1,1.3609014956617038e-11,0.9999997615814209,7.386220346461414e-08,9.993173932798527e-08
/content/drive/MyDrive/StoneSense-Training/processed_grouped/processed_grouped/test/Normal/Normal- (962).jpg,1,1,2.9909241316267154e-12,0.9999998807907104,3.650855973091893e-08,1.1519901477186067e-07
/content/drive/MyDrive/StoneSense-Training/processed_grouped/processed_grouped/test/Normal/Normal- (963).jpg,1,1,2.5176828937628626e-12,0.9999995231628418,1.5334244096720795e-07,3.231239134038333e-07
/content/drive/MyDrive/StoneSense-Training/processed_grouped/processed_grouped/test/Normal/Normal- (964).jpg,1,1,3.3202173649327094e-12,0.9999992847442627,6.407383921214205e-07,1.5075930548391625e-07
/content/drive/MyDrive/StoneSense-Training/processed_grouped/processed_grouped/test/Normal/Normal- (965).jpg,1,1,8.068753130918704e-12,0.9999980926513672,1.8712662495090626e-06,5.0025931841446436e-08
/content/drive/MyDrive/StoneSense-Training/processed_grouped/processed_grouped/test/Normal/Normal- (966).jpg,1,1,3.1496003721764865e-11,0.9999994039535522,5.058227543486282e-07,6.464197355171564e-08
/content/drive/MyDrive/StoneSense-Training/processed_grouped/processed_grouped/test/Normal/Normal- (967).jpg,1,1,3.0621452595802623e-10,0.9999991655349731,8.091838026302867e-07,5.360355359584901e-08
/content/drive/MyDrive/StoneSense-Training/processed_grouped/processed_grouped/test/Normal/Normal- (968).jpg,1,1,9.999535227622758e-11,0.9999986886978149,1.2597203067343798e-06,1.1847764547212591e-08
/content/drive/MyDrive/StoneSense-Training/processed_grouped/processed_grouped/test/Normal/Normal- (969).jpg,1,1,5.084417956102705e-11,0.9999998807907104,6.530873974952556e-08,1.359679124846025e-08
/content/drive/MyDrive/StoneSense-Training/processed_grouped/processed_grouped/test/Normal/Normal- (970).jpg,1,1,2.463017123588429e-09,0.9999996423721313,2.0043617610099318e-07,1.4839713458059123e-07
/content/drive/MyDrive/StoneSense-Training/processed_grouped/processed_grouped/test/Normal/Normal- (971).jpg,1,1,3.3714768754578017e-09,0.9999986886978149,6.029948735886137e-07,7.004963435974787e-07
/content/drive/MyDrive/StoneSense-Training/processed_grouped/processed_grouped/test/Normal/Normal- (972).jpg,1,1,7.26894933134048e-10,0.9999990463256836,4.0847871218829823e-07,5.499708208844822e-07
/content/drive/MyDrive/StoneSense-Training/processed_grouped/processed_grouped/test/Normal/Normal- (973).jpg,1,1,2.4310016222273134e-09,0.9999985694885254,7.200664526862965e-07,7.192634825514688e-07
/content/drive/MyDrive/StoneSense-Training/processed_grouped/processed_grouped/test/Normal/Normal- (974).jpg,1,1,2.4326722858347694e-09,0.9999986886978149,6.272977657317824e-07,6.940236403352174e-07
/content/drive/MyDrive/StoneSense-Training/processed_grouped/processed_grouped/test/Normal/Normal- (975).jpg,1,1,2.226299422591893e-10,0.9999995231628418,3.064470490699023e-07,1.5525493779477983e-07
/content/drive/MyDrive/StoneSense-Training/processed_grouped/processed_grouped/test/Normal/Normal- (976).jpg,1,1,4.5156214878439016e-10,0.9999985694885254,1.1266984074609354e-06,3.6541513281918014e-07
/content/drive/MyDrive/StoneSense-Training/processed_grouped/processed_grouped/test/Normal/Normal- (977).jpg,1,1,5.8303601946363415e-09,0.9999970197677612,2.4833311726979446e-06,4.830584998671839e-07
/content/drive/MyDrive/StoneSense-Training/processed_grouped/processed_grouped/test/Normal/Normal- (978).jpg,1,1,4.017551291646271e-10,0.9999991655349731,2.809345858167944e-07,6.349745831357723e-07
/content/drive/MyDrive/StoneSense-Training/processed_grouped/processed_grouped/test/Normal/Normal- (979).jpg,1,1,2.467326787325419e-09,0.9999988079071045,2.3455993414245313e-07,9.731710406413185e-07
/content/drive/MyDrive/StoneSense-Training/processed_grouped/processed_grouped/test/Normal/Normal- (980).jpg,1,1,6.797760132570829e-10,0.9999990463256836,2.465161230702506e-07,7.313929586416634e-07
/content/drive/MyDrive/StoneSense-Training/processed_grouped/processed_grouped/test/Normal/Normal- (981).jpg,1,1,9.37102617726282e-11,0.9999992847442627,2.9391227940323006e-07,4.602937906383886e-07
/content/drive/MyDrive/StoneSense-Training/processed_grouped/processed_grouped/test/Normal/Normal- (982).jpg,1,1,6.330602708715105e-11,0.9999992847442627,3.549047562501073e-07,3.9896318071441783e-07
/content/drive/MyDrive/StoneSense-Training/processed_grouped/processed_grouped/test/Normal/Normal- (983).jpg,1,1,1.3892336170329145e-09,0.9999872446060181,1.177692502096761e-05,9.946626278178883e-07
/content/drive/MyDrive/StoneSense-Training/processed_grouped/processed_grouped/test/Normal/Normal- (984).jpg,1,1,2.3923467651343344e-09,0.9999821186065674,1.672470534685999e-05,1.1367875458745402e-06
/content/drive/MyDrive/StoneSense-Training/processed_grouped/processed_grouped/test/Normal/Normal- (985).jpg,1,1,2.48417686421476e-09,0.9999690055847168,2.9505989004974253e-05,1.4318004559754627e-06
/content/drive/MyDrive/StoneSense-Training/processed_grouped/processed_grouped/test/Normal/Normal- (986).jpg,1,1,5.194138452679908e-09,0.9998798370361328,0.00011067743616877124,9.379720722790807e-06
/content/drive/MyDrive/StoneSense-Training/processed_grouped/processed_grouped/test/Normal/Normal- (987).jpg,1,1,2.1315627041218477e-09,0.9999210834503174,7.116256892913952e-05,7.797092621331103e-06
/content/drive/MyDrive/StoneSense-Training/processed_grouped/processed_grouped/test/Normal/Normal- (988).jpg,1,1,1.6565122606948535e-08,0.9994503855705261,0.0005372694577090442,1.2371051525406074e-05
/content/drive/MyDrive/StoneSense-Training/processed_grouped/processed_grouped/test/Normal/Normal- (989).jpg,1,1,1.1675233224650583e-08,0.9997603297233582,0.0002367934794165194,2.8046881652699085e-06
/content/drive/MyDrive/StoneSense-Training/processed_grouped/processed_grouped/test/Normal/Normal- (990).jpg,1,1,3.566746453742553e-09,0.9998955726623535,0.00010369600204285234,7.071121785884316e-07
/content/drive/MyDrive/StoneSense-Training/processed_grouped/processed_grouped/test/Normal/Normal- (991).jpg,1,1,9.948994517117171e-09,0.9992852807044983,0.0007132503087632358,1.531459247416933e-06
/content/drive/MyDrive/StoneSense-Training/processed_grouped/processed_grouped/test/Normal/Normal- (992).jpg,1,1,3.91524546117239e-09,0.999596893787384,0.00040237809298560023,6.65117738662957e-07
/content/drive/MyDrive/StoneSense-Training/processed_grouped/processed_grouped/test/Normal/Normal- (993).jpg,1,1,9.467861161738256e-09,0.9978298544883728,0.0021697725169360638,3.702272692862607e-07
/content/drive/MyDrive/StoneSense-Training/processed_grouped/processed_grouped/test/Normal/Normal- (994).jpg,1,1,8.43316669829619e-08,0.9798964262008667,0.02010205201804638,1.353172592644114e-06
/content/drive/MyDrive/StoneSense-Training/processed_grouped/processed_grouped/test/Normal/Normal- (995).jpg,1,1,2.98474067683685e-09,0.9993441700935364,0.000655711570288986,1.5246234852384077e-07
/content/drive/MyDrive/StoneSense-Training/processed_grouped/processed_grouped/test/Normal/Normal- (996).jpg,1,1,3.668400028189467e-10,0.9999731779098511,2.6808163966052234e-05,2.5915120716035744e-08
/content/drive/MyDrive/StoneSense-Training/processed_grouped/processed_grouped/test/Normal/Normal- (997).jpg,1,1,1.962539242228445e-09,0.9998854398727417,0.00011437805369496346,8.888435587550703e-08
/content/drive/MyDrive/StoneSense-Training/processed_grouped/processed_grouped/test/Normal/Normal- (998).jpg,1,1,1.1169163371960167e-08,0.9998769760131836,0.0001228043547598645,1.9242210669290216e-07
/content/drive/MyDrive/StoneSense-Training/processed_grouped/processed_grouped/test/Normal/Normal- (999).jpg,1,1,6.073543659113056e-07,0.9999125003814697,7.885339073254727e-06,7.89865807746537e-05
/content/drive/MyDrive/StoneSense-Training/processed_grouped/processed_grouped/test/Stone/Stone- (1004).jpg,2,2,0.005468097515404224,5.751836624767748e-07,0.994530975818634,3.1588450610797736e-07
/content/drive/MyDrive/StoneSense-Training/processed_grouped/processed_grouped/test/Stone/Stone- (1005).jpg,2,2,0.001176671590656042,1.1967207456109463e-06,0.9988216757774353,5.320016498444602e-07
/content/drive/MyDrive/StoneSense-Training/processed_grouped/processed_grouped/test/Stone/Stone- (1006).jpg,2,2,9.19188532861881e-05,6.275563464441802e-07,0.999907374382019,1.3299533918598172e-07
/content/drive/MyDrive/StoneSense-Training/processed_grouped/processed_grouped/test/Stone/Stone- (1007).jpg,2,2,6.947734073037282e-05,5.189131684346648e-07,0.9999300241470337,4.2390130516878344e-08
/content/drive/MyDrive/StoneSense-Training/processed_grouped/processed_grouped/test/Stone/Stone- (1008).jpg,2,2,7.641056436114013e-05,3.8083883282524766e-06,0.9999194145202637,3.705775100115716e-07
/content/drive/MyDrive/StoneSense-Training/processed_grouped/processed_grouped/test/Stone/Stone- (1009).jpg,2,2,0.0006594284204766154,3.234694304410368e-05,0.9993013143539429,6.888184998388169e-06
/content/drive/MyDrive/StoneSense-Training/processed_grouped/processed_grouped/test/Stone/Stone- (1010).jpg,2,2,0.0021331633906811476,4.818630713998573e-06,0.9978604912757874,1.528601842437638e-06
/content/drive/MyDrive/StoneSense-Training/processed_grouped/processed_grouped/test/Stone/Stone- (1011).jpg,2,2,0.0026509666349738836,5.654695996781811e-06,0.9973426461219788,7.405479891531286e-07
/content/drive/MyDrive/StoneSense-Training/processed_grouped/processed_grouped/test/Stone/Stone- (1029).jpg,2,2,0.00017241283785551786,0.00013578111247625202,0.9994309544563293,0.00026076275389641523
/content/drive/MyDrive/StoneSense-Training/processed_grouped/processed_grouped/test/Stone/Stone- (1030).jpg,2,2,0.0016894589643925428,4.643584543373436e-05,0.998017430305481,0.00024662609212100506
/content/drive/MyDrive/StoneSense-Training/processed_grouped/processed_grouped/test/Stone/Stone- (1031).jpg,2,2,0.0017380055505782366,3.44223553838674e-05,0.9976449608802795,0.0005826004780828953
/content/drive/MyDrive/StoneSense-Training/processed_grouped/processed_grouped/test/Stone/Stone- (1092).jpg,2,2,0.04997511953115463,0.0268024280667305,0.8856418132781982,0.0375807024538517
/content/drive/MyDrive/StoneSense-Training/processed_grouped/processed_grouped/test/Stone/Stone- (1093).jpg,2,2,0.013511552475392818,0.04957997053861618,0.48329681158065796,0.4536116123199463
/content/drive/MyDrive/StoneSense-Training/processed_grouped/processed_grouped/test/Stone/Stone- (1094).jpg,2,2,0.010198552161455154,0.062005553394556046,0.7390400767326355,0.1887557953596115
/content/drive/MyDrive/StoneSense-Training/processed_grouped/processed_grouped/test/Stone/Stone- (1095).jpg,2,2,0.0017273637931793928,0.01427935529500246,0.9532479643821716,0.03074529580771923
/content/drive/MyDrive/StoneSense-Training/processed_grouped/processed_grouped/test/Stone/Stone- (1096).jpg,2,2,0.00013618459342978895,0.0003693743492476642,0.9984776377677917,0.0010168763110414147
/content/drive/MyDrive/StoneSense-Training/processed_grouped/processed_grouped/test/Stone/Stone- (1177).jpg,2,2,0.1630183458328247,0.0002989299246110022,0.8366817235946655,1.00462318641803e-06
/content/drive/MyDrive/StoneSense-Training/processed_grouped/processed_grouped/test/Stone/Stone- (1178).jpg,2,2,0.10371746122837067,0.00015173071005847305,0.8961304426193237,2.9328651862670085e-07
/content/drive/MyDrive/StoneSense-Training/processed_grouped/processed_grouped/test/Stone/Stone- (1179).jpg,2,2,0.1572006493806839,8.5999718066887e-06,0.8427898287773132,8.687767945048108e-07
/content/drive/MyDrive/StoneSense-Training/processed_grouped/processed_grouped/test/Stone/Stone- (1180).jpg,2,2,0.3433244228363037,6.475575901276898e-06,0.6566637754440308,5.333302397048101e-06
/content/drive/MyDrive/StoneSense-Training/processed_grouped/processed_grouped/test/Stone/Stone- (1181).jpg,2,2,0.17621801793575287,2.952662498501013e-06,0.8237771987915039,1.8442891587255872e-06
/content/drive/MyDrive/StoneSense-Training/processed_grouped/processed_grouped/test/Stone/Stone- (1182).jpg,2,2,0.01973848231136799,9.949667401087936e-07,0.9802599549293518,6.128468044153124e-07
/content/drive/MyDrive/StoneSense-Training/processed_grouped/processed_grouped/test/Stone/Stone- (1183).jpg,2,2,0.0132362712174654,2.7290575417282525e-06,0.9867587685585022,2.256540483358549e-06
/content/drive/MyDrive/StoneSense-Training/processed_grouped/processed_grouped/test/Stone/Stone- (1184).jpg,2,2,0.006974564865231514,5.925450750510208e-06,0.9930180311203003,1.5946172879921505e-06
/content/drive/MyDrive/StoneSense-Training/processed_grouped/processed_grouped/test/Stone/Stone- (1185).jpg,2,2,0.0013241939013823867,4.659962087316671e-06,0.998668909072876,2.214310597992153e-06
/content/drive/MyDrive/StoneSense-Training/processed_grouped/processed_grouped/test/Stone/Stone- (175).jpg,2,2,0.0016562464879825711,0.0020573907531797886,0.9883672595024109,0.007919048890471458
/content/drive/MyDrive/StoneSense-Training/processed_grouped/processed_grouped/test/Stone/Stone- (183).jpg,2,1,0.004841036628931761,0.9810760021209717,0.014082222245633602,6.925208140273753e-07
/content/drive/MyDrive/StoneSense-Training/processed_grouped/processed_grouped/test/Stone/Stone- (184).jpg,2,1,0.08429043740034103,0.8737404346466064,0.04195971041917801,9.360211151943076e-06
/content/drive/MyDrive/StoneSense-Training/processed_grouped/processed_grouped/test/Stone/Stone- (185).jpg,2,1,0.21012338995933533,0.6935619711875916,0.0962827205657959,3.1917981687001884e-05
/content/drive/MyDrive/StoneSense-Training/processed_grouped/processed_grouped/test/Stone/Stone- (186).jpg,2,1,0.0966309979557991,0.5853002667427063,0.3180486261844635,2.0065772332600318e-05
/content/drive/MyDrive/StoneSense-Training/processed_grouped/processed_grouped/test/Stone/Stone- (187).jpg,2,2,0.008217064663767815,0.31654009222984314,0.6751964092254639,4.6458128053927794e-05
/content/drive/MyDrive/StoneSense-Training/processed_grouped/processed_grouped/test/Stone/Stone- (188).jpg,2,1,0.0033140035811811686,0.6607921719551086,0.3356647491455078,0.00022899379837326705
/content/drive/MyDrive/StoneSense-Training/processed_grouped/processed_grouped/test/Stone/Stone- (243).jpg,2,2,1.574533570192216e-08,0.002613678341731429,0.9973418116569519,4.444905061973259e-05
/content/drive/MyDrive/StoneSense-Training/processed_grouped/processed_grouped/test/Stone/Stone- (244).jpg,2,2,2.61987082694759e-07,0.004518039058893919,0.9947092533111572,0.0007724710740149021
/content/drive/MyDrive/StoneSense-Training/processed_grouped/processed_grouped/test/Stone/Stone- (245).jpg,2,2,4.043987473778543e-07,0.011007128283381462,0.9867324233055115,0.002260065171867609
/content/drive/MyDrive/StoneSense-Training/processed_grouped/processed_grouped/test/Stone/Stone- (246).jpg,2,2,1.7434946357752779e-06,0.005408703815191984,0.9913523197174072,0.0032372302375733852
/content/drive/MyDrive/StoneSense-Training/processed_grouped/processed_grouped/test/Stone/Stone- (247).jpg,2,2,2.1482280772033846e-06,0.01178884506225586,0.9830908179283142,0.005118155386298895
/content/drive/MyDrive/StoneSense-Training/processed_grouped/processed_grouped/test/Stone/Stone- (248).jpg,2,2,1.0828949825736345e-06,0.0008318613399751484,0.9972407817840576,0.0019262497080489993
/content/drive/MyDrive/StoneSense-Training/processed_grouped/processed_grouped/test/Stone/Stone- (249).jpg,2,2,2.649194357218221e-07,7.448800170095637e-05,0.9998652935028076,5.991349462419748e-05
/content/drive/MyDrive/StoneSense-Training/processed_grouped/processed_grouped/test/Stone/Stone- (258).jpg,2,1,0.002351672388613224,0.8804940581321716,0.07762676477432251,0.03952740132808685
/content/drive/MyDrive/StoneSense-Training/processed_grouped/processed_grouped/test/Stone/Stone- (259).jpg,2,1,0.029803162440657616,0.7105890512466431,0.2255721390247345,0.034035686403512955
/content/drive/MyDrive/StoneSense-Training/processed_grouped/processed_grouped/test/Stone/Stone- (260).jpg,2,2,0.03904104232788086,0.444740355014801,0.49546822905540466,0.02075042575597763
/content/drive/MyDrive/StoneSense-Training/processed_grouped/processed_grouped/test/Stone/Stone- (261).jpg,2,2,0.002732890425249934,0.2379092276096344,0.7398227453231812,0.01953517459332943
/content/drive/MyDrive/StoneSense-Training/processed_grouped/processed_grouped/test/Stone/Stone- (262).jpg,2,2,0.0008036408689804375,0.02393811009824276,0.9744666218757629,0.0007916393806226552
/content/drive/MyDrive/StoneSense-Training/processed_grouped/processed_grouped/test/Stone/Stone- (263).jpg,2,2,0.0011239114683121443,0.056103236973285675,0.9426465630531311,0.0001263443409698084
/content/drive/MyDrive/StoneSense-Training/processed_grouped/processed_grouped/test/Stone/Stone- (264).jpg,2,2,0.0003992523124907166,0.3144693970680237,0.6834044456481934,0.0017268989467993379
/content/drive/MyDrive/StoneSense-Training/processed_grouped/processed_grouped/test/Stone/Stone- (265).jpg,2,2,0.0016299773706123233,0.28933605551719666,0.7036847472190857,0.005349214654415846
/content/drive/MyDrive/StoneSense-Training/processed_grouped/processed_grouped/test/Stone/Stone- (266).jpg,2,1,0.00019161441014148295,0.7724341750144958,0.2248215526342392,0.0025526450481265783
/content/drive/MyDrive/StoneSense-Training/processed_grouped/processed_grouped/test/Stone/Stone- (267).jpg,2,1,0.00011070511391153559,0.8196716904640198,0.17952178418636322,0.0006958174635656178
/content/drive/MyDrive/StoneSense-Training/processed_grouped/processed_grouped/test/Stone/Stone- (268).jpg,2,2,0.0006359305698424578,0.38451263308525085,0.6145833730697632,0.0002680618781596422
/content/drive/MyDrive/StoneSense-Training/processed_grouped/processed_grouped/test/Stone/Stone- (269).jpg,2,1,5.051468906458467e-05,0.7701468467712402,0.22964896261692047,0.00015373210771940649
/content/drive/MyDrive/StoneSense-Training/processed_grouped/processed_grouped/test/Stone/Stone- (270).jpg,2,1,6.881020090077072e-05,0.859872579574585,0.13984315097332,0.00021548813674598932
/content/drive/MyDrive/StoneSense-Training/processed_grouped/processed_grouped/test/Stone/Stone- (28).jpg,2,2,0.014008505269885063,0.0059175617061555386,0.979458212852478,0.0006156260496936738
/content/drive/MyDrive/StoneSense-Training/processed_grouped/processed_grouped/test/Stone/Stone- (29).jpg,2,2,0.002431193133816123,0.0017610733630135655,0.9952556490898132,0.0005520111881196499
/content/drive/MyDrive/StoneSense-Training/processed_grouped/processed_grouped/test/Stone/Stone- (290).jpg,2,1,3.6297436167842534e-08,0.7855370044708252,0.21446271240711212,2.5871617026496097e-07
/content/drive/MyDrive/StoneSense-Training/processed_grouped/processed_grouped/test/Stone/Stone- (291).jpg,2,1,2.8054856215931068e-09,0.9768903255462646,0.023109322413802147,3.18625922091087e-07
/content/drive/MyDrive/StoneSense-Training/processed_grouped/processed_grouped/test/Stone/Stone- (292).jpg,2,1,3.1153557511487406e-10,0.9964582324028015,0.0035416174214333296,6.358496307257155e-08
/content/drive/MyDrive/StoneSense-Training/processed_grouped/processed_grouped/test/Stone/Stone- (293).jpg,2,1,1.5757068982935607e-09,0.99274080991745,0.007259008940309286,2.699203491829394e-07
/content/drive/MyDrive/StoneSense-Training/processed_grouped/processed_grouped/test/Stone/Stone- (294).jpg,2,1,8.553827091084543e-10,0.984667956829071,0.015331551432609558,4.6057456870585156e-07
/content/drive/MyDrive/StoneSense-Training/processed_grouped/processed_grouped/test/Stone/Stone- (295).jpg,2,1,1.3543567378704324e-09,0.9091166853904724,0.09088184684515,1.372549490952224e-06
/content/drive/MyDrive/StoneSense-Training/processed_grouped/processed_grouped/test/Stone/Stone- (296).jpg,2,1,2.0367431352585896e-10,0.9812644720077515,0.01873510330915451,5.25192376699124e-07
/content/drive/MyDrive/StoneSense-Training/processed_grouped/processed_grouped/test/Stone/Stone- (297).jpg,2,1,1.3433025802811471e-09,0.9792136549949646,0.020785024389624596,1.2410084764269413e-06
/content/drive/MyDrive/StoneSense-Training/processed_grouped/processed_grouped/test/Stone/Stone- (298).jpg,2,1,3.8681351455238655e-09,0.8374535441398621,0.16254568099975586,8.059726042120019e-07
/content/drive/MyDrive/StoneSense-Training/processed_grouped/processed_grouped/test/Stone/Stone- (299).jpg,2,1,5.66118441014396e-09,0.9763944745063782,0.023604869842529297,7.20103855655907e-07
/content/drive/MyDrive/StoneSense-Training/processed_grouped/processed_grouped/test/Stone/Stone- (30).jpg,2,2,0.004969046916812658,0.012748759239912033,0.9763638973236084,0.0059182308614254
/content/drive/MyDrive/StoneSense-Training/processed_grouped/processed_grouped/test/Stone/Stone- (300).jpg,2,1,9.491257557669996e-09,0.9829241633415222,0.01707281917333603,3.0667158625874436e-06
/content/drive/MyDrive/StoneSense-Training/processed_grouped/processed_grouped/test/Stone/Stone- (301).jpg,2,1,3.4329826092971416e-08,0.9250293970108032,0.07495894283056259,1.1728619028872345e-05
/content/drive/MyDrive/StoneSense-Training/processed_grouped/processed_grouped/test/Stone/Stone- (302).jpg,2,1,4.112025386859841e-09,0.9841161370277405,0.01587950438261032,4.394560164655559e-06
/content/drive/MyDrive/StoneSense-Training/processed_grouped/processed_grouped/test/Stone/Stone- (303).jpg,2,1,8.955360897289211e-10,0.997227132320404,0.0027708241250365973,1.979683247554931e-06
/content/drive/MyDrive/StoneSense-Training/processed_grouped/processed_grouped/test/Stone/Stone- (304).jpg,2,1,7.802419821345552e-10,0.99479079246521,0.005208124406635761,1.0185339078816469e-06
/content/drive/MyDrive/StoneSense-Training/processed_grouped/processed_grouped/test/Stone/Stone- (305).jpg,2,1,1.3245748942125601e-10,0.9992251396179199,0.0007747128838673234,8.963458952848669e-08
/content/drive/MyDrive/StoneSense-Training/processed_grouped/processed_grouped/test/Stone/Stone- (306).jpg,2,1,3.5842614209968815e-08,0.967829704284668,0.03216937556862831,9.321231573267141e-07
/content/drive/MyDrive/StoneSense-Training/processed_grouped/processed_grouped/test/Stone/Stone- (307).jpg,2,1,3.91309015412844e-07,0.9524798393249512,0.047518711537122726,1.111472442971717e-06
/content/drive/MyDrive/StoneSense-Training/processed_grouped/processed_grouped/test/Stone/Stone- (308).jpg,2,1,9.781779652939804e-08,0.9929452538490295,0.007054605986922979,5.73061562647581e-08
/content/drive/MyDrive/StoneSense-Training/processed_grouped/processed_grouped/test/Stone/Stone- (309).jpg,2,1,1.616226974476831e-08,0.9991570711135864,0.0008427288848906755,1.8322820949379093e-07
/content/drive/MyDrive/StoneSense-Training/processed_grouped/processed_grouped/test/Stone/Stone- (31).jpg,2,2,0.012636764906346798,0.0031774169765412807,0.9303950071334839,0.05379071086645126
/content/drive/MyDrive/StoneSense-Training/processed_grouped/processed_grouped/test/Stone/Stone- (310).jpg,2,1,3.0935066064330385e-08,0.9895026683807373,0.010496789589524269,4.3168967067686026e-07
/content/drive/MyDrive/StoneSense-Training/processed_grouped/processed_grouped/test/Stone/Stone- (311).jpg,2,1,1.981278074936199e-07,0.9060073494911194,0.09399079531431198,1.5991649888746906e-06
/content/drive/MyDrive/StoneSense-Training/processed_grouped/processed_grouped/test/Stone/Stone- (312).jpg,2,1,4.224035521360747e-08,0.9729535579681396,0.02704468183219433,1.6997568081933423e-06
/content/drive/MyDrive/StoneSense-Training/processed_grouped/processed_grouped/test/Stone/Stone- (313).jpg,2,1,2.66575139740155e-09,0.9890708923339844,0.010927722789347172,1.4687623206555145e-06
/content/drive/MyDrive/StoneSense-Training/processed_grouped/processed_grouped/test/Stone/Stone- (314).jpg,2,1,9.128507372224703e-08,0.8234153985977173,0.1765819489955902,2.581410399216111e-06
/content/drive/MyDrive/StoneSense-Training/processed_grouped/processed_grouped/test/Stone/Stone- (315).jpg,2,2,1.9210396828839293e-07,0.16520915925502777,0.8347873091697693,3.3777166663639946e-06
/content/drive/MyDrive/StoneSense-Training/processed_grouped/processed_grouped/test/Stone/Stone- (316).jpg,2,2,5.279867423269025e-07,0.05201822891831398,0.9479802250862122,1.0386551139163203e-06
/content/drive/MyDrive/StoneSense-Training/processed_grouped/processed_grouped/test/Stone/Stone- (317).jpg,2,2,2.8168449262011563e-07,0.013923082500696182,0.986076295375824,3.6592805940927065e-07
/content/drive/MyDrive/StoneSense-Training/processed_grouped/processed_grouped/test/Stone/Stone- (318).jpg,2,1,2.2134166499654384e-07,0.6378846168518066,0.36211034655570984,4.752655968331965e-06
/content/drive/MyDrive/StoneSense-Training/processed_grouped/processed_grouped/test/Stone/Stone- (319).jpg,2,1,8.668146733725735e-08,0.9099224805831909,0.09006761759519577,9.742896509123966e-06
/content/drive/MyDrive/StoneSense-Training/processed_grouped/processed_grouped/test/Stone/Stone- (32).jpg,2,2,0.0005788779817521572,0.00018154220015276223,0.9983152151107788,0.0009242816595360637
/content/drive/MyDrive/StoneSense-Training/processed_grouped/processed_grouped/test/Stone/Stone- (320).jpg,2,1,1.976533248182477e-08,0.921265721321106,0.07871956378221512,1.4745633961865678e-05
/content/drive/MyDrive/StoneSense-Training/processed_grouped/processed_grouped/test/Stone/Stone- (463).jpg,2,2,3.2354745371776517e-07,0.3433187007904053,0.6566797494888306,1.2277718042241759e-06
/content/drive/MyDrive/StoneSense-Training/processed_grouped/processed_grouped/test/Stone/Stone- (464).jpg,2,1,4.8017753329077095e-08,0.7371126413345337,0.2628837525844574,3.5111083889205474e-06
/content/drive/MyDrive/StoneSense-Training/processed_grouped/processed_grouped/test/Stone/Stone- (465).jpg,2,1,8.025738296169038e-09,0.9425300359725952,0.05746803432703018,1.8833518424798967e-06
/content/drive/MyDrive/StoneSense-Training/processed_grouped/processed_grouped/test/Stone/Stone- (466).jpg,2,1,4.2806384215055004e-08,0.9046773314476013,0.0953165665268898,6.076285444578389e-06
/content/drive/MyDrive/StoneSense-Training/processed_grouped/processed_grouped/test/Stone/Stone- (467).jpg,2,1,1.0378160553159432e-08,0.8129320740699768,0.18706247210502625,5.4069214456831105e-06
/content/drive/MyDrive/StoneSense-Training/processed_grouped/processed_grouped/test/Stone/Stone- (468).jpg,2,2,1.7628506654432385e-08,0.2548920810222626,0.7451024055480957,5.504756700247526e-06
/content/drive/MyDrive/StoneSense-Training/processed_grouped/processed_grouped/test/Stone/Stone- (469).jpg,2,1,8.86914275355366e-09,0.5612616539001465,0.43873390555381775,4.485053068492562e-06
/content/drive/MyDrive/StoneSense-Training/processed_grouped/processed_grouped/test/Stone/Stone- (470).jpg,2,1,2.9241196131124525e-08,0.5213173031806946,0.47867265343666077,1.0002954695664812e-05
/content/drive/MyDrive/StoneSense-Training/processed_grouped/processed_grouped/test/Stone/Stone- (471).jpg,2,2,2.2173169966777095e-08,0.16662949323654175,0.833369255065918,1.3275380297272932e-06
/content/drive/MyDrive/StoneSense-Training/processed_grouped/processed_grouped/test/Stone/Stone- (472).jpg,2,1,1.004802214765732e-07,0.7190178632736206,0.28097471594810486,7.3381015681661665e-06
/content/drive/MyDrive/StoneSense-Training/processed_grouped/processed_grouped/test/Stone/Stone- (473).jpg,2,1,5.176276545171277e-07,0.6346415877342224,0.3652998208999634,5.80453488510102e-05
/content/drive/MyDrive/StoneSense-Training/processed_grouped/processed_grouped/test/Stone/Stone- (474).jpg,2,2,9.66541620073258e-07,0.24154609441757202,0.758406400680542,4.658595207729377e-05
/content/drive/MyDrive/StoneSense-Training/processed_grouped/processed_grouped/test/Stone/Stone- (475).jpg,2,1,1.0611594092324594e-07,0.7765086889266968,0.22345776855945587,3.3381485991412774e-05
/content/drive/MyDrive/StoneSense-Training/processed_grouped/processed_grouped/test/Stone/Stone- (476).jpg,2,1,4.14357259614917e-08,0.947778582572937,0.052202966064214706,1.8375416402705014e-05
/content/drive/MyDrive/StoneSense-Training/processed_grouped/processed_grouped/test/Stone/Stone- (477).jpg,2,1,2.3809160865084777e-08,0.970945417881012,0.029051022604107857,3.5687876334122848e-06
/content/drive/MyDrive/StoneSense-Training/processed_grouped/processed_grouped/test/Stone/Stone- (478).jpg,2,1,1.4643061208019503e-09,0.9979994893074036,0.0020001546945422888,3.806268580319738e-07
/content/drive/MyDrive/StoneSense-Training/processed_grouped/processed_grouped/test/Stone/Stone- (479).jpg,2,1,1.670857585622798e-07,0.9229373335838318,0.07705891132354736,3.5667931115312967e-06
/content/drive/MyDrive/StoneSense-Training/processed_grouped/processed_grouped/test/Stone/Stone- (480).jpg,2,1,1.1007338798663113e-05,0.6334009170532227,0.36657723784446716,1.0828628546732944e-05
/content/drive/MyDrive/StoneSense-Training/processed_grouped/processed_grouped/test/Stone/Stone- (481).jpg,2,1,1.3403055163507815e-06,0.9667800068855286,0.0332181490957737,5.055344445281662e-07
/content/drive/MyDrive/StoneSense-Training/processed_grouped/processed_grouped/test/Stone/Stone- (482).jpg,2,1,1.64625078014069e-07,0.9971861243247986,0.0028126428369432688,1.1191237945240573e-06
/content/drive/MyDrive/StoneSense-Training/processed_grouped/processed_grouped/test/Stone/Stone- (483).jpg,2,1,1.4834203057034756e-06,0.8410295844078064,0.15896262228488922,6.272640348470304e-06
/content/drive/MyDrive/StoneSense-Training/processed_grouped/processed_grouped/test/Stone/Stone- (484).jpg,2,2,5.743294877902372e-06,0.25803226232528687,0.7419576644897461,4.356415956863202e-06
/content/drive/MyDrive/StoneSense-Training/processed_grouped/processed_grouped/test/Stone/Stone- (485).jpg,2,1,1.0745512781795696e-06,0.6860863566398621,0.31390121579170227,1.1338840522512328e-05
/content/drive/MyDrive/StoneSense-Training/processed_grouped/processed_grouped/test/Stone/Stone- (486).jpg,2,1,6.048681200354622e-08,0.774212121963501,0.225774347782135,1.3361419405555353e-05
/content/drive/MyDrive/StoneSense-Training/processed_grouped/processed_grouped/test/Stone/Stone- (487).jpg,2,2,5.733545549446717e-07,0.14620821177959442,0.8537868857383728,4.368584995972924e-06
/content/drive/MyDrive/StoneSense-Training/processed_grouped/processed_grouped/test/Stone/Stone- (488).jpg,2,2,4.0617155150357576e-07,0.005008568521589041,0.9949900507926941,9.617184559829184e-07
/content/drive/MyDrive/StoneSense-Training/processed_grouped/processed_grouped/test/Stone/Stone- (489).jpg,2,2,1.0797427876241272e-06,0.0009499224252067506,0.99904865026474,3.383731552730751e-07
/content/drive/MyDrive/StoneSense-Training/processed_grouped/processed_grouped/test/Stone/Stone- (490).jpg,2,2,4.2280476009182166e-07,0.0003178484330419451,0.9996815919876099,1.4652739821485739e-07
/content/drive/MyDrive/StoneSense-Training/processed_grouped/processed_grouped/test/Stone/Stone- (491).jpg,2,2,8.526943133801979e-07,0.0202875267714262,0.9797097444534302,1.9088095086772228e-06
/content/drive/MyDrive/StoneSense-Training/processed_grouped/processed_grouped/test/Stone/Stone- (492).jpg,2,2,8.099852948362241e-07,0.08596282452344894,0.9140278697013855,8.549428457627073e-06
/content/drive/MyDrive/StoneSense-Training/processed_grouped/processed_grouped/test/Stone/Stone- (493).jpg,2,2,1.2016390371627494e-07,0.1039981096982956,0.8959830403327942,1.874197732831817e-05
/content/drive/MyDrive/StoneSense-Training/processed_grouped/processed_grouped/test/Stone/Stone- (494).jpg,2,2,1.885171059257118e-07,0.17000152170658112,0.8299739956855774,2.427054823783692e-05
/content/drive/MyDrive/StoneSense-Training/processed_grouped/processed_grouped/test/Stone/Stone- (495).jpg,2,2,1.1510725244079367e-06,0.05297970026731491,0.9468818306922913,0.0001372968399664387
/content/drive/MyDrive/StoneSense-Training/processed_grouped/processed_grouped/test/Stone/Stone- (496).jpg,2,2,3.5012599255423993e-06,0.13110968470573425,0.8687602281570435,0.0001265223982045427
/content/drive/MyDrive/StoneSense-Training/processed_grouped/processed_grouped/test/Stone/Stone- (497).jpg,2,2,1.7169878674394567e-06,0.0665026530623436,0.9332994222640991,0.00019620776583906263
/content/drive/MyDrive/StoneSense-Training/processed_grouped/processed_grouped/test/Stone/Stone- (498).jpg,2,2,2.2311487555271015e-06,0.06427823752164841,0.9353926777839661,0.0003268256550654769
/content/drive/MyDrive/StoneSense-Training/processed_grouped/processed_grouped/test/Stone/Stone- (499).jpg,2,2,2.8098186248826096e-06,0.04404172673821449,0.9557348489761353,0.000220625355723314
/content/drive/MyDrive/StoneSense-Training/processed_grouped/processed_grouped/test/Stone/Stone- (500).jpg,2,2,1.6732772110117367e-06,0.2104862779378891,0.7889837026596069,0.0005283436621539295
/content/drive/MyDrive/StoneSense-Training/processed_grouped/processed_grouped/test/Stone/Stone- (501).jpg,2,2,6.727790946570167e-07,0.1375628262758255,0.8615923523902893,0.000844120979309082
/content/drive/MyDrive/StoneSense-Training/processed_grouped/processed_grouped/test/Stone/Stone- (502).jpg,2,2,1.475724360489039e-07,0.040508389472961426,0.9594278931617737,6.358410610118881e-05
/content/drive/MyDrive/StoneSense-Training/processed_grouped/processed_grouped/test/Stone/Stone- (503).jpg,2,2,5.733740948699051e-08,0.006469653453677893,0.9935152530670166,1.4993370314186905e-05
/content/drive/MyDrive/StoneSense-Training/processed_grouped/processed_grouped/test/Stone/Stone- (504).jpg,2,2,1.4784406587864396e-08,0.0018046273617073894,0.9981866478919983,8.632354365545325e-06
/content/drive/MyDrive/StoneSense-Training/processed_grouped/processed_grouped/test/Stone/Stone- (505).jpg,2,2,4.0989501570720677e-08,0.0009058176074177027,0.9990894794464111,4.694766175816767e-06
/content/drive/MyDrive/StoneSense-Training/processed_grouped/processed_grouped/test/Stone/Stone- (506).jpg,2,2,2.8695886555851757e-08,0.0012143775820732117,0.9987841248512268,1.405879515914421e-06
/content/drive/MyDrive/StoneSense-Training/processed_grouped/processed_grouped/test/Stone/Stone- (507).jpg,2,2,2.7978115824112137e-08,0.00045470392797142267,0.9995447993278503,4.729207034870342e-07
/content/drive/MyDrive/StoneSense-Training/processed_grouped/processed_grouped/test/Stone/Stone- (508).jpg,2,2,1.0656269466835511e-07,0.005497544072568417,0.9944960474967957,6.293240403465461e-06
/content/drive/MyDrive/StoneSense-Training/processed_grouped/processed_grouped/test/Stone/Stone- (509).jpg,2,2,1.3653340147357085e-07,0.04211850091814995,0.957798182964325,8.319096377817914e-05
/content/drive/MyDrive/StoneSense-Training/processed_grouped/processed_grouped/test/Stone/Stone- (624).jpg,2,2,8.536851964890957e-05,0.000911652750801295,0.9989781379699707,2.4867522370186634e-05
/content/drive/MyDrive/StoneSense-Training/processed_grouped/processed_grouped/test/Stone/Stone- (625).jpg,2,2,9.304443665314466e-05,0.0009109542006626725,0.9989878535270691,8.113084732030984e-06
/content/drive/MyDrive/StoneSense-Training/processed_grouped/processed_grouped/test/Stone/Stone- (626).jpg,2,2,1.4187203305482399e-05,0.0006211732979863882,0.9993457198143005,1.8905946490122005e-05
/content/drive/MyDrive/StoneSense-Training/processed_grouped/processed_grouped/test/Stone/Stone- (627).jpg,2,2,3.4379186217847746e-06,0.0001720680738799274,0.9998190999031067,5.4006209211365785e-06
/content/drive/MyDrive/StoneSense-Training/processed_grouped/processed_grouped/test/Stone/Stone- (673).jpg,2,2,1.0869240441024886e-07,0.021070044487714767,0.9789168834686279,1.2897096894448623e-05
/content/drive/MyDrive/StoneSense-Training/processed_grouped/processed_grouped/test/Stone/Stone- (674).jpg,2,2,2.1352792600737303e-07,0.003604397876188159,0.9963909983634949,4.382272436487256e-06
/content/drive/MyDrive/StoneSense-Training/processed_grouped/processed_grouped/test/Stone/Stone- (675).jpg,2,2,1.4713290852341743e-07,0.0026150241028517485,0.9973734617233276,1.1422847819630988e-05
/content/drive/MyDrive/StoneSense-Training/processed_grouped/processed_grouped/test/Stone/Stone- (676).jpg,2,2,7.982888661217657e-08,0.009734838269650936,0.9902474284172058,1.7576623577042483e-05
/content/drive/MyDrive/StoneSense-Training/processed_grouped/processed_grouped/test/Stone/Stone- (677).jpg,2,2,4.566094702340706e-08,0.03039783239364624,0.9695724248886108,2.973084156110417e-05
/content/drive/MyDrive/StoneSense-Training/processed_grouped/processed_grouped/test/Stone/Stone- (678).jpg,2,2,3.9761647308012016e-09,0.02143467776477337,0.9785551428794861,1.0136846867681015e-05
/content/drive/MyDrive/StoneSense-Training/processed_grouped/processed_grouped/test/Stone/Stone- (679).jpg,2,2,1.2085288325636157e-09,0.004099806305021048,0.9958857893943787,1.4328059478430077e-05
/content/drive/MyDrive/StoneSense-Training/processed_grouped/processed_grouped/test/Stone/Stone- (680).jpg,2,2,4.161611943942489e-09,0.002051732735708356,0.9979421496391296,6.035758815414738e-06
/content/drive/MyDrive/StoneSense-Training/processed_grouped/processed_grouped/test/Stone/Stone- (681).jpg,2,2,5.287807525178323e-09,0.0022092354483902454,0.9977891445159912,1.5771777270856546e-06
/content/drive/MyDrive/StoneSense-Training/processed_grouped/processed_grouped/test/Stone/Stone- (682).jpg,2,2,1.408549366033185e-08,0.0025117811746895313,0.9974862337112427,1.8944762132377946e-06
/content/drive/MyDrive/StoneSense-Training/processed_grouped/processed_grouped/test/Stone/Stone- (683).jpg,2,2,1.863480392216843e-08,0.010393764823675156,0.989600419998169,5.771299129264662e-06
/content/drive/MyDrive/StoneSense-Training/processed_grouped/processed_grouped/test/Stone/Stone- (684).jpg,2,2,8.521781325043776e-08,0.006672287825495005,0.9933179616928101,9.71337613009382e-06
/content/drive/MyDrive/StoneSense-Training/processed_grouped/processed_grouped/test/Stone/Stone- (685).jpg,2,2,3.4504554946579447e-07,0.013458941131830215,0.9864697456359863,7.102550443960354e-05
/content/drive/MyDrive/StoneSense-Training/processed_grouped/processed_grouped/test/Stone/Stone- (686).jpg,2,2,5.8437287009383e-08,0.01180406752973795,0.9881591796875,3.665164331323467e-05
/content/drive/MyDrive/StoneSense-Training/processed_grouped/processed_grouped/test/Stone/Stone- (687).jpg,2,2,2.688187805688358e-08,0.0032506370916962624,0.9967350363731384,1.421040178684052e-05
/content/drive/MyDrive/StoneSense-Training/processed_grouped/processed_grouped/test/Stone/Stone- (688).jpg,2,2,2.492443229584751e-08,0.0008608127827756107,0.9991291165351868,9.96153448795667e-06
/content/drive/MyDrive/StoneSense-Training/processed_grouped/processed_grouped/test/Stone/Stone- (72).jpg,2,2,0.003004837315529585,0.0007452144636772573,0.9944716691970825,0.00177830143366009
/content/drive/MyDrive/StoneSense-Training/processed_grouped/processed_grouped/test/Stone/Stone- (726).jpg,2,2,0.4282504916191101,6.706225394736975e-05,0.571643590927124,3.885442856699228e-05
/content/drive/MyDrive/StoneSense-Training/processed_grouped/processed_grouped/test/Stone/Stone- (729).jpg,2,0,0.9974310994148254,3.68293585779611e-05,0.0025116829201579094,2.027652590186335e-05
/content/drive/MyDrive/StoneSense-Training/processed_grouped/processed_grouped/test/Stone/Stone- (73).jpg,2,2,0.007969846948981285,0.04757194593548775,0.93422532081604,0.010232900269329548
/content/drive/MyDrive/StoneSense-Training/processed_grouped/processed_grouped/test/Stone/Stone- (730).jpg,2,0,0.9868106842041016,0.0005860881065018475,0.012256361544132233,0.0003469543589744717
/content/drive/MyDrive/StoneSense-Training/processed_grouped/processed_grouped/test/Stone/Stone- (731).jpg,2,0,0.998611330986023,0.00011853533214889467,0.0012454092502593994,2.460287942085415e-05
/content/drive/MyDrive/StoneSense-Training/processed_grouped/processed_grouped/test/Stone/Stone- (732).jpg,2,0,0.9938969016075134,5.088984107715078e-05,0.006015944294631481,3.626549005275592e-05
/content/drive/MyDrive/StoneSense-Training/processed_grouped/processed_grouped/test/Stone/Stone- (733).jpg,2,0,0.9969747066497803,4.013200396002503e-06,0.003006407991051674,1.4894190826453269e-05
/content/drive/MyDrive/StoneSense-Training/processed_grouped/processed_grouped/test/Stone/Stone- (734).jpg,2,0,0.9999381303787231,5.386667680795654e-07,5.312014036462642e-05,8.079705366981216e-06
/content/drive/MyDrive/StoneSense-Training/processed_grouped/processed_grouped/test/Stone/Stone- (735).jpg,2,0,0.9974310994148254,3.68293585779611e-05,0.0025116829201579094,2.027652590186335e-05
/content/drive/MyDrive/StoneSense-Training/processed_grouped/processed_grouped/test/Stone/Stone- (736).jpg,2,0,0.9868106842041016,0.0005860881065018475,0.012256361544132233,0.0003469543589744717
/content/drive/MyDrive/StoneSense-Training/processed_grouped/processed_grouped/test/Stone/Stone- (737).jpg,2,0,0.998611330986023,0.00011853533214889467,0.0012454092502593994,2.460287942085415e-05
/content/drive/MyDrive/StoneSense-Training/processed_grouped/processed_grouped/test/Stone/Stone- (738).jpg,2,0,0.9938969016075134,5.088984107715078e-05,0.006015944294631481,3.626549005275592e-05
/content/drive/MyDrive/StoneSense-Training/processed_grouped/processed_grouped/test/Stone/Stone- (739).jpg,2,0,0.9969747066497803,4.013200396002503e-06,0.003006407991051674,1.4894190826453269e-05
/content/drive/MyDrive/StoneSense-Training/processed_grouped/processed_grouped/test/Stone/Stone- (74).jpg,2,2,0.0009664196404628456,0.029070861637592316,0.9691928029060364,0.000769913662225008
/content/drive/MyDrive/StoneSense-Training/processed_grouped/processed_grouped/test/Stone/Stone- (740).jpg,2,0,0.9999381303787231,5.386667680795654e-07,5.312014036462642e-05,8.079705366981216e-06
/content/drive/MyDrive/StoneSense-Training/processed_grouped/processed_grouped/test/Stone/Stone- (75).jpg,2,2,0.0017111209454014897,0.004080123733729124,0.99415522813797,5.357052941690199e-05
/content/drive/MyDrive/StoneSense-Training/processed_grouped/processed_grouped/test/Stone/Stone- (76).jpg,2,2,0.019579796120524406,0.00020092944032512605,0.9793519973754883,0.0008673610864207149
/content/drive/MyDrive/StoneSense-Training/processed_grouped/processed_grouped/test/Stone/Stone- (77).jpg,2,2,0.06535583734512329,0.002163375960662961,0.9316511154174805,0.0008297397871501744
/content/drive/MyDrive/StoneSense-Training/processed_grouped/processed_grouped/test/Stone/Stone- (78).jpg,2,2,0.3028733432292938,0.005303740967065096,0.6913610100746155,0.00046188634587451816
/content/drive/MyDrive/StoneSense-Training/processed_grouped/processed_grouped/test/Stone/Stone- (79).jpg,2,2,0.10030342638492584,0.003939446061849594,0.8948835730552673,0.0008735980372875929
/content/drive/MyDrive/StoneSense-Training/processed_grouped/processed_grouped/test/Stone/Stone- (80).jpg,2,2,0.0063640037551522255,0.0017691736575216055,0.9917197227478027,0.00014707465015817434
/content/drive/MyDrive/StoneSense-Training/processed_grouped/processed_grouped/test/Stone/Stone- (81).jpg,2,2,0.10560030490159988,0.0033349113073199987,0.8904426097869873,0.0006221607327461243
/content/drive/MyDrive/StoneSense-Training/processed_grouped/processed_grouped/test/Stone/Stone- (818).jpg,2,2,0.004793113563209772,9.443952876608819e-05,0.995083212852478,2.934581061708741e-05
/content/drive/MyDrive/StoneSense-Training/processed_grouped/processed_grouped/test/Stone/Stone- (819).jpg,2,2,0.0010301119182258844,9.017113370646257e-06,0.9989583492279053,2.482134050296736e-06
/content/drive/MyDrive/StoneSense-Training/processed_grouped/processed_grouped/test/Stone/Stone- (82).jpg,2,2,0.0478069894015789,0.0010281255235895514,0.9510189294815063,0.00014587440819013864
/content/drive/MyDrive/StoneSense-Training/processed_grouped/processed_grouped/test/Stone/Stone- (820).jpg,2,2,0.0007709639612585306,1.499223435530439e-05,0.999211311340332,2.7512669475981966e-06
/content/drive/MyDrive/StoneSense-Training/processed_grouped/processed_grouped/test/Stone/Stone- (821).jpg,2,2,0.0003266242565587163,2.4660394046804868e-06,0.9996681213378906,2.7419976049714023e-06
/content/drive/MyDrive/StoneSense-Training/processed_grouped/processed_grouped/test/Stone/Stone- (822).jpg,2,2,0.0018389587057754397,1.4305189779406646e-06,0.998157799243927,1.8042146621155553e-06
/content/drive/MyDrive/StoneSense-Training/processed_grouped/processed_grouped/test/Stone/Stone- (823).jpg,2,2,0.018690364435315132,3.856915282085538e-05,0.9812641143798828,6.9604761847585905e-06
/content/drive/MyDrive/StoneSense-Training/processed_grouped/processed_grouped/test/Stone/Stone- (824).jpg,2,2,0.03636737912893295,0.00448570353910327,0.9582597613334656,0.0008871032623574138
/content/drive/MyDrive/StoneSense-Training/processed_grouped/processed_grouped/test/Stone/Stone- (825).jpg,2,2,0.02456367015838623,0.0005401374655775726,0.9747705459594727,0.00012574061111081392
/content/drive/MyDrive/StoneSense-Training/processed_grouped/processed_grouped/test/Stone/Stone- (83).jpg,2,2,0.11813642829656601,0.00020741784828715026,0.881442666053772,0.00021350174210965633
/content/drive/MyDrive/StoneSense-Training/processed_grouped/processed_grouped/test/Stone/Stone- (84).jpg,2,2,0.13464663922786713,5.5456082918681204e-05,0.8650234937667847,0.0002743899531196803
/content/drive/MyDrive/StoneSense-Training/processed_grouped/processed_grouped/test/Stone/Stone- (85).jpg,2,2,0.13513687252998352,0.0031284119468182325,0.8545383214950562,0.007196413353085518
/content/drive/MyDrive/StoneSense-Training/processed_grouped/processed_grouped/test/Stone/Stone- (86).jpg,2,2,0.2743586003780365,0.019084768369793892,0.6956827640533447,0.010873858816921711
/content/drive/MyDrive/StoneSense-Training/processed_grouped/processed_grouped/test/Stone/Stone- (87).jpg,2,2,0.38982903957366943,0.01239191833883524,0.5925363302230835,0.005242705810815096
/content/drive/MyDrive/StoneSense-Training/processed_grouped/processed_grouped/test/Stone/Stone- (879).jpg,2,2,0.003112164558842778,0.00888929795473814,0.987846314907074,0.00015231229190248996
/content/drive/MyDrive/StoneSense-Training/processed_grouped/processed_grouped/test/Stone/Stone- (88).jpg,2,0,0.8180943131446838,0.00749789597466588,0.1728610396385193,0.0015467546181753278
/content/drive/MyDrive/StoneSense-Training/processed_grouped/processed_grouped/test/Stone/Stone- (89).jpg,2,0,0.6187021136283875,0.01439525093883276,0.3650904595851898,0.0018121431348845363
/content/drive/MyDrive/StoneSense-Training/processed_grouped/processed_grouped/test/Stone/Stone- (896).jpg,2,2,0.09652870148420334,0.013497392646968365,0.8876194953918457,0.0023543923161923885
/content/drive/MyDrive/StoneSense-Training/processed_grouped/processed_grouped/test/Stone/Stone- (897).jpg,2,2,0.0029836713802069426,0.00020232507085893303,0.9967820644378662,3.1958446925273165e-05
/content/drive/MyDrive/StoneSense-Training/processed_grouped/processed_grouped/test/Stone/Stone- (898).jpg,2,2,0.005218630190938711,2.0381454305606894e-05,0.9947599768638611,9.641487395128934e-07
/content/drive/MyDrive/StoneSense-Training/processed_grouped/processed_grouped/test/Stone/Stone- (899).jpg,2,2,0.002511677099391818,1.9190454622730613e-05,0.9974642992019653,4.919866114505567e-06
/content/drive/MyDrive/StoneSense-Training/processed_grouped/processed_grouped/test/Stone/Stone- (90).jpg,2,0,0.804472804069519,0.0017860863590613008,0.19283922016620636,0.0009019833523780107
/content/drive/MyDrive/StoneSense-Training/processed_grouped/processed_grouped/test/Stone/Stone- (900).jpg,2,2,0.0021146107465028763,7.630099389643874e-06,0.9978722333908081,5.473937562783249e-06
/content/drive/MyDrive/StoneSense-Training/processed_grouped/processed_grouped/test/Stone/Stone- (91).jpg,2,0,0.8461843729019165,0.0012997438898310065,0.15217836201190948,0.0003375653177499771
/content/drive/MyDrive/StoneSense-Training/processed_grouped/processed_grouped/test/Stone/Stone- (92).jpg,2,0,0.6490809321403503,0.00400532316416502,0.3464278280735016,0.0004860076296608895
/content/drive/MyDrive/StoneSense-Training/processed_grouped/processed_grouped/test/Stone/Stone- (93).jpg,2,0,0.7494427561759949,0.0020434034522622824,0.2477632462978363,0.0007505395915359259
/content/drive/MyDrive/StoneSense-Training/processed_grouped/processed_grouped/test/Stone/Stone- (94).jpg,2,0,0.841183066368103,0.005634551402181387,0.14924152195453644,0.003940876107662916
/content/drive/MyDrive/StoneSense-Training/processed_grouped/processed_grouped/test/Stone/Stone- (95).jpg,2,0,0.7906982898712158,0.026549631729722023,0.18129593133926392,0.0014562102733179927
/content/drive/MyDrive/StoneSense-Training/processed_grouped/processed_grouped/test/Stone/Stone- (96).jpg,2,0,0.8425617814064026,0.0024841860868036747,0.1548178493976593,0.00013620988465845585
/content/drive/MyDrive/StoneSense-Training/processed_grouped/processed_grouped/test/Tumor/Tumor- (1070).jpg,3,3,8.855547639541328e-05,1.0109948789249756e-06,7.362576184277714e-07,0.9999096393585205
/content/drive/MyDrive/StoneSense-Training/processed_grouped/processed_grouped/test/Tumor/Tumor- (1073).jpg,3,3,0.008930450305342674,7.205022143352835e-07,4.163736230111681e-05,0.9910271763801575
/content/drive/MyDrive/StoneSense-Training/processed_grouped/processed_grouped/test/Tumor/Tumor- (1162).jpg,3,3,2.244552888441831e-05,4.454217560123652e-06,7.983308023540303e-07,0.9999723434448242
/content/drive/MyDrive/StoneSense-Training/processed_grouped/processed_grouped/test/Tumor/Tumor- (1163).jpg,3,3,2.3192028493213e-06,1.4049362107471097e-05,7.937242685329693e-07,0.9999828338623047
/content/drive/MyDrive/StoneSense-Training/processed_grouped/processed_grouped/test/Tumor/Tumor- (1164).jpg,3,3,2.188512780776364e-06,9.907083949656226e-06,2.1399318939074874e-07,0.9999877214431763
/content/drive/MyDrive/StoneSense-Training/processed_grouped/processed_grouped/test/Tumor/Tumor- (1216).jpg,3,3,0.0009634352754801512,0.027505505830049515,0.0027181431651115417,0.968812882900238
/content/drive/MyDrive/StoneSense-Training/processed_grouped/processed_grouped/test/Tumor/Tumor- (1217).jpg,3,3,0.026232674717903137,0.04417898878455162,0.12176691740751266,0.8078213930130005
/content/drive/MyDrive/StoneSense-Training/processed_grouped/processed_grouped/test/Tumor/Tumor- (1218).jpg,3,3,0.02731778286397457,0.013019093312323093,0.09353683143854141,0.866126298904419
/content/drive/MyDrive/StoneSense-Training/processed_grouped/processed_grouped/test/Tumor/Tumor- (1219).jpg,3,3,0.006176807451993227,0.008455748669803143,0.016194945201277733,0.9691725373268127
/content/drive/MyDrive/StoneSense-Training/processed_grouped/processed_grouped/test/Tumor/Tumor- (1220).jpg,3,3,0.006687630899250507,0.010984256863594055,0.016257990151643753,0.9660701155662537
/content/drive/MyDrive/StoneSense-Training/processed_grouped/processed_grouped/test/Tumor/Tumor- (1254).jpg,3,3,0.012503702193498611,0.0006033171084709466,7.3182145570172e-06,0.986885666847229
/content/drive/MyDrive/StoneSense-Training/processed_grouped/processed_grouped/test/Tumor/Tumor- (1255).jpg,3,3,0.0008053581696003675,0.0004840511828660965,1.5861588735788246e-06,0.998708963394165
/content/drive/MyDrive/StoneSense-Training/processed_grouped/processed_grouped/test/Tumor/Tumor- (1256).jpg,3,3,0.00044414837611839175,0.0008704208885319531,6.459757059928961e-06,0.998678982257843
/content/drive/MyDrive/StoneSense-Training/processed_grouped/processed_grouped/test/Tumor/Tumor- (1257).jpg,3,3,3.833772643702105e-05,0.000402070494601503,1.229118993251177e-06,0.9995583891868591
/content/drive/MyDrive/StoneSense-Training/processed_grouped/processed_grouped/test/Tumor/Tumor- (1258).jpg,3,3,2.7567066354095004e-05,4.168513623881154e-05,9.260558186952039e-08,0.9999306201934814
/content/drive/MyDrive/StoneSense-Training/processed_grouped/processed_grouped/test/Tumor/Tumor- (1259).jpg,3,3,0.00020069917081855237,2.0467370632104576e-05,1.3162605227989843e-07,0.999778687953949
/content/drive/MyDrive/StoneSense-Training/processed_grouped/processed_grouped/test/Tumor/Tumor- (1260).jpg,3,3,0.0041109006851911545,3.960475078201853e-05,1.906292595776904e-06,0.9958475828170776
/content/drive/MyDrive/StoneSense-Training/processed_grouped/processed_grouped/test/Tumor/Tumor- (1261).jpg,3,3,0.0017645889893174171,2.977377334900666e-05,6.895443220855668e-07,0.9982049465179443
/content/drive/MyDrive/StoneSense-Training/processed_grouped/processed_grouped/test/Tumor/Tumor- (1262).jpg,3,3,0.001282483572140336,2.7697287805494852e-05,4.626666054718953e-07,0.9986893534660339
/content/drive/MyDrive/StoneSense-Training/processed_grouped/processed_grouped/test/Tumor/Tumor- (1263).jpg,3,3,0.00042842378024943173,2.899732680816669e-05,1.0407048733895863e-07,0.9995424747467041
/content/drive/MyDrive/StoneSense-Training/processed_grouped/processed_grouped/test/Tumor/Tumor- (1264).jpg,3,3,0.003165720496326685,7.971715967869386e-05,1.3321475478278444e-07,0.9967544674873352
/content/drive/MyDrive/StoneSense-Training/processed_grouped/processed_grouped/test/Tumor/Tumor- (1275).jpg,3,3,0.21136127412319183,0.00020475199562497437,1.0406148476249655e-07,0.788433849811554
/content/drive/MyDrive/StoneSense-Training/processed_grouped/processed_grouped/test/Tumor/Tumor- (1276).jpg,3,3,0.10136844962835312,5.9303802117938176e-05,1.4068044151827053e-07,0.8985720872879028
/content/drive/MyDrive/StoneSense-Training/processed_grouped/processed_grouped/test/Tumor/Tumor- (1277).jpg,3,3,0.07569713145494461,6.56518095638603e-05,9.808171625991235e-07,0.9242361783981323
/content/drive/MyDrive/StoneSense-Training/processed_grouped/processed_grouped/test/Tumor/Tumor- (1278).jpg,3,3,0.009443922899663448,5.3573839977616444e-05,4.136821189604234e-06,0.9904983639717102
/content/drive/MyDrive/StoneSense-Training/processed_grouped/processed_grouped/test/Tumor/Tumor- (1279).jpg,3,3,0.006971425376832485,0.00016911831335164607,1.0432902854518034e-05,0.9928489923477173
/content/drive/MyDrive/StoneSense-Training/processed_grouped/processed_grouped/test/Tumor/Tumor- (1280).jpg,3,3,0.04298024624586105,0.00044766219798475504,1.156918915512506e-05,0.956560492515564
/content/drive/MyDrive/StoneSense-Training/processed_grouped/processed_grouped/test/Tumor/Tumor- (1281).jpg,3,3,0.012468683533370495,4.049613926326856e-05,6.626198114645376e-07,0.9874901175498962
/content/drive/MyDrive/StoneSense-Training/processed_grouped/processed_grouped/test/Tumor/Tumor- (1282).jpg,3,3,0.03903992474079132,7.919732161099091e-05,2.894905446737539e-05,0.9608519077301025
/content/drive/MyDrive/StoneSense-Training/processed_grouped/processed_grouped/test/Tumor/Tumor- (1283).jpg,3,3,0.006589716300368309,0.000189875703654252,6.84822371113114e-05,0.9931519031524658
/content/drive/MyDrive/StoneSense-Training/processed_grouped/processed_grouped/test/Tumor/Tumor- (1284).jpg,3,3,0.0034565054811537266,0.00014636889682151377,4.066804831381887e-05,0.9963564872741699
/content/drive/MyDrive/StoneSense-Training/processed_grouped/processed_grouped/test/Tumor/Tumor- (1285).jpg,3,3,0.016046293079853058,0.0003505433851387352,0.0001774489792296663,0.9834257364273071
/content/drive/MyDrive/StoneSense-Training/processed_grouped/processed_grouped/test/Tumor/Tumor- (1286).jpg,3,3,0.007675310596823692,5.544292798731476e-05,0.0003074617707170546,0.9919617772102356
/content/drive/MyDrive/StoneSense-Training/processed_grouped/processed_grouped/test/Tumor/Tumor- (1287).jpg,3,3,0.0034656543284654617,0.00010040988854598254,0.00039593459223397076,0.9960379600524902
/content/drive/MyDrive/StoneSense-Training/processed_grouped/processed_grouped/test/Tumor/Tumor- (1288).jpg,3,3,0.002561094705015421,0.0003300942189525813,0.0002842839458025992,0.9968245029449463
/content/drive/MyDrive/StoneSense-Training/processed_grouped/processed_grouped/test/Tumor/Tumor- (1363).jpg,3,3,1.868964682216756e-05,0.007157778833061457,0.0005506529123522341,0.9922728538513184
/content/drive/MyDrive/StoneSense-Training/processed_grouped/processed_grouped/test/Tumor/Tumor- (1364).jpg,3,3,7.5963844210491516e-06,0.007119808346033096,0.0005762360524386168,0.9922962784767151
/content/drive/MyDrive/StoneSense-Training/processed_grouped/processed_grouped/test/Tumor/Tumor- (1365).jpg,3,3,6.585172513950965e-07,0.002320624189451337,8.258663729066029e-05,0.9975960850715637
/content/drive/MyDrive/StoneSense-Training/processed_grouped/processed_grouped/test/Tumor/Tumor- (1366).jpg,3,3,1.404935545679109e-07,0.0010379153536632657,2.4139480956364423e-05,0.9989377856254578
/content/drive/MyDrive/StoneSense-Training/processed_grouped/processed_grouped/test/Tumor/Tumor- (1471).jpg,3,3,1.2218096401284129e-07,9.062710887519643e-06,1.6405785572715104e-05,0.9999743700027466
/content/drive/MyDrive/StoneSense-Training/processed_grouped/processed_grouped/test/Tumor/Tumor- (1472).jpg,3,3,1.0666729366448635e-07,1.8390059267403558e-05,1.2473074093577452e-05,0.9999690055847168
/content/drive/MyDrive/StoneSense-Training/processed_grouped/processed_grouped/test/Tumor/Tumor- (1473).jpg,3,3,1.1089562690358434e-07,2.1141839170013554e-05,8.517563401255757e-06,0.9999701976776123
/content/drive/MyDrive/StoneSense-Training/processed_grouped/processed_grouped/test/Tumor/Tumor- (1474).jpg,3,3,4.2168943537035375e-07,4.578906373353675e-05,1.256217456102604e-05,0.9999412298202515
/content/drive/MyDrive/StoneSense-Training/processed_grouped/processed_grouped/test/Tumor/Tumor- (1475).jpg,3,3,8.491682820022106e-06,0.0002310411655344069,4.29802130383905e-05,0.9997174143791199
/content/drive/MyDrive/StoneSense-Training/processed_grouped/processed_grouped/test/Tumor/Tumor- (1476).jpg,3,3,9.314903763879556e-06,0.00025262872804887593,2.2446743969339877e-05,0.9997156262397766
/content/drive/MyDrive/StoneSense-Training/processed_grouped/processed_grouped/test/Tumor/Tumor- (1477).jpg,3,3,4.776686637342209e-06,5.4614538385067135e-05,5.552913535211701e-06,0.9999350309371948
/content/drive/MyDrive/StoneSense-Training/processed_grouped/processed_grouped/test/Tumor/Tumor- (1478).jpg,3,3,1.8226354541184264e-06,1.8954644474433735e-05,9.904432545226882e-07,0.9999781847000122
/content/drive/MyDrive/StoneSense-Training/processed_grouped/processed_grouped/test/Tumor/Tumor- (1479).jpg,3,3,7.026943080745696e-07,8.523462383891456e-06,6.541640686918981e-07,0.9999901056289673
/content/drive/MyDrive/StoneSense-Training/processed_grouped/processed_grouped/test/Tumor/Tumor- (1480).jpg,3,3,4.702383193944115e-07,1.7827549527282827e-05,3.416148501855787e-06,0.9999783039093018
/content/drive/MyDrive/StoneSense-Training/processed_grouped/processed_grouped/test/Tumor/Tumor- (1481).jpg,3,3,9.433350101062388e-07,3.1810108339414e-05,1.3280245184432715e-05,0.9999539852142334
/content/drive/MyDrive/StoneSense-Training/processed_grouped/processed_grouped/test/Tumor/Tumor- (1482).jpg,3,3,7.601301490467449e-07,9.77221043285681e-06,4.850280220125569e-06,0.999984622001648
/content/drive/MyDrive/StoneSense-Training/processed_grouped/processed_grouped/test/Tumor/Tumor- (1483).jpg,3,3,2.8407458785295603e-07,1.91055987670552e-05,2.709879026951967e-06,0.9999779462814331
/content/drive/MyDrive/StoneSense-Training/processed_grouped/processed_grouped/test/Tumor/Tumor- (1484).jpg,3,3,1.2336829513515113e-06,8.623681060271338e-05,5.703017450287007e-06,0.9999067783355713
/content/drive/MyDrive/StoneSense-Training/processed_grouped/processed_grouped/test/Tumor/Tumor- (1485).jpg,3,3,1.1151352055094321e-06,4.968465873389505e-05,2.1790228856843896e-06,0.9999470710754395
/content/drive/MyDrive/StoneSense-Training/processed_grouped/processed_grouped/test/Tumor/Tumor- (1486).jpg,3,3,3.451237375884375e-07,1.5110520507732872e-05,4.919504590361612e-07,0.9999840259552002
/content/drive/MyDrive/StoneSense-Training/processed_grouped/processed_grouped/test/Tumor/Tumor- (1487).jpg,3,3,1.5985061452283844e-07,4.69155656901421e-06,2.0114835308504553e-07,0.9999949932098389
/content/drive/MyDrive/StoneSense-Training/processed_grouped/processed_grouped/test/Tumor/Tumor- (1488).jpg,3,3,1.315614213126537e-07,1.7111755141741014e-06,2.2668126575808856e-07,0.9999979734420776
/content/drive/MyDrive/StoneSense-Training/processed_grouped/processed_grouped/test/Tumor/Tumor- (1489).jpg,3,3,1.249184435891948e-07,1.1827813750642235e-06,2.7851169193127134e-07,0.9999984502792358
/content/drive/MyDrive/StoneSense-Training/processed_grouped/processed_grouped/test/Tumor/Tumor- (1490).jpg,3,3,5.13083875830489e-07,1.5477191936952295e-06,1.0880854688366526e-06,0.9999969005584717
/content/drive/MyDrive/StoneSense-Training/processed_grouped/processed_grouped/test/Tumor/Tumor- (1491).jpg,3,3,1.9625076674856246e-06,5.888693976885406e-06,3.2553284654568415e-06,0.9999889135360718
/content/drive/MyDrive/StoneSense-Training/processed_grouped/processed_grouped/test/Tumor/Tumor- (1492).jpg,3,3,1.6886071989574702e-06,4.994911705580307e-06,2.3803509066055994e-06,0.9999909400939941
/content/drive/MyDrive/StoneSense-Training/processed_grouped/processed_grouped/test/Tumor/Tumor- (1493).jpg,3,3,1.0614811571940663e-06,9.879407116386574e-06,1.712886387394974e-06,0.9999873638153076
/content/drive/MyDrive/StoneSense-Training/processed_grouped/processed_grouped/test/Tumor/Tumor- (1494).jpg,3,3,7.488554274459602e-07,4.162935874774121e-05,6.0171396398800425e-06,0.9999516010284424
/content/drive/MyDrive/StoneSense-Training/processed_grouped/processed_grouped/test/Tumor/Tumor- (1495).jpg,3,3,8.80318395957147e-07,8.065746806096286e-05,2.6730622266768478e-05,0.9998917579650879
/content/drive/MyDrive/StoneSense-Training/processed_grouped/processed_grouped/test/Tumor/Tumor- (1496).jpg,3,3,8.261354764727002e-07,8.818590140435845e-05,5.7926346926251426e-05,0.9998530149459839
/content/drive/MyDrive/StoneSense-Training/processed_grouped/processed_grouped/test/Tumor/Tumor- (1497).jpg,3,3,1.3108362963976106e-06,0.0001314207329414785,0.00011289268877590075,0.9997543692588806
/content/drive/MyDrive/StoneSense-Training/processed_grouped/processed_grouped/test/Tumor/Tumor- (1498).jpg,3,3,5.357291229302064e-06,0.00030614217394031584,9.058033901965246e-05,0.99959796667099
/content/drive/MyDrive/StoneSense-Training/processed_grouped/processed_grouped/test/Tumor/Tumor- (1499).jpg,3,3,4.782703035743907e-05,0.0008664532797411084,0.0003197358746547252,0.9987660646438599
/content/drive/MyDrive/StoneSense-Training/processed_grouped/processed_grouped/test/Tumor/Tumor- (1500).jpg,3,3,4.0529193938709795e-05,0.0019033922581002116,0.00037733130739070475,0.997678816318512
/content/drive/MyDrive/StoneSense-Training/processed_grouped/processed_grouped/test/Tumor/Tumor- (1501).jpg,3,3,1.7399925127392635e-05,0.0029997604433447123,0.00014418328646570444,0.9968386888504028
/content/drive/MyDrive/StoneSense-Training/processed_grouped/processed_grouped/test/Tumor/Tumor- (1502).jpg,3,3,9.96470043901354e-06,0.008227361366152763,5.4888398153707385e-05,0.9917077422142029
/content/drive/MyDrive/StoneSense-Training/processed_grouped/processed_grouped/test/Tumor/Tumor- (1503).jpg,3,3,7.2954489951371215e-06,0.00851408764719963,2.2560334400623105e-05,0.9914560914039612
/content/drive/MyDrive/StoneSense-Training/processed_grouped/processed_grouped/test/Tumor/Tumor- (1504).jpg,3,3,5.35555045644287e-07,0.002391088055446744,9.908911806633114e-07,0.9976073503494263
/content/drive/MyDrive/StoneSense-Training/processed_grouped/processed_grouped/test/Tumor/Tumor- (1505).jpg,3,3,7.367655285861474e-08,0.0009804725414142013,4.2947314682351134e-07,0.9990190267562866
/content/drive/MyDrive/StoneSense-Training/processed_grouped/processed_grouped/test/Tumor/Tumor- (1506).jpg,3,3,2.1796862981204868e-08,0.0002980539866257459,6.803086307627382e-07,0.999701201915741
/content/drive/MyDrive/StoneSense-Training/processed_grouped/processed_grouped/test/Tumor/Tumor- (1507).jpg,3,3,2.083176831035871e-08,0.0008069035829976201,5.335715286491904e-06,0.9991877675056458
/content/drive/MyDrive/StoneSense-Training/processed_grouped/processed_grouped/test/Tumor/Tumor- (1508).jpg,3,3,8.715684174376293e-08,0.004706807434558868,3.340556941111572e-05,0.995259702205658
/content/drive/MyDrive/StoneSense-Training/processed_grouped/processed_grouped/test/Tumor/Tumor- (1509).jpg,3,3,8.92307639333012e-07,0.008766786195337772,8.309602708322927e-05,0.9911491870880127
/content/drive/MyDrive/StoneSense-Training/processed_grouped/processed_grouped/test/Tumor/Tumor- (1510).jpg,3,3,1.328446433035424e-05,0.009078015573322773,0.0003076258872170001,0.9906010627746582
/content/drive/MyDrive/StoneSense-Training/processed_grouped/processed_grouped/test/Tumor/Tumor- (1511).jpg,3,3,1.164076184068108e-05,0.008106684312224388,0.00035371954436413944,0.9915279150009155
/content/drive/MyDrive/StoneSense-Training/processed_grouped/processed_grouped/test/Tumor/Tumor- (1512).jpg,3,3,1.8989945829162025e-06,0.0018086479976773262,0.00023121533740777522,0.9979581832885742
/content/drive/MyDrive/StoneSense-Training/processed_grouped/processed_grouped/test/Tumor/Tumor- (1513).jpg,3,3,1.566500884564448e-07,0.00012028747732983902,1.1831597475975286e-05,0.9998676776885986
/content/drive/MyDrive/StoneSense-Training/processed_grouped/processed_grouped/test/Tumor/Tumor- (1514).jpg,3,3,6.55772538493693e-08,2.746891914284788e-05,4.6805475903966e-06,0.9999678134918213
/content/drive/MyDrive/StoneSense-Training/processed_grouped/processed_grouped/test/Tumor/Tumor- (1515).jpg,3,3,5.581255209108349e-07,1.9655903088278137e-05,1.0694427146518137e-05,0.9999691247940063
/content/drive/MyDrive/StoneSense-Training/processed_grouped/processed_grouped/test/Tumor/Tumor- (1516).jpg,3,3,1.9482788502500625e-06,4.230580816511065e-05,8.047722076298669e-06,0.9999476671218872
/content/drive/MyDrive/StoneSense-Training/processed_grouped/processed_grouped/test/Tumor/Tumor- (1517).jpg,3,3,1.256159430340631e-05,0.00015692345914430916,2.3180096832220443e-05,0.9998072981834412
/content/drive/MyDrive/StoneSense-Training/processed_grouped/processed_grouped/test/Tumor/Tumor- (1518).jpg,3,3,0.00010811440733959898,0.0006698555080220103,8.496986265527084e-05,0.9991371035575867
/content/drive/MyDrive/StoneSense-Training/processed_grouped/processed_grouped/test/Tumor/Tumor- (1519).jpg,3,3,0.00011847010318888351,0.0008208662620745599,8.453751797787845e-05,0.9989761114120483
/content/drive/MyDrive/StoneSense-Training/processed_grouped/processed_grouped/test/Tumor/Tumor- (1520).jpg,3,3,1.0923418813035823e-05,0.00044553124462254345,7.758484571240842e-06,0.9995357990264893
/content/drive/MyDrive/StoneSense-Training/processed_grouped/processed_grouped/test/Tumor/Tumor- (1521).jpg,3,3,4.85642260628083e-07,0.00020133824727963656,1.6946894447755767e-06,0.999796450138092
/content/drive/MyDrive/StoneSense-Training/processed_grouped/processed_grouped/test/Tumor/Tumor- (1596).jpg,3,3,2.260852670588065e-05,0.02145327255129814,3.5681813415067154e-07,0.9785237312316895
/content/drive/MyDrive/StoneSense-Training/processed_grouped/processed_grouped/test/Tumor/Tumor- (1661).jpg,3,3,2.9041532343399012e-06,5.901192707824521e-07,2.062911335087847e-06,0.9999943971633911
/content/drive/MyDrive/StoneSense-Training/processed_grouped/processed_grouped/test/Tumor/Tumor- (1662).jpg,3,3,4.623981658369303e-05,8.862415370458621e-07,4.298799467505887e-06,0.9999486207962036
/content/drive/MyDrive/StoneSense-Training/processed_grouped/processed_grouped/test/Tumor/Tumor- (1663).jpg,3,3,5.373029125621542e-05,1.6998637875076383e-07,1.5917693190203863e-06,0.9999444484710693
/content/drive/MyDrive/StoneSense-Training/processed_grouped/processed_grouped/test/Tumor/Tumor- (1664).jpg,3,3,0.00010776934504974633,5.935297622272628e-07,3.4692252484092023e-06,0.9998881816864014
/content/drive/MyDrive/StoneSense-Training/processed_grouped/processed_grouped/test/Tumor/Tumor- (1665).jpg,3,3,8.665556379128247e-05,1.467832248636114e-06,3.7153820358071243e-06,0.9999082088470459
/content/drive/MyDrive/StoneSense-Training/processed_grouped/processed_grouped/test/Tumor/Tumor- (1666).jpg,3,3,0.0015914522809907794,2.100937308568973e-06,3.331493280711584e-05,0.9983731508255005
/content/drive/MyDrive/StoneSense-Training/processed_grouped/processed_grouped/test/Tumor/Tumor- (1667).jpg,3,3,0.0003117950982414186,6.154543825687142e-06,1.6108220734167844e-05,0.9996659755706787
/content/drive/MyDrive/StoneSense-Training/processed_grouped/processed_grouped/test/Tumor/Tumor- (1668).jpg,3,3,0.00043166260002180934,5.2923169278074056e-05,0.00017999103874899447,0.9993353486061096
/content/drive/MyDrive/StoneSense-Training/processed_grouped/processed_grouped/test/Tumor/Tumor- (1669).jpg,3,3,0.0001621079136384651,0.00015320780221372843,0.00021211017156019807,0.9994725584983826
/content/drive/MyDrive/StoneSense-Training/processed_grouped/processed_grouped/test/Tumor/Tumor- (1670).jpg,3,3,2.7550118829822168e-05,0.0003155789745505899,4.648176036425866e-05,0.9996103644371033
/content/drive/MyDrive/StoneSense-Training/processed_grouped/processed_grouped/test/Tumor/Tumor- (1671).jpg,3,3,7.295279647223651e-05,0.0007273869123309851,0.00010829395614564419,0.999091386795044
/content/drive/MyDrive/StoneSense-Training/processed_grouped/processed_grouped/test/Tumor/Tumor- (1672).jpg,3,3,9.332354238722473e-05,0.0011658526491373777,0.00035137138911522925,0.998389482498169
/content/drive/MyDrive/StoneSense-Training/processed_grouped/processed_grouped/test/Tumor/Tumor- (1673).jpg,3,3,0.00012688312563113868,0.00028727459721267223,0.00026637717382982373,0.9993194341659546
/content/drive/MyDrive/StoneSense-Training/processed_grouped/processed_grouped/test/Tumor/Tumor- (1674).jpg,3,3,7.363576878560707e-05,3.567380190361291e-05,5.980964488117024e-05,0.9998308420181274
/content/drive/MyDrive/StoneSense-Training/processed_grouped/processed_grouped/test/Tumor/Tumor- (1675).jpg,3,3,2.6271936803823337e-06,2.6067798899021e-05,2.309382034582086e-05,0.999948263168335
/content/drive/MyDrive/StoneSense-Training/processed_grouped/processed_grouped/test/Tumor/Tumor- (1676).jpg,3,3,4.427431008480198e-07,2.5289395125582814e-05,3.3144069675472565e-06,0.9999709129333496
/content/drive/MyDrive/StoneSense-Training/processed_grouped/processed_grouped/test/Tumor/Tumor- (1677).jpg,3,3,3.5713372881218675e-07,3.7483432606677525e-06,4.745338060274662e-07,0.9999954700469971
/content/drive/MyDrive/StoneSense-Training/processed_grouped/processed_grouped/test/Tumor/Tumor- (1678).jpg,3,3,2.2900047724760952e-07,3.7668853565264726e-06,2.6031494826384005e-07,0.9999957084655762
/content/drive/MyDrive/StoneSense-Training/processed_grouped/processed_grouped/test/Tumor/Tumor- (1679).jpg,3,3,2.562424583629763e-07,3.394810119061731e-05,5.968154823676741e-07,0.9999651908874512
/content/drive/MyDrive/StoneSense-Training/processed_grouped/processed_grouped/test/Tumor/Tumor- (1680).jpg,3,3,1.0940315405605361e-05,0.0003420239663682878,2.1073776224511676e-05,0.9996259212493896
/content/drive/MyDrive/StoneSense-Training/processed_grouped/processed_grouped/test/Tumor/Tumor- (1684).jpg,3,3,2.749854866124224e-05,0.000106209990917705,6.660293365712278e-06,0.9998595714569092
/content/drive/MyDrive/StoneSense-Training/processed_grouped/processed_grouped/test/Tumor/Tumor- (1685).jpg,3,3,0.000165449469932355,0.00016887155652511865,1.6063471775851212e-05,0.9996496438980103
/content/drive/MyDrive/StoneSense-Training/processed_grouped/processed_grouped/test/Tumor/Tumor- (1686).jpg,3,3,0.0003390530764590949,5.6254142691614106e-05,1.734863326419145e-05,0.99958735704422
/content/drive/MyDrive/StoneSense-Training/processed_grouped/processed_grouped/test/Tumor/Tumor- (1687).jpg,3,3,0.002304960275068879,0.0001348789519397542,6.622207729378715e-05,0.9974939823150635
/content/drive/MyDrive/StoneSense-Training/processed_grouped/processed_grouped/test/Tumor/Tumor- (1688).jpg,3,3,0.0016921799397096038,8.108709880616516e-05,3.032070344488602e-05,0.9981964230537415
/content/drive/MyDrive/StoneSense-Training/processed_grouped/processed_grouped/test/Tumor/Tumor- (1689).jpg,3,3,0.0006053195102140307,2.1510628357646056e-05,8.94101322046481e-06,0.9993641972541809
/content/drive/MyDrive/StoneSense-Training/processed_grouped/processed_grouped/test/Tumor/Tumor- (1690).jpg,3,3,0.0003244059917051345,7.968069439812098e-06,6.002998816256877e-06,0.9996616840362549
/content/drive/MyDrive/StoneSense-Training/processed_grouped/processed_grouped/test/Tumor/Tumor- (1691).jpg,3,3,9.224710811395198e-05,5.3018338803667575e-05,1.4036142601980828e-05,0.9998406171798706
/content/drive/MyDrive/StoneSense-Training/processed_grouped/processed_grouped/test/Tumor/Tumor- (1692).jpg,3,3,2.876824510167353e-05,0.000100365185062401,5.863655587745598e-06,0.999864935874939
/content/drive/MyDrive/StoneSense-Training/processed_grouped/processed_grouped/test/Tumor/Tumor- (1693).jpg,3,3,8.51511777000269e-06,0.00014658192230854183,8.393615644308738e-06,0.9998364448547363
/content/drive/MyDrive/StoneSense-Training/processed_grouped/processed_grouped/test/Tumor/Tumor- (1853).jpg,3,3,4.233604340697639e-05,0.01363335270434618,1.5055066796776373e-05,0.986309289932251
/content/drive/MyDrive/StoneSense-Training/processed_grouped/processed_grouped/test/Tumor/Tumor- (1854).jpg,3,3,1.119794887927128e-05,0.011755530722439289,3.966854274040088e-05,0.988193690776825
/content/drive/MyDrive/StoneSense-Training/processed_grouped/processed_grouped/test/Tumor/Tumor- (1855).jpg,3,3,1.2902175967610674e-06,0.004209390841424465,0.0001003010111162439,0.9956889748573303
/content/drive/MyDrive/StoneSense-Training/processed_grouped/processed_grouped/test/Tumor/Tumor- (1856).jpg,3,3,1.8866365280700848e-05,0.006869043223559856,0.00012722531391773373,0.9929848313331604
/content/drive/MyDrive/StoneSense-Training/processed_grouped/processed_grouped/test/Tumor/Tumor- (1967).jpg,3,3,6.346906957332976e-06,4.623763743438758e-05,5.989940632389334e-08,0.9999473094940186
/content/drive/MyDrive/StoneSense-Training/processed_grouped/processed_grouped/test/Tumor/Tumor- (1968).jpg,3,3,9.655405847297516e-06,2.2750751668354496e-05,3.1097613373276545e-08,0.9999675750732422
/content/drive/MyDrive/StoneSense-Training/processed_grouped/processed_grouped/test/Tumor/Tumor- (1969).jpg,3,3,2.9196698960731737e-06,2.0295499780331738e-05,1.0441819142670283e-07,0.999976634979248
/content/drive/MyDrive/StoneSense-Training/processed_grouped/processed_grouped/test/Tumor/Tumor- (1970).jpg,3,3,1.2165121006546542e-05,0.00018655620806384832,3.683706154333777e-06,0.9997976422309875
/content/drive/MyDrive/StoneSense-Training/processed_grouped/processed_grouped/test/Tumor/Tumor- (1971).jpg,3,3,3.725805436260998e-05,0.0003035323752555996,3.398666740395129e-05,0.9996252059936523
/content/drive/MyDrive/StoneSense-Training/processed_grouped/processed_grouped/test/Tumor/Tumor- (1972).jpg,3,3,4.579740561894141e-06,5.660898023052141e-05,2.887419896069332e-06,0.9999358654022217
/content/drive/MyDrive/StoneSense-Training/processed_grouped/processed_grouped/test/Tumor/Tumor- (1973).jpg,3,3,1.9382447135285474e-05,2.4424274670309387e-05,8.46060913772817e-07,0.9999552965164185
/content/drive/MyDrive/StoneSense-Training/processed_grouped/processed_grouped/test/Tumor/Tumor- (1974).jpg,3,3,1.1250783245486673e-05,8.430225534539204e-06,1.0343393341827323e-06,0.9999792575836182
/content/drive/MyDrive/StoneSense-Training/processed_grouped/processed_grouped/test/Tumor/Tumor- (1975).jpg,3,3,5.520829654415138e-05,4.665484084398486e-06,9.037444215209689e-07,0.9999392032623291
/content/drive/MyDrive/StoneSense-Training/processed_grouped/processed_grouped/test/Tumor/Tumor- (1976).jpg,3,3,0.0003694561601150781,6.297196705418173e-06,6.86183830111986e-06,0.999617338180542
/content/drive/MyDrive/StoneSense-Training/processed_grouped/processed_grouped/test/Tumor/Tumor- (1977).jpg,3,3,0.00012970510579179972,2.945197365988861e-06,5.055723704572301e-06,0.9998623132705688
/content/drive/MyDrive/StoneSense-Training/processed_grouped/processed_grouped/test/Tumor/Tumor- (1978).jpg,3,3,0.00033187007647939026,2.225414755230304e-05,1.2998281817999668e-05,0.9996328353881836
/content/drive/MyDrive/StoneSense-Training/processed_grouped/processed_grouped/test/Tumor/Tumor- (1979).jpg,3,3,0.0008123667212203145,0.0019077580654993653,0.00015203077055048198,0.9971278309822083
/content/drive/MyDrive/StoneSense-Training/processed_grouped/processed_grouped/test/Tumor/Tumor- (1980).jpg,3,3,0.0001565079583087936,0.0011892240727320313,4.9537105951458216e-05,0.9986047148704529
/content/drive/MyDrive/StoneSense-Training/processed_grouped/processed_grouped/test/Tumor/Tumor- (1981).jpg,3,3,0.00027718470664694905,0.0003415854589547962,1.0180255003433558e-06,0.9993802309036255
/content/drive/MyDrive/StoneSense-Training/processed_grouped/processed_grouped/test/Tumor/Tumor- (1982).jpg,3,3,0.0018255144823342562,0.00024168354866560549,1.5722748685220722e-06,0.9979312419891357
/content/drive/MyDrive/StoneSense-Training/processed_grouped/processed_grouped/test/Tumor/Tumor- (202).jpg,3,3,3.888989340339322e-06,0.2775230407714844,6.20108112343587e-05,0.7224110960960388
/content/drive/MyDrive/StoneSense-Training/processed_grouped/processed_grouped/test/Tumor/Tumor- (203).jpg,3,3,2.400219727860531e-06,0.02938133105635643,3.746842412510887e-05,0.9705788493156433
/content/drive/MyDrive/StoneSense-Training/processed_grouped/processed_grouped/test/Tumor/Tumor- (306).jpg,3,3,0.027497461065649986,0.014934062957763672,0.0023984829895198345,0.9551700353622437
/content/drive/MyDrive/StoneSense-Training/processed_grouped/processed_grouped/test/Tumor/Tumor- (307).jpg,3,3,0.11954309046268463,0.046512309461832047,0.009531144052743912,0.8244134783744812
/content/drive/MyDrive/StoneSense-Training/processed_grouped/processed_grouped/test/Tumor/Tumor- (308).jpg,3,3,0.0006130434921942651,0.05884246528148651,3.911925887223333e-05,0.94050532579422
/content/drive/MyDrive/StoneSense-Training/processed_grouped/processed_grouped/test/Tumor/Tumor- (309).jpg,3,3,0.0001732968958094716,0.026775840669870377,9.639144991524518e-05,0.9729544520378113
/content/drive/MyDrive/StoneSense-Training/processed_grouped/processed_grouped/test/Tumor/Tumor- (310).jpg,3,3,0.00023324326321016997,0.018061868846416473,0.0002574185491539538,0.9814474582672119
/content/drive/MyDrive/StoneSense-Training/processed_grouped/processed_grouped/test/Tumor/Tumor- (311).jpg,3,3,0.00020658134599216282,0.04380831867456436,0.0002564085298217833,0.9557287693023682
/content/drive/MyDrive/StoneSense-Training/processed_grouped/processed_grouped/test/Tumor/Tumor- (312).jpg,3,3,1.0626560651871841e-05,0.0029310393147170544,0.00012991698167752475,0.9969283938407898
/content/drive/MyDrive/StoneSense-Training/processed_grouped/processed_grouped/test/Tumor/Tumor- (313).jpg,3,3,1.7820771972765215e-05,0.000747435842640698,0.00011884725245181471,0.9991158843040466
/content/drive/MyDrive/StoneSense-Training/processed_grouped/processed_grouped/test/Tumor/Tumor- (314).jpg,3,3,0.000558470084797591,0.0014304073993116617,0.0003846036270260811,0.9976264834403992
/content/drive/MyDrive/StoneSense-Training/processed_grouped/processed_grouped/test/Tumor/Tumor- (315).jpg,3,3,0.0006254898034967482,0.0036943622399121523,2.2196029021870345e-05,0.9956579208374023
/content/drive/MyDrive/StoneSense-Training/processed_grouped/processed_grouped/test/Tumor/Tumor- (316).jpg,3,3,0.0012749009765684605,0.006342831999063492,7.861252379370853e-05,0.9923036694526672
/content/drive/MyDrive/StoneSense-Training/processed_grouped/processed_grouped/test/Tumor/Tumor- (317).jpg,3,3,0.0001343301555607468,0.0022828883957117796,6.183419372973731e-06,0.9975766539573669
/content/drive/MyDrive/StoneSense-Training/processed_grouped/processed_grouped/test/Tumor/Tumor- (318).jpg,3,3,0.0013336442643776536,0.040453676134347916,0.00017009155999403447,0.958042562007904
/content/drive/MyDrive/StoneSense-Training/processed_grouped/processed_grouped/test/Tumor/Tumor- (319).jpg,3,3,0.0012443938758224249,0.08996141701936722,2.552753358031623e-05,0.9087686538696289
/content/drive/MyDrive/StoneSense-Training/processed_grouped/processed_grouped/test/Tumor/Tumor- (320).jpg,3,3,0.00028174102772027254,0.07149067521095276,6.281912874328555e-07,0.9282269477844238
/content/drive/MyDrive/StoneSense-Training/processed_grouped/processed_grouped/test/Tumor/Tumor- (321).jpg,3,3,0.00045528722694143653,0.08874668926000595,3.546199877746403e-05,0.9107626080513
/content/drive/MyDrive/StoneSense-Training/processed_grouped/processed_grouped/test/Tumor/Tumor- (322).jpg,3,3,9.460049477638677e-05,0.17681404948234558,3.173325239913538e-05,0.823059618473053
/content/drive/MyDrive/StoneSense-Training/processed_grouped/processed_grouped/test/Tumor/Tumor- (323).jpg,3,3,2.3413127564708702e-05,0.01695934869349003,6.185759957588743e-06,0.98301100730896
/content/drive/MyDrive/StoneSense-Training/processed_grouped/processed_grouped/test/Tumor/Tumor- (324).jpg,3,3,2.624612898216583e-05,0.002203023759648204,2.981679699587403e-06,0.9977678060531616
/content/drive/MyDrive/StoneSense-Training/processed_grouped/processed_grouped/test/Tumor/Tumor- (325).jpg,3,3,7.175231530709425e-06,0.0018965252675116062,2.006225940931472e-06,0.9980942606925964
/content/drive/MyDrive/StoneSense-Training/processed_grouped/processed_grouped/test/Tumor/Tumor- (326).jpg,3,3,8.125603926600888e-06,0.011195281520485878,2.9728159915975993e-06,0.988793671131134
/content/drive/MyDrive/StoneSense-Training/processed_grouped/processed_grouped/test/Tumor/Tumor- (327).jpg,3,3,9.628166708353092e-07,0.0009010642534121871,4.142756893088517e-07,0.9990975856781006
/content/drive/MyDrive/StoneSense-Training/processed_grouped/processed_grouped/test/Tumor/Tumor- (328).jpg,3,3,1.749779166004828e-08,4.223850555717945e-05,9.386463517557786e-08,0.9999576807022095
/content/drive/MyDrive/StoneSense-Training/processed_grouped/processed_grouped/test/Tumor/Tumor- (329).jpg,3,3,4.878121728779661e-08,0.00015329578309319913,1.207353079735185e-06,0.9998453855514526
/content/drive/MyDrive/StoneSense-Training/processed_grouped/processed_grouped/test/Tumor/Tumor- (330).jpg,3,3,8.852472888065677e-07,0.0019874670542776585,4.6615919018222485e-06,0.9980069994926453
/content/drive/MyDrive/StoneSense-Training/processed_grouped/processed_grouped/test/Tumor/Tumor- (331).jpg,3,3,7.012789865257218e-05,0.24447306990623474,0.0004937138874083757,0.7549630999565125
/content/drive/MyDrive/StoneSense-Training/processed_grouped/processed_grouped/test/Tumor/Tumor- (332).jpg,3,1,8.335573511430994e-05,0.767468273639679,0.00023065393907018006,0.23221774399280548
/content/drive/MyDrive/StoneSense-Training/processed_grouped/processed_grouped/test/Tumor/Tumor- (333).jpg,3,1,1.7132601897174027e-06,0.8929237723350525,3.720234644788434e-06,0.10707082599401474
/content/drive/MyDrive/StoneSense-Training/processed_grouped/processed_grouped/test/Tumor/Tumor- (334).jpg,3,1,6.812242077103292e-07,0.5336623191833496,1.9875990346918115e-06,0.4663349688053131
/content/drive/MyDrive/StoneSense-Training/processed_grouped/processed_grouped/test/Tumor/Tumor- (335).jpg,3,3,2.0019278963445686e-06,0.4375363886356354,1.417469684383832e-05,0.5624474287033081
/content/drive/MyDrive/StoneSense-Training/processed_grouped/processed_grouped/test/Tumor/Tumor- (336).jpg,3,1,1.0739664730863296e-06,0.623471736907959,3.518824087223038e-05,0.37649208307266235
/content/drive/MyDrive/StoneSense-Training/processed_grouped/processed_grouped/test/Tumor/Tumor- (337).jpg,3,3,4.5576139200420585e-06,0.03451596200466156,2.806955853884574e-05,0.9654513597488403
/content/drive/MyDrive/StoneSense-Training/processed_grouped/processed_grouped/test/Tumor/Tumor- (338).jpg,3,3,7.632711458427366e-07,0.03141513466835022,4.177918981440598e-06,0.968579888343811
/content/drive/MyDrive/StoneSense-Training/processed_grouped/processed_grouped/test/Tumor/Tumor- (339).jpg,3,3,1.3705688672871474e-07,0.023702293634414673,9.295302334066946e-06,0.9762883186340332
/content/drive/MyDrive/StoneSense-Training/processed_grouped/processed_grouped/test/Tumor/Tumor- (34).jpg,3,3,1.8926020857179537e-06,0.01543981209397316,8.35451101011131e-06,0.9845499992370605
/content/drive/MyDrive/StoneSense-Training/processed_grouped/processed_grouped/test/Tumor/Tumor- (340).jpg,3,3,2.456911261106143e-07,0.01902620680630207,9.571633199811913e-06,0.980963945388794
/content/drive/MyDrive/StoneSense-Training/processed_grouped/processed_grouped/test/Tumor/Tumor- (341).jpg,3,3,1.4277269428930595e-06,0.4886588454246521,4.876282764598727e-05,0.511290967464447
/content/drive/MyDrive/StoneSense-Training/processed_grouped/processed_grouped/test/Tumor/Tumor- (342).jpg,3,1,2.1286930973474227e-07,0.5752226710319519,2.047981797659304e-05,0.42475664615631104
/content/drive/MyDrive/StoneSense-Training/processed_grouped/processed_grouped/test/Tumor/Tumor- (35).jpg,3,3,1.450613240194798e-06,0.011260660365223885,1.1995312888757326e-05,0.9887259602546692
/content/drive/MyDrive/StoneSense-Training/processed_grouped/processed_grouped/test/Tumor/Tumor- (36).jpg,3,3,1.0753141168606817e-06,0.008229904808104038,7.75414355302928e-06,0.9917612075805664
/content/drive/MyDrive/StoneSense-Training/processed_grouped/processed_grouped/test/Tumor/Tumor- (37).jpg,3,3,1.2860346032539383e-06,0.00907865073531866,2.914866854553111e-05,0.9908909201622009
/content/drive/MyDrive/StoneSense-Training/processed_grouped/processed_grouped/test/Tumor/Tumor- (38).jpg,3,3,2.115006054737023e-06,0.002790996106341481,3.429912976571359e-05,0.9971725940704346
/content/drive/MyDrive/StoneSense-Training/processed_grouped/processed_grouped/test/Tumor/Tumor- (39).jpg,3,3,2.952018007817969e-07,0.0014179570134729147,5.710329787689261e-06,0.9985760450363159
/content/drive/MyDrive/StoneSense-Training/processed_grouped/processed_grouped/test/Tumor/Tumor- (40).jpg,3,3,1.7968859822303784e-07,0.001975592691451311,4.834274932363769e-06,0.9980193376541138
/content/drive/MyDrive/StoneSense-Training/processed_grouped/processed_grouped/test/Tumor/Tumor- (436).jpg,3,3,0.00019604871340561658,0.32970717549324036,0.003270463552325964,0.6668263673782349
/content/drive/MyDrive/StoneSense-Training/processed_grouped/processed_grouped/test/Tumor/Tumor- (437).jpg,3,3,0.000667428772430867,0.20515812933444977,0.0013033737195655704,0.7928711175918579
/content/drive/MyDrive/StoneSense-Training/processed_grouped/processed_grouped/test/Tumor/Tumor- (438).jpg,3,3,0.000716400274541229,0.2578464448451996,0.0012077770661562681,0.7402293682098389
/content/drive/MyDrive/StoneSense-Training/processed_grouped/processed_grouped/test/Tumor/Tumor- (439).jpg,3,3,0.002486063400283456,0.45815223455429077,0.00973671954125166,0.5296249985694885
/content/drive/MyDrive/StoneSense-Training/processed_grouped/processed_grouped/test/Tumor/Tumor- (440).jpg,3,1,0.0005665081553161144,0.5742477774620056,0.0043640946969389915,0.42082157731056213
/content/drive/MyDrive/StoneSense-Training/processed_grouped/processed_grouped/test/Tumor/Tumor- (441).jpg,3,3,0.0006976586882956326,0.010580924339592457,0.0005976999527774751,0.9881237149238586
/content/drive/MyDrive/StoneSense-Training/processed_grouped/processed_grouped/test/Tumor/Tumor- (442).jpg,3,3,0.00046117420424707234,0.005610512103885412,0.0010866940720006824,0.9928416013717651
/content/drive/MyDrive/StoneSense-Training/processed_grouped/processed_grouped/test/Tumor/Tumor- (443).jpg,3,3,0.00012372201308608055,0.007219143211841583,0.0008788196719251573,0.9917783141136169
/content/drive/MyDrive/StoneSense-Training/processed_grouped/processed_grouped/test/Tumor/Tumor- (444).jpg,3,3,5.74458172195591e-05,0.00045695286826230586,0.00032153286156244576,0.9991641044616699
/content/drive/MyDrive/StoneSense-Training/processed_grouped/processed_grouped/test/Tumor/Tumor- (445).jpg,3,3,0.00011217489372938871,9.837041579885408e-05,0.00035202878643758595,0.9994373917579651
/content/drive/MyDrive/StoneSense-Training/processed_grouped/processed_grouped/test/Tumor/Tumor- (446).jpg,3,3,1.1097107744717505e-05,0.00026977932429872453,0.00011684493802022189,0.9996022582054138
/content/drive/MyDrive/StoneSense-Training/processed_grouped/processed_grouped/test/Tumor/Tumor- (447).jpg,3,3,1.0473666407051496e-05,0.0005440754466690123,0.00017416864284314215,0.9992713332176208
/content/drive/MyDrive/StoneSense-Training/processed_grouped/processed_grouped/test/Tumor/Tumor- (448).jpg,3,3,9.146525371761527e-06,0.0039592524990439415,0.0003203670494258404,0.9957112073898315
/content/drive/MyDrive/StoneSense-Training/processed_grouped/processed_grouped/test/Tumor/Tumor- (449).jpg,3,3,5.296541530697141e-06,0.0008571589132770896,6.782865239074454e-05,0.9990697503089905
/content/drive/MyDrive/StoneSense-Training/processed_grouped/processed_grouped/test/Tumor/Tumor- (450).jpg,3,3,3.536930671543814e-05,0.0005443274858407676,0.0001332747924607247,0.9992870688438416
/content/drive/MyDrive/StoneSense-Training/processed_grouped/processed_grouped/test/Tumor/Tumor- (451).jpg,3,3,0.00011721741611836478,0.0031118900515139103,0.0003585813392419368,0.9964123368263245
/content/drive/MyDrive/StoneSense-Training/processed_grouped/processed_grouped/test/Tumor/Tumor- (452).jpg,3,3,0.0005058962269686162,0.0013851117109879851,0.003917062655091286,0.9941919445991516
/content/drive/MyDrive/StoneSense-Training/processed_grouped/processed_grouped/test/Tumor/Tumor- (453).jpg,3,3,5.989288547425531e-05,0.0002952476788777858,0.0009619065094739199,0.9986829161643982
/content/drive/MyDrive/StoneSense-Training/processed_grouped/processed_grouped/test/Tumor/Tumor- (454).jpg,3,3,8.859447575559898e-07,0.0001245574385393411,1.7555355952936225e-05,0.9998569488525391
/content/drive/MyDrive/StoneSense-Training/processed_grouped/processed_grouped/test/Tumor/Tumor- (455).jpg,3,3,1.8871381826102152e-06,3.658705099951476e-05,9.811509698920418e-06,0.9999517202377319
/content/drive/MyDrive/StoneSense-Training/processed_grouped/processed_grouped/test/Tumor/Tumor- (456).jpg,3,3,8.512990490316952e-08,7.95706728240475e-05,6.661731504209456e-07,0.9999196529388428
/content/drive/MyDrive/StoneSense-Training/processed_grouped/processed_grouped/test/Tumor/Tumor- (457).jpg,3,3,1.6340054287411476e-07,7.741211447864771e-05,1.3090493666823022e-07,0.9999222755432129
/content/drive/MyDrive/StoneSense-Training/processed_grouped/processed_grouped/test/Tumor/Tumor- (458).jpg,3,3,7.025342370070575e-07,0.0001709916105028242,1.2629712387024483e-07,0.9998281002044678
/content/drive/MyDrive/StoneSense-Training/processed_grouped/processed_grouped/test/Tumor/Tumor- (459).jpg,3,3,6.669512004009448e-06,0.0011195597471669316,1.313439952355111e-06,0.9988724589347839
/content/drive/MyDrive/StoneSense-Training/processed_grouped/processed_grouped/test/Tumor/Tumor- (460).jpg,3,3,4.0576578612672165e-06,0.0003549660905264318,2.363472731303773e-06,0.999638557434082
/content/drive/MyDrive/StoneSense-Training/processed_grouped/processed_grouped/test/Tumor/Tumor- (465).jpg,3,3,4.3509990632628615e-07,6.673924417555099e-06,8.935573987400858e-07,0.9999920129776001
/content/drive/MyDrive/StoneSense-Training/processed_grouped/processed_grouped/test/Tumor/Tumor- (466).jpg,3,3,1.2028255014229217e-06,1.3114332432451192e-05,1.6617253777440055e-06,0.9999840259552002
/content/drive/MyDrive/StoneSense-Training/processed_grouped/processed_grouped/test/Tumor/Tumor- (467).jpg,3,3,2.3749464162392542e-05,5.173004319658503e-05,1.7361269783577882e-05,0.9999071359634399
/content/drive/MyDrive/StoneSense-Training/processed_grouped/processed_grouped/test/Tumor/Tumor- (468).jpg,3,3,7.622896873726859e-07,4.662472565541975e-05,3.687900971272029e-05,0.9999157190322876
/content/drive/MyDrive/StoneSense-Training/processed_grouped/processed_grouped/test/Tumor/Tumor- (469).jpg,3,3,4.1465813183094724e-07,4.454367808648385e-05,3.874566118611256e-06,0.9999511241912842
/content/drive/MyDrive/StoneSense-Training/processed_grouped/processed_grouped/test/Tumor/Tumor- (470).jpg,3,3,1.8584612462291261e-06,0.0001570390595588833,2.1890446078032255e-06,0.9998388290405273
/content/drive/MyDrive/StoneSense-Training/processed_grouped/processed_grouped/test/Tumor/Tumor- (471).jpg,3,3,1.1431180610088632e-05,0.0012313222978264093,1.551064087834675e-05,0.9987418055534363
/content/drive/MyDrive/StoneSense-Training/processed_grouped/processed_grouped/test/Tumor/Tumor- (493).jpg,3,3,0.020976509898900986,0.18058261275291443,0.06587104499340057,0.7325698733329773
/content/drive/MyDrive/StoneSense-Training/processed_grouped/processed_grouped/test/Tumor/Tumor- (494).jpg,3,3,0.0014071136247366667,0.02480011060833931,0.124041348695755,0.8497514128684998
/content/drive/MyDrive/StoneSense-Training/processed_grouped/processed_grouped/test/Tumor/Tumor- (495).jpg,3,3,0.00028046892839483917,0.009125609882175922,0.03146331012248993,0.959130585193634
/content/drive/MyDrive/StoneSense-Training/processed_grouped/processed_grouped/test/Tumor/Tumor- (496).jpg,3,3,0.00043765813461504877,0.002458058763295412,0.008725089021027088,0.9883791208267212
/content/drive/MyDrive/StoneSense-Training/processed_grouped/processed_grouped/test/Tumor/Tumor- (497).jpg,3,3,0.0008013109327293932,0.001351240905933082,0.001171680516563356,0.9966757297515869
/content/drive/MyDrive/StoneSense-Training/processed_grouped/processed_grouped/test/Tumor/Tumor- (498).jpg,3,3,0.0061895642429590225,0.03948516026139259,0.001618267735466361,0.9527069926261902
/content/drive/MyDrive/StoneSense-Training/processed_grouped/processed_grouped/test/Tumor/Tumor- (499).jpg,3,3,0.0006223312811926007,0.042766764760017395,0.0015538790030404925,0.9550570249557495
/content/drive/MyDrive/StoneSense-Training/processed_grouped/processed_grouped/test/Tumor/Tumor- (500).jpg,3,3,4.671232454711571e-05,0.008976630866527557,0.0018897713162004948,0.9890868663787842
/content/drive/MyDrive/StoneSense-Training/processed_grouped/processed_grouped/test/Tumor/Tumor- (501).jpg,3,3,7.965706572576892e-06,0.0012899929424747825,0.000133398367324844,0.9985686540603638
/content/drive/MyDrive/StoneSense-Training/processed_grouped/processed_grouped/test/Tumor/Tumor- (502).jpg,3,3,2.0105958355998155e-06,0.003927782643586397,9.490356023889035e-05,0.9959753155708313
/content/drive/MyDrive/StoneSense-Training/processed_grouped/processed_grouped/test/Tumor/Tumor- (503).jpg,3,3,9.786327126448668e-08,0.004319293890148401,7.145317795220762e-05,0.9956091046333313
/content/drive/MyDrive/StoneSense-Training/processed_grouped/processed_grouped/test/Tumor/Tumor- (504).jpg,3,3,3.1429962632500974e-07,0.0021258762571960688,0.00024348335864488035,0.9976303577423096
/content/drive/MyDrive/StoneSense-Training/processed_grouped/processed_grouped/test/Tumor/Tumor- (505).jpg,3,3,3.033463599422248e-06,0.0011939677642658353,8.263022027676925e-05,0.9987204074859619
/content/drive/MyDrive/StoneSense-Training/processed_grouped/processed_grouped/test/Tumor/Tumor- (506).jpg,3,3,7.01609053521679e-07,0.0003417783882468939,2.633089025039226e-06,0.9996548891067505
/content/drive/MyDrive/StoneSense-Training/processed_grouped/processed_grouped/test/Tumor/Tumor- (507).jpg,3,3,4.773521595780039e-07,0.00036715136957354844,1.982528374355752e-06,0.999630331993103
/content/drive/MyDrive/StoneSense-Training/processed_grouped/processed_grouped/test/Tumor/Tumor- (508).jpg,3,3,6.878336762383697e-07,0.00036377794458530843,3.4982730312549393e-07,0.9996352195739746
/content/drive/MyDrive/StoneSense-Training/processed_grouped/processed_grouped/test/Tumor/Tumor- (509).jpg,3,3,6.9652905949624255e-06,0.03086005337536335,3.5290636333229486e-06,0.9691294431686401
/content/drive/MyDrive/StoneSense-Training/processed_grouped/processed_grouped/test/Tumor/Tumor- (510).jpg,3,3,0.0003810453345067799,0.13141889870166779,0.00017571869830135256,0.8680243492126465
/content/drive/MyDrive/StoneSense-Training/processed_grouped/processed_grouped/test/Tumor/Tumor- (511).jpg,3,3,0.0014594123931601644,0.005251718685030937,0.0005390059086494148,0.992749810218811
/content/drive/MyDrive/StoneSense-Training/processed_grouped/processed_grouped/test/Tumor/Tumor- (512).jpg,3,3,0.00022895942674949765,0.0012537394650280476,0.00017931201728060842,0.998337984085083
/content/drive/MyDrive/StoneSense-Training/processed_grouped/processed_grouped/test/Tumor/Tumor- (513).jpg,3,3,0.0012542933691293001,0.002177136018872261,0.0003799426485784352,0.9961887001991272
/content/drive/MyDrive/StoneSense-Training/processed_grouped/processed_grouped/test/Tumor/Tumor- (514).jpg,3,3,0.0024008501786738634,0.00233679567463696,9.391991625307128e-05,0.9951684474945068
/content/drive/MyDrive/StoneSense-Training/processed_grouped/processed_grouped/test/Tumor/Tumor- (515).jpg,3,3,0.00039568511419929564,0.003432037541642785,7.236772944452241e-05,0.9960999488830566
/content/drive/MyDrive/StoneSense-Training/processed_grouped/processed_grouped/test/Tumor/Tumor- (516).jpg,3,3,0.0006674545002169907,0.006713349372148514,0.0001248385669896379,0.9924943447113037
/content/drive/MyDrive/StoneSense-Training/processed_grouped/processed_grouped/test/Tumor/Tumor- (517).jpg,3,3,2.918782593042124e-05,0.0007430933765135705,0.00017502842820249498,0.9990527033805847
/content/drive/MyDrive/StoneSense-Training/processed_grouped/processed_grouped/test/Tumor/Tumor- (518).jpg,3,3,5.8352379710413516e-06,0.002314578043296933,0.00031754974042996764,0.9973620772361755
/content/drive/MyDrive/StoneSense-Training/processed_grouped/processed_grouped/test/Tumor/Tumor- (519).jpg,3,3,2.3378697733278386e-06,0.007719504646956921,0.0003422125009819865,0.9919359683990479
/content/drive/MyDrive/StoneSense-Training/processed_grouped/processed_grouped/test/Tumor/Tumor- (520).jpg,3,3,2.8559472411870956e-05,0.03279345855116844,0.0037146552931517363,0.963463306427002
/content/drive/MyDrive/StoneSense-Training/processed_grouped/processed_grouped/test/Tumor/Tumor- (521).jpg,3,3,5.4812444432172924e-05,0.0339449942111969,0.02944887988269329,0.9365513324737549
/content/drive/MyDrive/StoneSense-Training/processed_grouped/processed_grouped/test/Tumor/Tumor- (522).jpg,3,3,4.242690556566231e-05,0.015775442123413086,0.00042507160105742514,0.9837570786476135
/content/drive/MyDrive/StoneSense-Training/processed_grouped/processed_grouped/test/Tumor/Tumor- (523).jpg,3,3,2.1748199287685566e-05,0.017389513552188873,0.0002778258640319109,0.9823108911514282
/content/drive/MyDrive/StoneSense-Training/processed_grouped/processed_grouped/test/Tumor/Tumor- (524).jpg,3,3,0.0001029356790240854,0.004799563437700272,0.00016607770521659404,0.9949313998222351
/content/drive/MyDrive/StoneSense-Training/processed_grouped/processed_grouped/test/Tumor/Tumor- (525).jpg,3,3,0.0008788129198364913,0.0012416667304933071,0.0001241750142071396,0.9977553486824036
/content/drive/MyDrive/StoneSense-Training/processed_grouped/processed_grouped/test/Tumor/Tumor- (526).jpg,3,3,0.00017085883882828057,0.00043191254371777177,0.0005006666178815067,0.9988964796066284
/content/drive/MyDrive/StoneSense-Training/processed_grouped/processed_grouped/test/Tumor/Tumor- (527).jpg,3,3,2.678501550690271e-05,0.00017781098722480237,0.00020821663201786578,0.9995872378349304
/content/drive/MyDrive/StoneSense-Training/processed_grouped/processed_grouped/test/Tumor/Tumor- (528).jpg,3,3,7.195487796707312e-06,0.0006981053738854825,0.00016699335537850857,0.9991276860237122
/content/drive/MyDrive/StoneSense-Training/processed_grouped/processed_grouped/test/Tumor/Tumor- (529).jpg,3,3,6.157657480798662e-06,0.000485509866848588,0.00013371284876484424,0.9993746876716614
/content/drive/MyDrive/StoneSense-Training/processed_grouped/processed_grouped/test/Tumor/Tumor- (530).jpg,3,3,1.1920016731892247e-05,0.0003703381516970694,5.311436689225957e-05,0.9995645880699158
/content/drive/MyDrive/StoneSense-Training/processed_grouped/processed_grouped/test/Tumor/Tumor- (531).jpg,3,3,2.6079021608893527e-06,0.0001745226327329874,1.1982674550381489e-05,0.9998108744621277
/content/drive/MyDrive/StoneSense-Training/processed_grouped/processed_grouped/test/Tumor/Tumor- (532).jpg,3,3,8.10955862107221e-06,0.001105104573071003,3.027872480743099e-05,0.9988565444946289
/content/drive/MyDrive/StoneSense-Training/processed_grouped/processed_grouped/test/Tumor/Tumor- (533).jpg,3,3,2.445223435643129e-05,0.0029331743717193604,0.00013343854516278952,0.996908962726593
/content/drive/MyDrive/StoneSense-Training/processed_grouped/processed_grouped/test/Tumor/Tumor- (534).jpg,3,3,3.21680199704133e-05,0.0017379795899614692,0.00013441566261462867,0.9980954527854919
/content/drive/MyDrive/StoneSense-Training/processed_grouped/processed_grouped/test/Tumor/Tumor- (535).jpg,3,3,5.1432321924949065e-05,0.0007434404105879366,0.00021510031365323812,0.998989999294281
/content/drive/MyDrive/StoneSense-Training/processed_grouped/processed_grouped/test/Tumor/Tumor- (536).jpg,3,3,0.0001434325095033273,0.06908832490444183,0.0004635067889466882,0.9303047060966492
/content/drive/MyDrive/StoneSense-Training/processed_grouped/processed_grouped/test/Tumor/Tumor- (537).jpg,3,3,6.8745190219488e-05,0.13046839833259583,0.0012763163540512323,0.8681865930557251
/content/drive/MyDrive/StoneSense-Training/processed_grouped/processed_grouped/test/Tumor/Tumor- (538).jpg,3,3,1.1602461199800018e-05,0.0028109923005104065,0.0003368767211213708,0.9968404769897461
/content/drive/MyDrive/StoneSense-Training/processed_grouped/processed_grouped/test/Tumor/Tumor- (539).jpg,3,3,9.188208423438482e-06,0.005845560692250729,0.00041319348383694887,0.9937320351600647
/content/drive/MyDrive/StoneSense-Training/processed_grouped/processed_grouped/test/Tumor/Tumor- (540).jpg,3,3,1.3524620044336189e-05,0.09067408740520477,0.00042289862176403403,0.9088894724845886
/content/drive/MyDrive/StoneSense-Training/processed_grouped/processed_grouped/test/Tumor/Tumor- (541).jpg,3,3,9.979601600207388e-06,0.04267985373735428,0.000610777351539582,0.9566993713378906
/content/drive/MyDrive/StoneSense-Training/processed_grouped/processed_grouped/test/Tumor/Tumor- (542).jpg,3,3,1.882408650999423e-05,0.1758585423231125,0.0003033568791579455,0.8238192796707153
/content/drive/MyDrive/StoneSense-Training/processed_grouped/processed_grouped/test/Tumor/Tumor- (543).jpg,3,3,7.4299555308243725e-06,0.10556908696889877,7.501678192056715e-05,0.8943485021591187
/content/drive/MyDrive/StoneSense-Training/processed_grouped/processed_grouped/test/Tumor/Tumor- (544).jpg,3,3,3.3778719625843223e-06,0.035504091531038284,4.8268655518768355e-05,0.9644442796707153
/content/drive/MyDrive/StoneSense-Training/processed_grouped/processed_grouped/test/Tumor/Tumor- (545).jpg,3,3,3.549536359059857e-06,0.19051960110664368,0.00017790852871257812,0.8092989921569824
/content/drive/MyDrive/StoneSense-Training/processed_grouped/processed_grouped/test/Tumor/Tumor- (546).jpg,3,3,3.838545580947539e-06,0.2955305576324463,0.000943403341807425,0.7035222053527832
/content/drive/MyDrive/StoneSense-Training/processed_grouped/processed_grouped/test/Tumor/Tumor- (547).jpg,3,3,3.171015123371035e-05,0.1430993527173996,0.0037967071402817965,0.8530722260475159
/content/drive/MyDrive/StoneSense-Training/processed_grouped/processed_grouped/test/Tumor/Tumor- (548).jpg,3,3,0.00041812442941591144,0.2942700684070587,0.012841815128922462,0.6924699544906616
/content/drive/MyDrive/StoneSense-Training/processed_grouped/processed_grouped/test/Tumor/Tumor- (549).jpg,3,3,0.00029829030972905457,0.1946098804473877,0.008317340165376663,0.7967744469642639
/content/drive/MyDrive/StoneSense-Training/processed_grouped/processed_grouped/test/Tumor/Tumor- (550).jpg,3,3,0.00018206736422143877,0.3560417890548706,0.00967922993004322,0.6340969204902649
/content/drive/MyDrive/StoneSense-Training/processed_grouped/processed_grouped/test/Tumor/Tumor- (551).jpg,3,3,0.00019054832227993757,0.068361297249794,0.005388103425502777,0.9260600805282593
/content/drive/MyDrive/StoneSense-Training/processed_grouped/processed_grouped/test/Tumor/Tumor- (552).jpg,3,3,4.673598596127704e-06,0.05917380750179291,0.005826136562973261,0.9349953532218933
/content/drive/MyDrive/StoneSense-Training/processed_grouped/processed_grouped/test/Tumor/Tumor- (553).jpg,3,3,3.2042983093560906e-06,0.04326263442635536,0.0024540189187973738,0.9542801380157471
/content/drive/MyDrive/StoneSense-Training/processed_grouped/processed_grouped/test/Tumor/Tumor- (554).jpg,3,3,1.545792656543199e-05,0.12923932075500488,0.0029254257678985596,0.8678197860717773
/content/drive/MyDrive/StoneSense-Training/processed_grouped/processed_grouped/test/Tumor/Tumor- (555).jpg,3,1,9.543363557895645e-05,0.5846797227859497,0.01790666952729225,0.3973182439804077
/content/drive/MyDrive/StoneSense-Training/processed_grouped/processed_grouped/test/Tumor/Tumor- (556).jpg,3,1,4.5279553887667134e-05,0.841840386390686,0.005844619125127792,0.15226973593235016
/content/drive/MyDrive/StoneSense-Training/processed_grouped/processed_grouped/test/Tumor/Tumor- (557).jpg,3,1,0.0012549471575766802,0.6233504414558411,0.004576771520078182,0.3708178699016571
/content/drive/MyDrive/StoneSense-Training/processed_grouped/processed_grouped/test/Tumor/Tumor- (558).jpg,3,1,0.0053274803794920444,0.5132317543029785,0.036338746547698975,0.4451020359992981
/content/drive/MyDrive/StoneSense-Training/processed_grouped/processed_grouped/test/Tumor/Tumor- (559).jpg,3,3,0.001754875062033534,0.46973198652267456,0.017167411744594574,0.5113456845283508
/content/drive/MyDrive/StoneSense-Training/processed_grouped/processed_grouped/test/Tumor/Tumor- (560).jpg,3,1,0.0008906346629373729,0.7435984015464783,0.0037363239098340273,0.2517746090888977
/content/drive/MyDrive/StoneSense-Training/processed_grouped/processed_grouped/test/Tumor/Tumor- (561).jpg,3,1,0.012655946426093578,0.700995147228241,0.005126975942403078,0.2812219262123108
/content/drive/MyDrive/StoneSense-Training/processed_grouped/processed_grouped/test/Tumor/Tumor- (562).jpg,3,1,0.007821483537554741,0.6760801672935486,0.010318870656192303,0.30577942728996277
/content/drive/MyDrive/StoneSense-Training/processed_grouped/processed_grouped/test/Tumor/Tumor- (563).jpg,3,1,0.0026472057215869427,0.8122729063034058,0.006741808261722326,0.1783379763364792
/content/drive/MyDrive/StoneSense-Training/processed_grouped/processed_grouped/test/Tumor/Tumor- (564).jpg,3,1,0.03610526770353317,0.701225757598877,0.029567094519734383,0.23310190439224243
/content/drive/MyDrive/StoneSense-Training/processed_grouped/processed_grouped/test/Tumor/Tumor- (565).jpg,3,3,0.007583471015095711,0.27121666073799133,0.014439648948609829,0.7067602276802063
/content/drive/MyDrive/StoneSense-Training/processed_grouped/processed_grouped/test/Tumor/Tumor- (566).jpg,3,3,0.0014654811238870025,0.10705296695232391,0.04697830602526665,0.8445032835006714
/content/drive/MyDrive/StoneSense-Training/processed_grouped/processed_grouped/test/Tumor/Tumor- (567).jpg,3,3,0.0012033027596771717,0.11116080731153488,0.020293008536100388,0.8673428893089294
/content/drive/MyDrive/StoneSense-Training/processed_grouped/processed_grouped/test/Tumor/Tumor- (568).jpg,3,3,0.0005973277729935944,0.24269643425941467,0.004606782458722591,0.7520994544029236
/content/drive/MyDrive/StoneSense-Training/processed_grouped/processed_grouped/test/Tumor/Tumor- (569).jpg,3,3,0.003379958216100931,0.07197057455778122,0.003224543295800686,0.9214248657226562
/content/drive/MyDrive/StoneSense-Training/processed_grouped/processed_grouped/test/Tumor/Tumor- (570).jpg,3,3,0.014288583770394325,0.13343414664268494,0.10116931796073914,0.751107931137085
/content/drive/MyDrive/StoneSense-Training/processed_grouped/processed_grouped/test/Tumor/Tumor- (571).jpg,3,3,0.00853185635060072,0.3682492673397064,0.08310064673423767,0.5401182770729065
/content/drive/MyDrive/StoneSense-Training/processed_grouped/processed_grouped/test/Tumor/Tumor- (572).jpg,3,3,0.0041457791812717915,0.11964840441942215,0.02478708140552044,0.8514187335968018
/content/drive/MyDrive/StoneSense-Training/processed_grouped/processed_grouped/test/Tumor/Tumor- (573).jpg,3,3,0.0035014457534998655,0.1852148175239563,0.023444438353180885,0.7878392934799194
/content/drive/MyDrive/StoneSense-Training/processed_grouped/processed_grouped/test/Tumor/Tumor- (574).jpg,3,1,0.0018443702720105648,0.5603501796722412,0.017671622335910797,0.4201337993144989
/content/drive/MyDrive/StoneSense-Training/processed_grouped/processed_grouped/test/Tumor/Tumor- (575).jpg,3,3,0.00585327809676528,0.04086611792445183,0.009118601679801941,0.9441619515419006
/content/drive/MyDrive/StoneSense-Training/processed_grouped/processed_grouped/test/Tumor/Tumor- (576).jpg,3,3,0.03924928605556488,0.026333151385188103,0.013123382814228535,0.9212941527366638
/content/drive/MyDrive/StoneSense-Training/processed_grouped/processed_grouped/test/Tumor/Tumor- (577).jpg,3,3,0.004768996499478817,0.013107051141560078,0.0008937810780480504,0.9812301397323608
/content/drive/MyDrive/StoneSense-Training/processed_grouped/processed_grouped/test/Tumor/Tumor- (578).jpg,3,3,0.0013358080759644508,0.02094372548162937,0.0013393799308687449,0.9763810634613037
/content/drive/MyDrive/StoneSense-Training/processed_grouped/processed_grouped/test/Tumor/Tumor- (579).jpg,3,3,0.002877158112823963,0.127651646733284,0.021110836416482925,0.8483604192733765
/content/drive/MyDrive/StoneSense-Training/processed_grouped/processed_grouped/test/Tumor/Tumor- (580).jpg,3,1,0.0052455393597483635,0.33572524785995483,0.3336498439311981,0.3253793716430664
/content/drive/MyDrive/StoneSense-Training/processed_grouped/processed_grouped/test/Tumor/Tumor- (581).jpg,3,1,0.002538325497880578,0.7070263624191284,0.1582006961107254,0.13223467767238617
/content/drive/MyDrive/StoneSense-Training/processed_grouped/processed_grouped/test/Tumor/Tumor- (582).jpg,3,1,0.005917379632592201,0.7598073482513428,0.08894090354442596,0.1453344076871872
/content/drive/MyDrive/StoneSense-Training/processed_grouped/processed_grouped/test/Tumor/Tumor- (583).jpg,3,1,0.00010274352825945243,0.8648994565010071,0.0443604402244091,0.09063737094402313
/content/drive/MyDrive/StoneSense-Training/processed_grouped/processed_grouped/test/Tumor/Tumor- (584).jpg,3,1,4.036295649711974e-06,0.941261351108551,0.0035187997855246067,0.05521579086780548
/content/drive/MyDrive/StoneSense-Training/processed_grouped/processed_grouped/test/Tumor/Tumor- (585).jpg,3,1,2.589115638329531e-06,0.7137616276741028,0.0017253884579986334,0.28451043367385864
/content/drive/MyDrive/StoneSense-Training/processed_grouped/processed_grouped/test/Tumor/Tumor- (586).jpg,3,1,1.1244707138757803e-06,0.8478235006332397,0.006110674235969782,0.14606468379497528
/content/drive/MyDrive/StoneSense-Training/processed_grouped/processed_grouped/test/Tumor/Tumor- (587).jpg,3,1,2.0230264397014253e-07,0.9838570356369019,0.0006794302025809884,0.015463355928659439
/content/drive/MyDrive/StoneSense-Training/processed_grouped/processed_grouped/test/Tumor/Tumor- (588).jpg,3,1,1.2003233678115066e-06,0.9526107311248779,0.0009309344459325075,0.04645707458257675
/content/drive/MyDrive/StoneSense-Training/processed_grouped/processed_grouped/test/Tumor/Tumor- (589).jpg,3,1,4.566452480503358e-05,0.9076765775680542,0.009557124227285385,0.08272074162960052
/content/drive/MyDrive/StoneSense-Training/processed_grouped/processed_grouped/test/Tumor/Tumor- (590).jpg,3,1,5.2861101721646264e-05,0.8638639450073242,0.00450923340395093,0.13157400488853455
/content/drive/MyDrive/StoneSense-Training/processed_grouped/processed_grouped/test/Tumor/Tumor- (591).jpg,3,1,1.6737423720769584e-05,0.7640043497085571,0.0007598222582601011,0.2352190464735031
/content/drive/MyDrive/StoneSense-Training/processed_grouped/processed_grouped/test/Tumor/Tumor- (592).jpg,3,1,1.9078019249718636e-05,0.8135683536529541,0.0019139250507578254,0.18449866771697998
/content/drive/MyDrive/StoneSense-Training/processed_grouped/processed_grouped/test/Tumor/Tumor- (593).jpg,3,1,3.918155016435776e-06,0.904420793056488,0.0011656414717435837,0.09440971910953522
/content/drive/MyDrive/StoneSense-Training/processed_grouped/processed_grouped/test/Tumor/Tumor- (594).jpg,3,1,1.9225655705668032e-05,0.9657910466194153,0.005239799153059721,0.028949880972504616
/content/drive/MyDrive/StoneSense-Training/processed_grouped/processed_grouped/test/Tumor/Tumor- (595).jpg,3,1,8.359403000213206e-05,0.9187333583831787,0.0127522898837924,0.0684308335185051
/content/drive/MyDrive/StoneSense-Training/processed_grouped/processed_grouped/test/Tumor/Tumor- (596).jpg,3,1,4.085067121195607e-05,0.5191394090652466,0.014311020262539387,0.46650874614715576
/content/drive/MyDrive/StoneSense-Training/processed_grouped/processed_grouped/test/Tumor/Tumor- (597).jpg,3,3,2.597778984636534e-05,0.02747303992509842,0.004017083905637264,0.9684838652610779
/content/drive/MyDrive/StoneSense-Training/processed_grouped/processed_grouped/test/Tumor/Tumor- (598).jpg,3,3,1.4568408914783504e-05,0.16575825214385986,0.0031647407449781895,0.8310624361038208
/content/drive/MyDrive/StoneSense-Training/processed_grouped/processed_grouped/test/Tumor/Tumor- (599).jpg,3,3,5.076069555798313e-06,0.274740993976593,0.005388206336647272,0.7198656797409058
/content/drive/MyDrive/StoneSense-Training/processed_grouped/processed_grouped/test/Tumor/Tumor- (600).jpg,3,3,7.472102936390002e-08,0.04247378930449486,8.740570774534717e-05,0.9574387073516846
/content/drive/MyDrive/StoneSense-Training/processed_grouped/processed_grouped/test/Tumor/Tumor- (601).jpg,3,3,1.807214822235892e-08,0.2911514341831207,0.0001454110024496913,0.7087031006813049
/content/drive/MyDrive/StoneSense-Training/processed_grouped/processed_grouped/test/Tumor/Tumor- (602).jpg,3,1,1.1116327414129046e-07,0.8235339522361755,0.00015678501222282648,0.17630918323993683
/content/drive/MyDrive/StoneSense-Training/processed_grouped/processed_grouped/test/Tumor/Tumor- (603).jpg,3,1,3.220116795432659e-08,0.780593991279602,4.909289054921828e-05,0.21935686469078064
/content/drive/MyDrive/StoneSense-Training/processed_grouped/processed_grouped/test/Tumor/Tumor- (604).jpg,3,3,2.643780661060191e-08,0.17076550424098969,5.0207450840389356e-05,0.8291842937469482
/content/drive/MyDrive/StoneSense-Training/processed_grouped/processed_grouped/test/Tumor/Tumor- (900).jpg,3,3,6.5865115175256506e-06,0.03638635575771332,0.0019054360454902053,0.9617016315460205
/content/drive/MyDrive/StoneSense-Training/processed_grouped/processed_grouped/test/Tumor/Tumor- (901).jpg,3,3,1.5273570170393214e-05,0.015357057563960552,0.0050543746910989285,0.9795732498168945
/content/drive/MyDrive/StoneSense-Training/processed_grouped/processed_grouped/test/Tumor/Tumor- (902).jpg,3,3,9.098673035623506e-05,0.05310351029038429,0.014511622488498688,0.9322938919067383
/content/drive/MyDrive/StoneSense-Training/processed_grouped/processed_grouped/test/Tumor/Tumor- (911).jpg,3,3,3.9426475268555805e-05,0.02290334179997444,0.0017168183112517,0.9753403663635254
/content/drive/MyDrive/StoneSense-Training/processed_grouped/processed_grouped/test/Tumor/Tumor- (912).jpg,3,3,0.00027681421488523483,0.01007761713117361,0.005561799742281437,0.9840838313102722
/content/drive/MyDrive/StoneSense-Training/processed_grouped/processed_grouped/test/Tumor/Tumor- (913).jpg,3,3,0.0017775673186406493,0.019681263715028763,0.028024598956108093,0.9505165815353394
/content/drive/MyDrive/StoneSense-Training/processed_grouped/processed_grouped/test/Tumor/Tumor- (914).jpg,3,3,0.0006330999312922359,0.033806975930929184,0.009055298753082752,0.9565046429634094
/content/drive/MyDrive/StoneSense-Training/processed_grouped/processed_grouped/test/Tumor/Tumor- (915).jpg,3,3,0.00041489311843179166,0.07699867337942123,0.04139073193073273,0.8811957240104675
/content/drive/MyDrive/StoneSense-Training/processed_grouped/processed_grouped/test/Tumor/Tumor- (916).jpg,3,3,0.00017234889674000442,0.08619662374258041,0.02137826383113861,0.8922527432441711
/content/drive/MyDrive/StoneSense-Training/processed_grouped/processed_grouped/test/Tumor/Tumor- (917).jpg,3,3,0.00026734144194051623,0.043675925582647324,0.010304483585059643,0.9457522630691528
/content/drive/MyDrive/StoneSense-Training/processed_grouped/processed_grouped/test/Tumor/Tumor- (918).jpg,3,3,0.002766979858279228,0.07177569717168808,0.018553176894783974,0.9069041013717651
/content/drive/MyDrive/StoneSense-Training/processed_grouped/processed_grouped/test/Tumor/Tumor- (919).jpg,3,3,0.002317952224984765,0.32805243134498596,0.01207398995757103,0.6575556397438049
