path,true_label,predicted_label,p_cyst,p_normal,p_stone,p_tumor
/content/drive/MyDrive/StoneSense-Training/processed_grouped/processed_grouped/test/Cyst/Cyst- (1).jpg,0,2,0.13923711157076854,0.160685354693223,0.5227586167770002,0.17731891695900828
/content/drive/MyDrive/StoneSense-Training/processed_grouped/processed_grouped/test/Cyst/Cyst- (1031).jpg,0,2,0.11488574206895243,0.18893150079585047,0.6119884826472368,0.08419427448796032
/content/drive/MyDrive/StoneSense-Training/processed_grouped/processed_grouped/test/Cyst/Cyst- (1032).jpg,0,2,0.11931318361432,0.20120130659034446,0.613600142547293,0.06588536724804257
/content/drive/MyDrive/StoneSense-Training/processed_grouped/processed_grouped/test/Cyst/Cyst- (1058).jpg,0,3,0.1244932511471951,0.05704990729236396,0.2542869590010231,0.5641698825594178
/content/drive/MyDrive/StoneSense-Training/processed_grouped/processed_grouped/test/Cyst/Cyst- (1364).jpg,0,3,0.08844507442083882,0.31877878066554466,0.2080528472482993,0.38472329766531727
/content/drive/MyDrive/StoneSense-Training/processed_grouped/processed_grouped/test/Cyst/Cyst- (1365).jpg,0,3,0.0757229355265409,0.33056588740793585,0.2020433925799402,0.39166778448558315
/content/drive/MyDrive/StoneSense-Training/processed_grouped/processed_grouped/test/Cyst/Cyst- (1366).jpg,0,3,0.17891820644313552,0.2981716304441639,0.2146581968335282,0.3082519662791724
/content/drive/MyDrive/StoneSense-Training/processed_grouped/processed_grouped/test/Cyst/Cyst- (1367).jpg,0,3,0.2064402538684271,0.28837164790459313,0.17493331463366837,0.3302547835933113
/content/drive/MyDrive/StoneSense-Training/processed_grouped/processed_grouped/test/Cyst/Cyst- (1368).jpg,0,3,0.17902984891078727,0.28684176093370195,0.07331727963570597,0.46081111051980483
/content/drive/MyDrive/StoneSense-Training/processed_grouped/processed_grouped/test/Cyst/Cyst- (1369).jpg,0,3,0.15555047335874522,0.2995107916393478,0.0898763338791936,0.45506240112271346
/content/drive/MyDrive/StoneSense-Training/processed_grouped/processed_grouped/test/Cyst/Cyst- (1370).jpg,0,3,0.2151433926933001,0.2612534548158488,0.06450249182710499,0.4591006606637461
/content/drive/MyDrive/StoneSense-Training/processed_grouped/processed_grouped/test/Cyst/Cyst- (1371).jpg,0,1,0.31321496521899356,0.34975825819841894,0.1087351272858029,0.22829164929678464
/content/drive/MyDrive/StoneSense-Training/processed_grouped/processed_grouped/test/Cyst/Cyst- (1372).jpg,0,0,0.3332924357197936,0.3330682777802418,0.1148703223357932,0.2187689641641714
/content/drive/MyDrive/StoneSense-Training/processed_grouped/processed_grouped/test/Cyst/Cyst- (1373).jpg,0,1,0.3244978487916529,0.3298154649561912,0.14328990638743075,0.20239677986472526
/content/drive/MyDrive/StoneSense-Training/processed_grouped/processed_grouped/test/Cyst/Cyst- (1374).jpg,0,0,0.30864795431228476,0.2784702084545625,0.21708876126163668,0.19579307597151596
/content/drive/MyDrive/StoneSense-Training/processed_grouped/processed_grouped/test/Cyst/Cyst- (1375).jpg,0,1,0.2844419217101848,0.2996686079091947,0.23113146291805203,0.18475800746256854
/content/drive/MyDrive/StoneSense-Training/processed_grouped/processed_grouped/test/Cyst/Cyst- (1376).jpg,0,1,0.30829049886785037,0.31566008815929014,0.15461698538849278,0.22143242758436676
/content/drive/MyDrive/StoneSense-Training/processed_grouped/processed_grouped/test/Cyst/Cyst- (1377).jpg,0,3,0.22338316365594071,0.2757387281155894,0.15116499074274858,0.3497131174857213
/content/drive/MyDrive/StoneSense-Training/processed_grouped/processed_grouped/test/Cyst/Cyst- (1378).jpg,0,0,0.33783679110929365,0.2701472044559724,0.18474697536092208,0.20726902907381176
/content/drive/MyDrive/StoneSense-Training/processed_grouped/processed_grouped/test/Cyst/Cyst- (1379).jpg,0,0,0.3684707780841715,0.32971062936695794,0.11670059245319628,0.18511800009567417
/content/drive/MyDrive/StoneSense-Training/processed_grouped/processed_grouped/test/Cyst/Cyst- (1380).jpg,0,0,0.3398479552342005,0.2979177698627406,0.13072994348591194,0.2315043314171469
/content/drive/MyDrive/StoneSense-Training/processed_grouped/processed_grouped/test/Cyst/Cyst- (1381).jpg,0,3,0.24319678878834167,0.23034842919360743,0.11290941267657342,0.41354536934147745
/content/drive/MyDrive/StoneSense-Training/processed_grouped/processed_grouped/test/Cyst/Cyst- (1382).jpg,0,0,0.3194629808922319,0.21410588209365228,0.18632399197792127,0.2801071450361946
/content/drive/MyDrive/StoneSense-Training/processed_grouped/processed_grouped/test/Cyst/Cyst- (1383).jpg,0,0,0.4240969665359323,0.16802370794449217,0.2714836354586136,0.1363956900609619
/content/drive/MyDrive/StoneSense-Training/processed_grouped/processed_grouped/test/Cyst/Cyst- (1384).jpg,0,0,0.42407933691842326,0.14085426741978946,0.3180978732785427,0.11696852238324457
/content/drive/MyDrive/StoneSense-Training/processed_grouped/processed_grouped/test/Cyst/Cyst- (1385).jpg,0,0,0.3988170619146432,0.17555178196790902,0.27321119694784857,0.15241995916959925
/content/drive/MyDrive/StoneSense-Training/processed_grouped/processed_grouped/test/Cyst/Cyst- (1386).jpg,0,2,0.2629708659290469,0.13925004476312364,0.3320906425459376,0.26568844676189185
/content/drive/MyDrive/StoneSense-Training/processed_grouped/processed_grouped/test/Cyst/Cyst- (1387).jpg,0,2,0.27097528801701914,0.14880453208661393,0.3228093700438032,0.2574108098525636
/content/drive/MyDrive/StoneSense-Training/processed_grouped/processed_grouped/test/Cyst/Cyst- (1388).jpg,0,3,0.2018518747641761,0.1228821097545261,0.29338768196141723,0.3818783335198807
/content/drive/MyDrive/StoneSense-Training/processed_grouped/processed_grouped/test/Cyst/Cyst- (1389).jpg,0,2,0.2576581870351782,0.14245511381947104,0.32160084619782964,0.2782858529475211
/content/drive/MyDrive/StoneSense-Training/processed_grouped/processed_grouped/test/Cyst/Cyst- (1390).jpg,0,3,0.2364510994472301,0.13095308193606497,0.2930517283544421,0.33954409026226273
/content/drive/MyDrive/StoneSense-Training/processed_grouped/processed_grouped/test/Cyst/Cyst- (1391).jpg,0,3,0.2876562271474072,0.10817376530629058,0.20168370143483666,0.4024863061114655
/content/drive/MyDrive/StoneSense-Training/processed_grouped/processed_grouped/test/Cyst/Cyst- (1392).jpg,0,3,0.2857837166122267,0.10493465175579482,0.10711441378626464,0.5021672178457138
/content/drive/MyDrive/StoneSense-Training/processed_grouped/processed_grouped/test/Cyst/Cyst- (1393).jpg,0,0,0.4330131223466494,0.1509939565823188,0.16524378878330687,0.2507491322877249
/content/drive/MyDrive/StoneSense-Training/processed_grouped/processed_grouped/test/Cyst/Cyst- (1394).jpg,0,0,0.5235229093466025,0.16759078176827652,0.07010194613628115,0.23878436274883985
/content/drive/MyDrive/StoneSense-Training/processed_grouped/processed_grouped/test/Cyst/Cyst- (1395).jpg,0,0,0.472577844218126,0.17131475111977534,0.13376566424474953,0.2223417404173492
/content/drive/MyDrive/StoneSense-Training/processed_grouped/processed_grouped/test/Cyst/Cyst- (1583).jpg,0,0,0.31250750022201157,0.16032545794278494,0.28632917398358493,0.24083786785161865
/content/drive/MyDrive/StoneSense-Training/processed_grouped/processed_grouped/test/Cyst/Cyst- (1584).jpg,0,0,0.353736048909968,0.2159190693100899,0.19840456147793661,0.23194032030200548
/content/drive/MyDrive/StoneSense-Training/processed_grouped/processed_grouped/test/Cyst/Cyst- (1585).jpg,0,0,0.4226965295684626,0.20178254383232747,0.12584658752383276,0.24967433907537706
/content/drive/MyDrive/StoneSense-Training/processed_grouped/processed_grouped/test/Cyst/Cyst- (1662).jpg,0,2,0.1388525850986745,0.10827442876697871,0.5028117375517553,0.25006124858259127
/content/drive/MyDrive/StoneSense-Training/processed_grouped/processed_grouped/test/Cyst/Cyst- (1663).jpg,0,2,0.18613602068486299,0.11002851527992953,0.44990859993427973,0.2539268641009278
/content/drive/MyDrive/StoneSense-Training/processed_grouped/processed_grouped/test/Cyst/Cyst- (1664).jpg,0,2,0.17581138725577794,0.10437720191432201,0.4707646248285348,0.2490467860013652
/content/drive/MyDrive/StoneSense-Training/processed_grouped/processed_grouped/test/Cyst/Cyst- (1665).jpg,0,2,0.16737023873357726,0.11883390052611557,0.45303137653169795,0.26076448420860926
/content/drive/MyDrive/StoneSense-Training/processed_grouped/processed_grouped/test/Cyst/Cyst- (1666).jpg,0,2,0.2842996332827848,0.09840535135520659,0.34327893377071017,0.2740160815912985
/content/drive/MyDrive/StoneSense-Training/processed_grouped/processed_grouped/test/Cyst/Cyst- (1667).jpg,0,3,0.2989499704811992,0.1308896644777137,0.25506658586818926,0.3150937791728978
/content/drive/MyDrive/StoneSense-Training/processed_grouped/processed_grouped/test/Cyst/Cyst- (1668).jpg,0,0,0.3067310960466764,0.10668658205633647,0.3015504371202437,0.28503188477674346
/content/drive/MyDrive/StoneSense-Training/processed_grouped/processed_grouped/test/Cyst/Cyst- (1706).jpg,0,2,0.1388525850986745,0.10827442876697871,0.5028117375517553,0.25006124858259127
/content/drive/MyDrive/StoneSense-Training/processed_grouped/processed_grouped/test/Cyst/Cyst- (1707).jpg,0,2,0.18613602068486299,0.11002851527992953,0.44990859993427973,0.2539268641009278
/content/drive/MyDrive/StoneSense-Training/processed_grouped/processed_grouped/test/Cyst/Cyst- (1708).jpg,0,2,0.17581138725577794,0.10437720191432201,0.4707646248285348,0.2490467860013652
/content/drive/MyDrive/StoneSense-Training/processed_grouped/processed_grouped/test/Cyst/Cyst- (1709).jpg,0,2,0.16737023873357726,0.11883390052611557,0.45303137653169795,0.26076448420860926
/content/drive/MyDrive/StoneSense-Training/processed_grouped/processed_grouped/test/Cyst/Cyst- (1710).jpg,0,2,0.2842996332827848,0.09840535135520659,0.34327893377071017,0.2740160815912985
/content/drive/MyDrive/StoneSense-Training/processed_grouped/processed_grouped/test/Cyst/Cyst- (1711).jpg,0,3,0.2989499704811992,0.1308896644777137,0.25506658586818926,0.3150937791728978
/content/drive/MyDrive/StoneSense-Training/processed_grouped/processed_grouped/test/Cyst/Cyst- (1712).jpg,0,0,0.3067310960466764,0.10668658205633647,0.3015504371202437,0.28503188477674346
/content/drive/MyDrive/StoneSense-Training/processed_grouped/processed_grouped/test/Cyst/Cyst- (1731).jpg,0,2,0.24321040937296368,0.24304550908378353,0.4486327844095129,0.06511129713373986
/content/drive/MyDrive/StoneSense-Training/processed_grouped/processed_grouped/test/Cyst/Cyst- (1732).jpg,0,2,0.15226361051122822,0.2820196637313479,0.44213535564351236,0.1235813701139116
/content/drive/MyDrive/StoneSense-Training/processed_grouped/processed_grouped/test/Cyst/Cyst- (1733).jpg,0,2,0.2202411291111534,0.24799614480078466,0.42543895402704823,0.10632377206101379
/content/drive/MyDrive/StoneSense-Training/processed_grouped/processed_grouped/test/Cyst/Cyst- (1734).jpg,0,2,0.20686571392362352,0.2692163385349209,0.36877874568586305,0.15513920185559255
/content/drive/MyDrive/StoneSense-Training/processed_grouped/processed_grouped/test/Cyst/Cyst- (1735).jpg,0,2,0.13517362996117085,0.3033646077390129,0.38035661672130355,0.18110514557851257
/content/drive/MyDrive/StoneSense-Training/processed_grouped/processed_grouped/test/Cyst/Cyst- (1736).jpg,0,2,0.1565216820517074,0.27798670482740384,0.4077183340668532,0.15777327905403563
/content/drive/MyDrive/StoneSense-Training/processed_grouped/processed_grouped/test/Cyst/Cyst- (1737).jpg,0,2,0.28033171248367134,0.24949837242620806,0.3706500451170694,0.09951986997305107
/content/drive/MyDrive/StoneSense-Training/processed_grouped/processed_grouped/test/Cyst/Cyst- (1738).jpg,0,2,0.17337923035048525,0.2566280426189392,0.4147130253667383,0.15527970166383742
/content/drive/MyDrive/StoneSense-Training/processed_grouped/processed_grouped/test/Cyst/Cyst- (1739).jpg,0,2,0.10977646705584582,0.2716515607436954,0.3968380573440233,0.22173391485643554
/content/drive/MyDrive/StoneSense-Training/processed_grouped/processed_grouped/test/Cyst/Cyst- (1740).jpg,0,2,0.17309951187370134,0.25251104150201603,0.4389133958996743,0.13547605072460828
/content/drive/MyDrive/StoneSense-Training/processed_grouped/processed_grouped/test/Cyst/Cyst- (1741).jpg,0,2,0.2266596413247487,0.22581929916690813,0.45188013877647765,0.0956409207318655
/content/drive/MyDrive/StoneSense-Training/processed_grouped/processed_grouped/test/Cyst/Cyst- (1742).jpg,0,2,0.32106996808309,0.16159928489130992,0.46591521832500943,0.05141552870059044
/content/drive/MyDrive/StoneSense-Training/processed_grouped/processed_grouped/test/Cyst/Cyst- (1743).jpg,0,2,0.11628878271705671,0.2380891617890416,0.4092915386943631,0.2363305167995386
/content/drive/MyDrive/StoneSense-Training/processed_grouped/processed_grouped/test/Cyst/Cyst- (1744).jpg,0,2,0.0676102676389708,0.23017470744376778,0.372378473091671,0.3298365518255906
/content/drive/MyDrive/StoneSense-Training/processed_grouped/processed_grouped/test/Cyst/Cyst- (1745).jpg,0,2,0.06992253654514044,0.2525916476964572,0.3753687064169787,0.3021171093414236
/content/drive/MyDrive/StoneSense-Training/processed_grouped/processed_grouped/test/Cyst/Cyst- (1746).jpg,0,2,0.07848611607393874,0.27818134016471774,0.3759949442063691,0.2673375995549743
/content/drive/MyDrive/StoneSense-Training/processed_grouped/processed_grouped/test/Cyst/Cyst- (1747).jpg,0,2,0.059739354221626885,0.27150910070531553,0.3733871205410573,0.2953644245320003
/content/drive/MyDrive/StoneSense-Training/processed_grouped/processed_grouped/test/Cyst/Cyst- (1748).jpg,0,2,0.11462613095642041,0.2714440158693463,0.4019858079718409,0.21194404520239235
/content/drive/MyDrive/StoneSense-Training/processed_grouped/processed_grouped/test/Cyst/Cyst- (1749).jpg,0,2,0.09971598841348196,0.2888908664929329,0.3969108233281801,0.21448232176540497
/content/drive/MyDrive/StoneSense-Training/processed_grouped/processed_grouped/test/Cyst/Cyst- (1750).jpg,0,2,0.058667104022207275,0.32140082710314827,0.3643709725768604,0.25556109629778406
/content/drive/MyDrive/StoneSense-Training/processed_grouped/processed_grouped/test/Cyst/Cyst- (1751).jpg,0,2,0.056085055773040425,0.2833523128161979,0.3483219266518322,0.31224070475892945
/content/drive/MyDrive/StoneSense-Training/processed_grouped/processed_grouped/test/Cyst/Cyst- (1752).jpg,0,3,0.05841041910781186,0.28977362266838064,0.31826696636917023,0.3335489918546372
/content/drive/MyDrive/StoneSense-Training/processed_grouped/processed_grouped/test/Cyst/Cyst- (1753).jpg,0,2,0.07193201512769966,0.3227583440053873,0.3513217332171869,0.2539879076497261
/content/drive/MyDrive/StoneSense-Training/processed_grouped/processed_grouped/test/Cyst/Cyst- (1754).jpg,0,2,0.13980614984490572,0.29052366837646065,0.40649474366014904,0.16317543811848464
/content/drive/MyDrive/StoneSense-Training/processed_grouped/processed_grouped/test/Cyst/Cyst- (1755).jpg,0,2,0.19789323306450113,0.1968711795334859,0.5435580574403334,0.06167752996167947
/content/drive/MyDrive/StoneSense-Training/processed_grouped/processed_grouped/test/Cyst/Cyst- (1756).jpg,0,2,0.17523519574606966,0.24352608949083882,0.49257656282705176,0.08866215193603978
/content/drive/MyDrive/StoneSense-Training/processed_grouped/processed_grouped/test/Cyst/Cyst- (1757).jpg,0,2,0.1576711215306362,0.2594420209439406,0.4204883873860814,0.16239847013934186
/content/drive/MyDrive/StoneSense-Training/processed_grouped/processed_grouped/test/Cyst/Cyst- (1758).jpg,0,2,0.09907861658241698,0.2881895663331816,0.37296608493356936,0.23976573215083216
/content/drive/MyDrive/StoneSense-Training/processed_grouped/processed_grouped/test/Cyst/Cyst- (1759).jpg,0,2,0.06487958469767176,0.3255112742755652,0.35753822375599315,0.25207091727076986
/content/drive/MyDrive/StoneSense-Training/processed_grouped/processed_grouped/test/Cyst/Cyst- (1760).jpg,0,2,0.16196761419945904,0.24708390362486352,0.5117692419853563,0.07917924019032113
/content/drive/MyDrive/StoneSense-Training/processed_grouped/processed_grouped/test/Cyst/Cyst- (1761).jpg,0,2,0.19029388786003204,0.204053720969102,0.5296180477473668,0.07603434342349928
/content/drive/MyDrive/StoneSense-Training/processed_grouped/processed_grouped/test/Cyst/Cyst- (1762).jpg,0,2,0.14188610681986652,0.2660073346376635,0.5134722328734622,0.07863432566900774
/content/drive/MyDrive/StoneSense-Training/processed_grouped/processed_grouped/test/Cyst/Cyst- (1763).jpg,0,2,0.14757487568941158,0.3094087076747235,0.40410545137639575,0.1389109652594693
/content/drive/MyDrive/StoneSense-Training/processed_grouped/processed_grouped/test/Cyst/Cyst- (1764).jpg,0,2,0.13720078525893534,0.3122093854162006,0.3447248552363915,0.20586497408847246
/content/drive/MyDrive/StoneSense-Training/processed_grouped/processed_grouped/test/Cyst/Cyst- (1765).jpg,0,2,0.13904670402449834,0.3146794862150983,0.385866113389431,0.16040769637097246
/content/drive/MyDrive/StoneSense-Training/processed_grouped/processed_grouped/test/Cyst/Cyst- (1766).jpg,0,2,0.18246551685188384,0.28964766880458587,0.3854032917603078,0.14248352258322264
/content/drive/MyDrive/StoneSense-Training/processed_grouped/processed_grouped/test/Cyst/Cyst- (1767).jpg,0,2,0.1767341603192943,0.2823047119377306,0.42211381587808133,0.11884731186489376
/content/drive/MyDrive/StoneSense-Training/processed_grouped/processed_grouped/test/Cyst/Cyst- (1768).jpg,0,2,0.1906231512591641,0.30185208175223843,0.3446817495553441,0.16284301743325344
/content/drive/MyDrive/StoneSense-Training/processed_grouped/processed_grouped/test/Cyst/Cyst- (1769).jpg,0,1,0.18387014479216918,0.3170359090093914,0.2928560785276721,0.20623786767076727
/content/drive/MyDrive/StoneSense-Training/processed_grouped/processed_grouped/test/Cyst/Cyst- (1770).jpg,0,1,0.22898016084561998,0.3006805548309232,0.2636652357343739,0.20667404858908295
/content/drive/MyDrive/StoneSense-Training/processed_grouped/processed_grouped/test/Cyst/Cyst- (1771).jpg,0,1,0.18934611480653118,0.3118645066233233,0.2707257515554753,0.22806362701467037
/content/drive/MyDrive/StoneSense-Training/processed_grouped/processed_grouped/test/Cyst/Cyst- (1772).jpg,0,1,0.1445318188280545,0.3267595844251876,0.2341323609090379,0.2945762358377201
/content/drive/MyDrive/StoneSense-Training/processed_grouped/processed_grouped/test/Cyst/Cyst- (1773).jpg,0,1,0.21096133678943801,0.3022001926475393,0.25393645016446154,0.23290202039856123
/content/drive/MyDrive/StoneSense-Training/processed_grouped/processed_grouped/test/Cyst/Cyst- (1774).jpg,0,1,0.13315749842902957,0.3391558507813128,0.3068950545413628,0.2207915962482948
/content/drive/MyDrive/StoneSense-Training/processed_grouped/processed_grouped/test/Cyst/Cyst- (1775).jpg,0,1,0.16104413797584768,0.319662109588724,0.3066968893127934,0.21259686312263487
/content/drive/MyDrive/StoneSense-Training/processed_grouped/processed_grouped/test/Cyst/Cyst- (1776).jpg,0,2,0.21063168627175993,0.2889650034521363,0.29095633263633647,0.2094469776397673
/content/drive/MyDrive/StoneSense-Training/processed_grouped/processed_grouped/test/Cyst/Cyst- (1777).jpg,0,1,0.2024600653380998,0.29804278044505117,0.2528824002607274,0.24661475395612156
/content/drive/MyDrive/StoneSense-Training/processed_grouped/processed_grouped/test/Cyst/Cyst- (1778).jpg,0,1,0.21495929595101468,0.2976613097991633,0.25466316529080707,0.23271622895901484
/content/drive/MyDrive/StoneSense-Training/processed_grouped/processed_grouped/test/Cyst/Cyst- (1779).jpg,0,1,0.20539604986130264,0.2994890779799729,0.2267528889282276,0.2683619832304969
/content/drive/MyDrive/StoneSense-Training/processed_grouped/processed_grouped/test/Cyst/Cyst- (1780).jpg,0,1,0.12982493205899945,0.3434421849086801,0.282388341612847,0.24434454141947343
/content/drive/MyDrive/StoneSense-Training/processed_grouped/processed_grouped/test/Cyst/Cyst- (1781).jpg,0,1,0.17710152926466743,0.3153029161102252,0.26830462561397445,0.23929092901113286
/content/drive/MyDrive/StoneSense-Training/processed_grouped/processed_grouped/test/Cyst/Cyst- (1782).jpg,0,1,0.14748848258501426,0.3311655800139837,0.29509082193679137,0.2262551154642105
/content/drive/MyDrive/StoneSense-Training/processed_grouped/processed_grouped/test/Cyst/Cyst- (1783).jpg,0,1,0.13877546290510934,0.34541062732058264,0.3145171569699478,0.20129675280436027
/content/drive/MyDrive/StoneSense-Training/processed_grouped/processed_grouped/test/Cyst/Cyst- (1784).jpg,0,1,0.16080714504551102,0.3214199236274053,0.3042958023848198,0.21347712894226403
/content/drive/MyDrive/StoneSense-Training/processed_grouped/processed_grouped/test/Cyst/Cyst- (1785).jpg,0,1,0.1237413291906096,0.3209532221483482,0.27324740421272986,0.2820580444483124
/content/drive/MyDrive/StoneSense-Training/processed_grouped/processed_grouped/test/Cyst/Cyst- (1786).jpg,0,1,0.09682953644379481,0.3341598447897947,0.2716118768381302,0.2973987419282801
/content/drive/MyDrive/StoneSense-Training/processed_grouped/processed_grouped/test/Cyst/Cyst- (1787).jpg,0,1,0.1396094948694493,0.30761169612180395,0.25154991942290955,0.3012288895858373
/content/drive/MyDrive/StoneSense-Training/processed_grouped/processed_grouped/test/Cyst/Cyst- (1788).jpg,0,2,0.20506843250354398,0.2705243521775346,0.2947107381363983,0.229696477182523
/content/drive/MyDrive/StoneSense-Training/processed_grouped/processed_grouped/test/Cyst/Cyst- (1789).jpg,0,2,0.2098286874488933,0.2630225173970584,0.30958595590932986,0.21756283924471836
/content/drive/MyDrive/StoneSense-Training/processed_grouped/processed_grouped/test/Cyst/Cyst- (1790).jpg,0,2,0.18433464360541796,0.2738882445456036,0.3124582763746597,0.22931883547431872
/content/drive/MyDrive/StoneSense-Training/processed_grouped/processed_grouped/test/Cyst/Cyst- (1791).jpg,0,2,0.18679747333749272,0.27498151303884244,0.2859948523431542,0.25222616128051056
/content/drive/MyDrive/StoneSense-Training/processed_grouped/processed_grouped/test/Cyst/Cyst- (1792).jpg,0,2,0.19351341503586822,0.26961251121407565,0.32393759377231485,0.21293647997774134
/content/drive/MyDrive/StoneSense-Training/processed_grouped/processed_grouped/test/Cyst/Cyst- (1793).jpg,0,2,0.17676657358733844,0.2982403105519659,0.3342285168957181,0.19076459896497752
/content/drive/MyDrive/StoneSense-Training/processed_grouped/processed_grouped/test/Cyst/Cyst- (1794).jpg,0,2,0.1500810525898428,0.2991704708682925,0.3411433344483996,0.20960514209346523
/content/drive/MyDrive/StoneSense-Training/processed_grouped/processed_grouped/test/Cyst/Cyst- (1795).jpg,0,2,0.19073554542918725,0.26036397963500735,0.3327093827922691,0.21619109214353632
/content/drive/MyDrive/StoneSense-Training/processed_grouped/processed_grouped/test/Cyst/Cyst- (1796).jpg,0,2,0.19748065772298212,0.20869981891031852,0.4489624811864245,0.14485704218027484
/content/drive/MyDrive/StoneSense-Training/processed_grouped/processed_grouped/test/Cyst/Cyst- (1797).jpg,0,2,0.14708655877951568,0.2281305942346597,0.5121666387955219,0.11261620819030278
/content/drive/MyDrive/StoneSense-Training/processed_grouped/processed_grouped/test/Cyst/Cyst- (1798).jpg,0,2,0.12612650007357673,0.27482718561784375,0.44100127287355984,0.15804504143501966
/content/drive/MyDrive/StoneSense-Training/processed_grouped/processed_grouped/test/Cyst/Cyst- (1799).jpg,0,2,0.15873760924073357,0.274378862683072,0.32471461389174294,0.24216891418445155
/content/drive/MyDrive/StoneSense-Training/processed_grouped/processed_grouped/test/Cyst/Cyst- (1800).jpg,0,2,0.21269717082860246,0.24499914405787795,0.31422847156176803,0.22807521355175162
/content/drive/MyDrive/StoneSense-Training/processed_grouped/processed_grouped/test/Cyst/Cyst- (1801).jpg,0,0,0.31455393766609274,0.19280499306623278,0.3029709438660668,0.18967012540160766
/content/drive/MyDrive/StoneSense-Training/processed_grouped/processed_grouped/test/Cyst/Cyst- (1802).jpg,0,2,0.25103835692160154,0.23681357401839423,0.26306782877963203,0.24908024028037212
/content/drive/MyDrive/StoneSense-Training/processed_grouped/processed_grouped/test/Cyst/Cyst- (1803).jpg,0,2,0.24772798764952864,0.23495138020097145,0.2593208472587347,0.2579997848907652
/content/drive/MyDrive/StoneSense-Training/processed_grouped/processed_grouped/test/Cyst/Cyst- (1804).jpg,0,2,0.21014586304462055,0.2548076122338769,0.28099059761509326,0.2540559271064093
/content/drive/MyDrive/StoneSense-Training/processed_grouped/processed_grouped/test/Cyst/Cyst- (1805).jpg,0,2,0.24600728975565925,0.23782761902552638,0.3191565750919475,0.1970085161268669
/content/drive/MyDrive/StoneSense-Training/processed_grouped/processed_grouped/test/Cyst/Cyst- (1806).jpg,0,2,0.21577517133497998,0.26056954230121726,0.3149565329857577,0.20869875337804505
/content/drive/MyDrive/StoneSense-Training/processed_grouped/processed_grouped/test/Cyst/Cyst- (1807).jpg,0,0,0.25318539095818193,0.24739080517195675,0.250197060862583,0.24922674300727835
/content/drive/MyDrive/StoneSense-Training/processed_grouped/processed_grouped/test/Cyst/Cyst- (1808).jpg,0,0,0.37260513131918543,0.20332393061732998,0.21172693237160167,0.21234400569188291
/content/drive/MyDrive/StoneSense-Training/processed_grouped/processed_grouped/test/Cyst/Cyst- (1809).jpg,0,0,0.3245125130037501,0.22859314929274172,0.17714084751783057,0.26975349018567757
/content/drive/MyDrive/StoneSense-Training/processed_grouped/processed_grouped/test/Cyst/Cyst- (1810).jpg,0,0,0.3280297318478992,0.22839905962196821,0.18098279564627745,0.2625884128838551
/content/drive/MyDrive/StoneSense-Training/processed_grouped/processed_grouped/test/Cyst/Cyst- (1811).jpg,0,3,0.2734897251218141,0.22086994726238093,0.13216967909086721,0.37347064852493767
/content/drive/MyDrive/StoneSense-Training/processed_grouped/processed_grouped/test/Cyst/Cyst- (1812).jpg,0,0,0.33219576771249176,0.20522652393203306,0.17056550824376815,0.29201220011170703
/content/drive/MyDrive/StoneSense-Training/processed_grouped/processed_grouped/test/Cyst/Cyst- (1813).jpg,0,0,0.4326328611532521,0.16524297094018991,0.17859862393854187,0.22352554396801608
/content/drive/MyDrive/StoneSense-Training/processed_grouped/processed_grouped/test/Cyst/Cyst- (1814).jpg,0,3,0.2740899950380021,0.21024016303865015,0.10501127177272744,0.4106585701506203
/content/drive/MyDrive/StoneSense-Training/processed_grouped/processed_grouped/test/Cyst/Cyst- (1815).jpg,0,3,0.177826070606333,0.2755755282942574,0.16313904183720138,0.3834593592622082
/content/drive/MyDrive/StoneSense-Training/processed_grouped/processed_grouped/test/Cyst/Cyst- (1816).jpg,0,3,0.11720023059605719,0.3132185311726736,0.20849422604140447,0.36108701218986466
/content/drive/MyDrive/StoneSense-Training/processed_grouped/processed_grouped/test/Cyst/Cyst- (1817).jpg,0,3,0.15928577066261654,0.2784877564863457,0.16023509254162777,0.40199138030941
/content/drive/MyDrive/StoneSense-Training/processed_grouped/processed_grouped/test/Cyst/Cyst- (1818).jpg,0,3,0.15194335402245532,0.27250121448987763,0.1642466285917612,0.41130880289590577
/content/drive/MyDrive/StoneSense-Training/processed_grouped/processed_grouped/test/Cyst/Cyst- (1819).jpg,0,3,0.22857737474246484,0.2488141027033631,0.15384746379245007,0.36876105876172205
/content/drive/MyDrive/StoneSense-Training/processed_grouped/processed_grouped/test/Cyst/Cyst- (1820).jpg,0,0,0.3426491472013223,0.21821426060880264,0.189889153241127,0.2492474389487481
/content/drive/MyDrive/StoneSense-Training/processed_grouped/processed_grouped/test/Cyst/Cyst- (1821).jpg,0,0,0.3711452478225259,0.19276499362868088,0.2895359046607089,0.1465538538880844
/content/drive/MyDrive/StoneSense-Training/processed_grouped/processed_grouped/test/Cyst/Cyst- (1822).jpg,0,2,0.2881281571829894,0.222958989868103,0.33272635760120783,0.1561864953476999
/content/drive/MyDrive/StoneSense-Training/processed_grouped/processed_grouped/test/Cyst/Cyst- (1823).jpg,0,0,0.35185662014085456,0.2040789891855202,0.1429648035302261,0.3010995871433992
/content/drive/MyDrive/StoneSense-Training/processed_grouped/processed_grouped/test/Cyst/Cyst- (1824).jpg,0,0,0.37835087491905245,0.20135123508446562,0.16790489179067875,0.252392998205803
/content/drive/MyDrive/StoneSense-Training/processed_grouped/processed_grouped/test/Cyst/Cyst- (1825).jpg,0,0,0.42761854555687,0.18960187847199228,0.18929426547067219,0.1934853105004655
/content/drive/MyDrive/StoneSense-Training/processed_grouped/processed_grouped/test/Cyst/Cyst- (1826).jpg,0,0,0.39146247162600434,0.2100950407405678,0.18915595683830982,0.20928653079511803
/content/drive/MyDrive/StoneSense-Training/processed_grouped/processed_grouped/test/Cyst/Cyst- (1827).jpg,0,0,0.32093540011611105,0.23858934180289482,0.1698753456258232,0.27059991245517095
/content/drive/MyDrive/StoneSense-Training/processed_grouped/processed_grouped/test/Cyst/Cyst- (1828).jpg,0,0,0.39134374534815536,0.22571017014089034,0.14172308734491107,0.2412229971660432
/content/drive/MyDrive/StoneSense-Training/processed_grouped/processed_grouped/test/Cyst/Cyst- (1829).jpg,0,0,0.40628054962159715,0.23703566003342985,0.15039211961532098,0.20629167072965193
/content/drive/MyDrive/StoneSense-Training/processed_grouped/processed_grouped/test/Cyst/Cyst- (1830).jpg,0,0,0.3112733376778977,0.24846655681633156,0.15073661216357628,0.2895234933421945
/content/drive/MyDrive/StoneSense-Training/processed_grouped/processed_grouped/test/Cyst/Cyst- (1831).jpg,0,3,0.22977772307543554,0.28873440768583414,0.1665210577733815,0.31496681146534883
/content/drive/MyDrive/StoneSense-Training/processed_grouped/processed_grouped/test/Cyst/Cyst- (1832).jpg,0,1,0.15093470547087492,0.347654438139934,0.20006445831863226,0.3013463980705588
/content/drive/MyDrive/StoneSense-Training/processed_grouped/processed_grouped/test/Cyst/Cyst- (1833).jpg,0,1,0.14667570235533942,0.35659684127111235,0.1818894008757113,0.314838055497837
/content/drive/MyDrive/StoneSense-Training/processed_grouped/processed_grouped/test/Cyst/Cyst- (1834).jpg,0,3,0.1723563615128443,0.32532978432030035,0.17068514874077614,0.33162870542607914
/content/drive/MyDrive/StoneSense-Training/processed_grouped/processed_grouped/test/Cyst/Cyst- (1835).jpg,0,1,0.19616758114411897,0.31744999812711083,0.1802041750353041,0.3061782456934662
/content/drive/MyDrive/StoneSense-Training/processed_grouped/processed_grouped/test/Cyst/Cyst- (1836).jpg,0,1,0.19780504153406403,0.3363368118446171,0.1751342174149102,0.2907239292064087
/content/drive/MyDrive/StoneSense-Training/processed_grouped/processed_grouped/test/Cyst/Cyst- (1837).jpg,0,3,0.2393668331303112,0.28440727129806115,0.16717145256060745,0.30905444301102025
/content/drive/MyDrive/StoneSense-Training/processed_grouped/processed_grouped/test/Cyst/Cyst- (1838).jpg,0,3,0.2786861758626884,0.2747688268995012,0.15468041149164,0.29186458574617036
/content/drive/MyDrive/StoneSense-Training/processed_grouped/processed_grouped/test/Cyst/Cyst- (1839).jpg,0,1,0.2717376684781134,0.28936259972211126,0.16455325686057143,0.27434647493920394
/content/drive/MyDrive/StoneSense-Training/processed_grouped/processed_grouped/test/Cyst/Cyst- (1840).jpg,0,0,0.30985379048624756,0.2820560254011107,0.1709069513323312,0.23718323278031062
/content/drive/MyDrive/StoneSense-Training/processed_grouped/processed_grouped/test/Cyst/Cyst- (1841).jpg,0,3,0.2705064809435257,0.26659807672155283,0.14630203597890076,0.31659340635602073
/content/drive/MyDrive/StoneSense-Training/processed_grouped/processed_grouped/test/Cyst/Cyst- (1842).jpg,0,3,0.2135081354242563,0.2828511955792267,0.1883647095595651,0.3152759594369518
/content/drive/MyDrive/StoneSense-Training/processed_grouped/processed_grouped/test/Cyst/Cyst- (1843).jpg,0,3,0.24921531286991544,0.275710962078941,0.17157272291699574,0.3035010021341476
/content/drive/MyDrive/StoneSense-Training/processed_grouped/processed_grouped/test/Cyst/Cyst- (1844).jpg,0,3,0.208139424241604,0.2854915512177907,0.17125696433154924,0.33511206020905604
/content/drive/MyDrive/StoneSense-Training/processed_grouped/processed_grouped/test/Cyst/Cyst- (1845).jpg,0,3,0.17853516420173732,0.28744146962192124,0.18708333041505337,0.346940035761288
/content/drive/MyDrive/StoneSense-Training/processed_grouped/processed_grouped/test/Cyst/Cyst- (1846).jpg,0,3,0.2180171176990044,0.2919448156417712,0.17558718215236443,0.3144508845068598
/content/drive/MyDrive/StoneSense-Training/processed_grouped/processed_grouped/test/Cyst/Cyst- (1847).jpg,0,3,0.2043877221986758,0.2922394984186955,0.1772746235635638,0.326098155819065
/content/drive/MyDrive/StoneSense-Training/processed_grouped/processed_grouped/test/Cyst/Cyst- (1848).jpg,0,3,0.16352374672534503,0.2899484497122181,0.18428537411735696,0.36224242944507995
/content/drive/MyDrive/StoneSense-Training/processed_grouped/processed_grouped/test/Cyst/Cyst- (1849).jpg,0,3,0.1602287606465081,0.2672686661686122,0.17523891664465488,0.39726365654022494
/content/drive/MyDrive/StoneSense-Training/processed_grouped/processed_grouped/test/Cyst/Cyst- (1850).jpg,0,3,0.15473298255765236,0.2893459277942973,0.1868547607781586,0.36906632886989177
/content/drive/MyDrive/StoneSense-Training/processed_grouped/processed_grouped/test/Cyst/Cyst- (1851).jpg,0,3,0.1426759718730271,0.31668654125561746,0.20282695985095572,0.33781052702039965
/content/drive/MyDrive/StoneSense-Training/processed_grouped/processed_grouped/test/Cyst/Cyst- (1852).jpg,0,1,0.18080844104170746,0.30064029051145275,0.2385663657721689,0.27998490267467097
/content/drive/MyDrive/StoneSense-Training/processed_grouped/processed_grouped/test/Cyst/Cyst- (1853).jpg,0,1,0.1604560318926301,0.30466868694252786,0.2578345091005363,0.27704077206430583
/content/drive/MyDrive/StoneSense-Training/processed_grouped/processed_grouped/test/Cyst/Cyst- (1854).jpg,0,3,0.18531151732467271,0.2827704182988419,0.1989930919206113,0.33292497245587416
/content/drive/MyDrive/StoneSense-Training/processed_grouped/processed_grouped/test/Cyst/Cyst- (1855).jpg,0,3,0.19043755644388377,0.2829618000115449,0.201553230864565,0.3250474126800062
/content/drive/MyDrive/StoneSense-Training/processed_grouped/processed_grouped/test/Cyst/Cyst- (1856).jpg,0,0,0.27137152532874703,0.2546853799995327,0.21529706681376037,0.25864602785796004
/content/drive/MyDrive/StoneSense-Training/processed_grouped/processed_grouped/test/Cyst/Cyst- (1857).jpg,0,3,0.23004750353475997,0.26492021257268533,0.2382323107170895,0.2667999731754653
/content/drive/MyDrive/StoneSense-Training/processed_grouped/processed_grouped/test/Cyst/Cyst- (1858).jpg,0,3,0.1412574603475779,0.29923729120852344,0.2266572922029101,0.33284795624098856
/content/drive/MyDrive/StoneSense-Training/processed_grouped/processed_grouped/test/Cyst/Cyst- (1859).jpg,0,3,0.10764922824499376,0.3139745486832999,0.22719337558277866,0.3511828474889277
/content/drive/MyDrive/StoneSense-Training/processed_grouped/processed_grouped/test/Cyst/Cyst- (1860).jpg,0,3,0.10418546021677447,0.3022992373984126,0.19547044186635473,0.39804486051845817
/content/drive/MyDrive/StoneSense-Training/processed_grouped/processed_grouped/test/Cyst/Cyst- (1861).jpg,0,3,0.07978220572562623,0.2960077867965974,0.23534888303142526,0.3888611244463511
/content/drive/MyDrive/StoneSense-Training/processed_grouped/processed_grouped/test/Cyst/Cyst- (1862).jpg,0,3,0.06461879846462117,0.2967849236652193,0.263976661328882,0.37461961654127746
/content/drive/MyDrive/StoneSense-Training/processed_grouped/processed_grouped/test/Cyst/Cyst- (1863).jpg,0,1,0.04353733866696899,0.32585069359652663,0.31806564438881446,0.31254632334769
/content/drive/MyDrive/StoneSense-Training/processed_grouped/processed_grouped/test/Cyst/Cyst- (1864).jpg,0,1,0.04699712727814531,0.33787712751112864,0.29606298510766527,0.31906276010306067
/content/drive/MyDrive/StoneSense-Training/processed_grouped/processed_grouped/test/Cyst/Cyst- (1865).jpg,0,3,0.07375033174004118,0.2815286482902114,0.24733186340884925,0.3973891565608982
/content/drive/MyDrive/StoneSense-Training/processed_grouped/processed_grouped/test/Cyst/Cyst- (1866).jpg,0,3,0.13911764864502554,0.18320904657769949,0.3348346666517554,0.3428386381255195
/content/drive/MyDrive/StoneSense-Training/processed_grouped/processed_grouped/test/Cyst/Cyst- (1867).jpg,0,3,0.15455830543742682,0.19106200446052235,0.3074050131661166,0.3469746769359342
/content/drive/MyDrive/StoneSense-Training/processed_grouped/processed_grouped/test/Cyst/Cyst- (1868).jpg,0,3,0.16407331905535705,0.23347965093749248,0.2618343532543683,0.34061267675278223
/content/drive/MyDrive/StoneSense-Training/processed_grouped/processed_grouped/test/Cyst/Cyst- (1869).jpg,0,3,0.15507152189601583,0.22953659434358697,0.2471418660522219,0.3682500177081753
/content/drive/MyDrive/StoneSense-Training/processed_grouped/processed_grouped/test/Cyst/Cyst- (1870).jpg,0,3,0.2180745939186785,0.16859375359989046,0.2601765670197515,0.3531550854616795
/content/drive/MyDrive/StoneSense-Training/processed_grouped/processed_grouped/test/Cyst/Cyst- (1871).jpg,0,3,0.13436909627529947,0.23391757639432245,0.2604951062800905,0.3712182210502877
/content/drive/MyDrive/StoneSense-Training/processed_grouped/processed_grouped/test/Cyst/Cyst- (1872).jpg,0,3,0.11806157617092498,0.215025046199167,0.2617351527083632,0.4051782249215449
/content/drive/MyDrive/StoneSense-Training/processed_grouped/processed_grouped/test/Cyst/Cyst- (1873).jpg,0,3,0.0751260982641352,0.241079640567998,0.28623896612589494,0.3975552950419719
/content/drive/MyDrive/StoneSense-Training/processed_grouped/processed_grouped/test/Cyst/Cyst- (1874).jpg,0,3,0.0790471346156254,0.2192651909546724,0.275745300433471,0.425942373996231
/content/drive/MyDrive/StoneSense-Training/processed_grouped/processed_grouped/test/Cyst/Cyst- (1875).jpg,0,3,0.1497642305913196,0.13989656425859176,0.29107319496045336,0.41926601018963533
/content/drive/MyDrive/StoneSense-Training/processed_grouped/processed_grouped/test/Cyst/Cyst- (1876).jpg,0,3,0.2053879104078594,0.12908568154818348,0.3189227285035179,0.3466036795404393
/content/drive/MyDrive/StoneSense-Training/processed_grouped/processed_grouped/test/Cyst/Cyst- (1877).jpg,0,3,0.2535327903253409,0.12205998884918547,0.2694054950147682,0.35500172581070544
/content/drive/MyDrive/StoneSense-Training/processed_grouped/processed_grouped/test/Cyst/Cyst- (1878).jpg,0,3,0.28312313798741406,0.127301872497316,0.2427437735054446,0.3468312160098253
/content/drive/MyDrive/StoneSense-Training/processed_grouped/processed_grouped/test/Cyst/Cyst- (1879).jpg,0,3,0.27156447105005505,0.11070932657894955,0.23409978262852457,0.3836264197424708
/content/drive/MyDrive/StoneSense-Training/processed_grouped/processed_grouped/test/Cyst/Cyst- (1880).jpg,0,3,0.2507152456840919,0.12272557369131541,0.24592156035973992,0.3806376202648527
/content/drive/MyDrive/StoneSense-Training/processed_grouped/processed_grouped/test/Cyst/Cyst- (1881).jpg,0,3,0.22125839114693205,0.1263897407927206,0.30017863613229,0.3521732319280573
/content/drive/MyDrive/StoneSense-Training/processed_grouped/processed_grouped/test/Cyst/Cyst- (1882).jpg,0,2,0.2701219108645022,0.12426658346187612,0.31154173401311447,0.2940697716605072
/content/drive/MyDrive/StoneSense-Training/processed_grouped/processed_grouped/test/Cyst/Cyst- (1883).jpg,0,3,0.18257155734511402,0.20713321654867717,0.1835749646387466,0.4267202614674622
/content/drive/MyDrive/StoneSense-Training/processed_grouped/processed_grouped/test/Cyst/Cyst- (1884).jpg,0,3,0.17421336788173986,0.2184366580349346,0.1865832258613126,0.42076674822201293
/content/drive/MyDrive/StoneSense-Training/processed_grouped/processed_grouped/test/Cyst/Cyst- (1885).jpg,0,3,0.15357771730669356,0.2284515512279043,0.18134011423013094,0.4366306172352712
/content/drive/MyDrive/StoneSense-Training/processed_grouped/processed_grouped/test/Cyst/Cyst- (1886).jpg,0,3,0.14639056497910172,0.23372427216723515,0.2029332173513614,0.4169519455023017
/content/drive/MyDrive/StoneSense-Training/processed_grouped/processed_grouped/test/Cyst/Cyst- (1887).jpg,0,3,0.15169994614785515,0.22753642715333028,0.2656904142472967,0.35507321245151796
/content/drive/MyDrive/StoneSense-Training/processed_grouped/processed_grouped/test/Cyst/Cyst- (1888).jpg,0,3,0.1689806480873326,0.2555530993925248,0.24787034047086973,0.3275959120492729
/content/drive/MyDrive/StoneSense-Training/processed_grouped/processed_grouped/test/Cyst/Cyst- (1889).jpg,0,3,0.16644813289732763,0.2228449931753442,0.2418460707394283,0.36886080318789993
/content/drive/MyDrive/StoneSense-Training/processed_grouped/processed_grouped/test/Cyst/Cyst- (1890).jpg,0,3,0.1520242188058387,0.23459079498990326,0.2685556356227574,0.3448293505815006
/content/drive/MyDrive/StoneSense-Training/processed_grouped/processed_grouped/test/Cyst/Cyst- (1891).jpg,0,2,0.18434326961473116,0.1844378572461939,0.3227427346179488,0.3084761385211261
/content/drive/MyDrive/StoneSense-Training/processed_grouped/processed_grouped/test/Cyst/Cyst- (1892).jpg,0,3,0.205898177502196,0.171554126410283,0.26503350873427384,0.3575141873532473
/content/drive/MyDrive/StoneSense-Training/processed_grouped/processed_grouped/test/Cyst/Cyst- (1893).jpg,0,3,0.2571842056930863,0.11637198579871154,0.2632555265130531,0.36318828199514913
/content/drive/MyDrive/StoneSense-Training/processed_grouped/processed_grouped/test/Cyst/Cyst- (1894).jpg,0,3,0.2204863470024928,0.15081986749087553,0.24514928949684048,0.3835444960097911
/content/drive/MyDrive/StoneSense-Training/processed_grouped/processed_grouped/test/Cyst/Cyst- (1895).jpg,0,3,0.19521676200925941,0.13593121795572183,0.283389906606309,0.38546211342870984
/content/drive/MyDrive/StoneSense-Training/processed_grouped/processed_grouped/test/Cyst/Cyst- (1896).jpg,0,3,0.1625460875795776,0.21135854191141948,0.2664129422624707,0.35968242824653207
/content/drive/MyDrive/StoneSense-Training/processed_grouped/processed_grouped/test/Cyst/Cyst- (1897).jpg,0,3,0.1500985173178516,0.26007225929643807,0.2653673342200934,0.32446188916561697
/content/drive/MyDrive/StoneSense-Training/processed_grouped/processed_grouped/test/Cyst/Cyst- (1898).jpg,0,3,0.17621004411895516,0.23637938358813726,0.2877061287551653,0.2997044435377422
/content/drive/MyDrive/StoneSense-Training/processed_grouped/processed_grouped/test/Cyst/Cyst- (1899).jpg,0,2,0.1355431328608562,0.24009215186045316,0.33419548704609964,0.29016922823259106
/content/drive/MyDrive/StoneSense-Training/processed_grouped/processed_grouped/test/Cyst/Cyst- (1900).jpg,0,2,0.1050148750567645,0.264527951305696,0.32186109903986876,0.30859607459767063
/content/drive/MyDrive/StoneSense-Training/processed_grouped/processed_grouped/test/Cyst/Cyst- (1901).jpg,0,1,0.1851627708757321,0.29887932471743084,0.25520013767268157,0.26075776673415557
/content/drive/MyDrive/StoneSense-Training/processed_grouped/processed_grouped/test/Cyst/Cyst- (1902).jpg,0,1,0.2546610521020658,0.2873334331932654,0.21976929563219721,0.2382362190724717
/content/drive/MyDrive/StoneSense-Training/processed_grouped/processed_grouped/test/Cyst/Cyst- (1903).jpg,0,1,0.1661535250430368,0.3039107706747282,0.27649882328175346,0.2534368810004815
/content/drive/MyDrive/StoneSense-Training/processed_grouped/processed_grouped/test/Cyst/Cyst- (1904).jpg,0,1,0.08924463226991552,0.33914310290896327,0.3376520434476515,0.23396022137346972
/content/drive/MyDrive/StoneSense-Training/processed_grouped/processed_grouped/test/Cyst/Cyst- (1905).jpg,0,1,0.18097253485372905,0.31857575039844493,0.3108179860117803,0.18963372873604578
/content/drive/MyDrive/StoneSense-Training/processed_grouped/processed_grouped/test/Cyst/Cyst- (1906).jpg,0,2,0.13393346710129958,0.3197324486384898,0.3616010190220025,0.18473306523820812
/content/drive/MyDrive/StoneSense-Training/processed_grouped/processed_grouped/test/Cyst/Cyst- (1907).jpg,0,2,0.07670291100653963,0.32007382902431525,0.39130432253955777,0.21191893742958737
/content/drive/MyDrive/StoneSense-Training/processed_grouped/processed_grouped/test/Cyst/Cyst- (1908).jpg,0,2,0.09798482099667986,0.3230486807697539,0.385860265004106,0.19310623322946022
/content/drive/MyDrive/StoneSense-Training/processed_grouped/processed_grouped/test/Cyst/Cyst- (1909).jpg,0,2,0.11771728295859402,0.3070689152100304,0.3483758720545279,0.22683792977684755
/content/drive/MyDrive/StoneSense-Training/processed_grouped/processed_grouped/test/Cyst/Cyst- (1910).jpg,0,2,0.10441907823388458,0.30188264081052724,0.37808612526289614,0.215612155692692
/content/drive/MyDrive/StoneSense-Training/processed_grouped/processed_grouped/test/Cyst/Cyst- (1911).jpg,0,2,0.12848257500613708,0.31901757451586027,0.36454854909816936,0.18795130137983312
/content/drive/MyDrive/StoneSense-Training/processed_grouped/processed_grouped/test/Cyst/Cyst- (1912).jpg,0,2,0.09686373555054596,0.35701664073622913,0.37049879413046977,0.17562082958275532
/content/drive/MyDrive/StoneSense-Training/processed_grouped/processed_grouped/test/Cyst/Cyst- (1913).jpg,0,2,0.10751448888354216,0.34496435034176065,0.38389210670834867,0.16362905406634848
/content/drive/MyDrive/StoneSense-Training/processed_grouped/processed_grouped/test/Cyst/Cyst- (1914).jpg,0,2,0.08857659233329901,0.3457573789902398,0.39359524543176966,0.17207078324469158
/content/drive/MyDrive/StoneSense-Training/processed_grouped/processed_grouped/test/Cyst/Cyst- (1915).jpg,0,2,0.15940965722061426,0.31995504304504296,0.39874323778581716,0.12189206194852562
/content/drive/MyDrive/StoneSense-Training/processed_grouped/processed_grouped/test/Cyst/Cyst- (1916).jpg,0,2,0.13263356961422648,0.3265089500188514,0.3927983367060213,0.1480591436609008
/content/drive/MyDrive/StoneSense-Training/processed_grouped/processed_grouped/test/Cyst/Cyst- (1917).jpg,0,2,0.12395769799482487,0.31104577456617793,0.3632885060825216,0.20170802135647564
/content/drive/MyDrive/StoneSense-Training/processed_grouped/processed_grouped/test/Cyst/Cyst- (1918).jpg,0,2,0.14788562368943958,0.2689887551167029,0.4362224068081247,0.14690321438573284
/content/drive/MyDrive/StoneSense-Training/processed_grouped/processed_grouped/test/Cyst/Cyst- (1919).jpg,0,2,0.11538098565487541,0.27319386810802704,0.4171608049599562,0.19426434127714132
/content/drive/MyDrive/StoneSense-Training/processed_grouped/processed_grouped/test/Cyst/Cyst- (1920).jpg,0,2,0.127917456731627,0.26410365745608716,0.36369878130981076,0.24428010450247525
/content/drive/MyDrive/StoneSense-Training/processed_grouped/processed_grouped/test/Cyst/Cyst- (1921).jpg,0,2,0.20393404732405485,0.264339545097675,0.3782682629083731,0.15345814466989713
/content/drive/MyDrive/StoneSense-Training/processed_grouped/processed_grouped/test/Cyst/Cyst- (2).jpg,0,2,0.15702627346135328,0.2754834471722539,0.3572607941840128,0.21022948518238008
/content/drive/MyDrive/StoneSense-Training/processed_grouped/processed_grouped/test/Cyst/Cyst- (201).jpg,0,2,0.21605344028866422,0.14824566410508427,0.42907559686414004,0.20662529874211144
/content/drive/MyDrive/StoneSense-Training/processed_grouped/processed_grouped/test/Cyst/Cyst- (202).jpg,0,2,0.1312961111871267,0.1483802134086487,0.37185245903272346,0.34847121637150114
/content/drive/MyDrive/StoneSense-Training/processed_grouped/processed_grouped/test/Cyst/Cyst- (203).jpg,0,2,0.15951856003451872,0.1751694194155672,0.36163469168951384,0.30367732886040016
/content/drive/MyDrive/StoneSense-Training/processed_grouped/processed_grouped/test/Cyst/Cyst- (204).jpg,0,3,0.05383465518504363,0.29331820169996387,0.2563427268164455,0.396504416298547
/content/drive/MyDrive/StoneSense-Training/processed_grouped/processed_grouped/test/Cyst/Cyst- (2277).jpg,0,0,0.5185521725431116,0.10284179645187799,0.14754279109428867,0.23106323991072178
/content/drive/MyDrive/StoneSense-Training/processed_grouped/processed_grouped/test/Cyst/Cyst- (2278).jpg,0,0,0.4374954416674594,0.12454117116894572,0.18972341191538256,0.2482399752482123
/content/drive/MyDrive/StoneSense-Training/processed_grouped/processed_grouped/test/Cyst/Cyst- (2279).jpg,0,0,0.4773998645945855,0.12469111784045822,0.16746573245710106,0.23044328510785525
/content/drive/MyDrive/StoneSense-Training/processed_grouped/processed_grouped/test/Cyst/Cyst- (2280).jpg,0,0,0.3871979811188058,0.116943325510762,0.243972108839058,0.2518865845313741
/content/drive/MyDrive/StoneSense-Training/processed_grouped/processed_grouped/test/Cyst/Cyst- (2281).jpg,0,0,0.41240685710085706,0.1077453977067213,0.25508113482818295,0.22476661036423862
/content/drive/MyDrive/StoneSense-Training/processed_grouped/processed_grouped/test/Cyst/Cyst- (2282).jpg,0,0,0.4737595604161674,0.07711248795076459,0.2589130989190391,0.19021485271402896
/content/drive/MyDrive/StoneSense-Training/processed_grouped/processed_grouped/test/Cyst/Cyst- (2283).jpg,0,0,0.4370857155345322,0.08498428056371703,0.2649994351849494,0.21293056871680138
/content/drive/MyDrive/StoneSense-Training/processed_grouped/processed_grouped/test/Cyst/Cyst- (2284).jpg,0,0,0.37039426327932057,0.08740386725243982,0.32435064203460356,0.21785122743363594
/content/drive/MyDrive/StoneSense-Training/processed_grouped/processed_grouped/test/Cyst/Cyst- (2285).jpg,0,0,0.35552411693851227,0.08870402523095684,0.3383472891224911,0.2174245687080397
/content/drive/MyDrive/StoneSense-Training/processed_grouped/processed_grouped/test/Cyst/Cyst- (2286).jpg,0,2,0.2846736910125744,0.09676239173273948,0.3970769562354896,0.2214869610191966
/content/drive/MyDrive/StoneSense-Training/processed_grouped/processed_grouped/test/Cyst/Cyst- (2287).jpg,0,2,0.19505516170008858,0.10712848205721336,0.44908716570736756,0.24872919053533052
/content/drive/MyDrive/StoneSense-Training/processed_grouped/processed_grouped/test/Cyst/Cyst- (2424).jpg,0,0,0.34531806394450515,0.2076947583214635,0.3325670715459567,0.11442010618807452
/content/drive/MyDrive/StoneSense-Training/processed_grouped/processed_grouped/test/Cyst/Cyst- (2425).jpg,0,0,0.3075064511989127,0.23490259852088147,0.2973625711727854,0.16022837910742044
/content/drive/MyDrive/StoneSense-Training/processed_grouped/processed_grouped/test/Cyst/Cyst- (2426).jpg,0,0,0.336735321596476,0.21210384074242797,0.32725831388713117,0.12390252377396493
/content/drive/MyDrive/StoneSense-Training/processed_grouped/processed_grouped/test/Cyst/Cyst- (2427).jpg,0,0,0.3569521388048537,0.1734583727413139,0.33277800265275476,0.13681148580107774
/content/drive/MyDrive/StoneSense-Training/processed_grouped/processed_grouped/test/Cyst/Cyst- (2428).jpg,0,2,0.3533394485885299,0.14432944600228334,0.37368678695791185,0.12864431845127486
/content/drive/MyDrive/StoneSense-Training/processed_grouped/processed_grouped/test/Cyst/Cyst- (2429).jpg,0,2,0.317252550818244,0.1728899221695171,0.347670468453777,0.16218705855846205
/content/drive/MyDrive/StoneSense-Training/processed_grouped/processed_grouped/test/Cyst/Cyst- (2430).jpg,0,0,0.31580606642868303,0.17648670670595556,0.3055870132896281,0.2021202135757332
/content/drive/MyDrive/StoneSense-Training/processed_grouped/processed_grouped/test/Cyst/Cyst- (2431).jpg,0,0,0.339456497562759,0.14499832335698914,0.33912150957017295,0.17642366951007887
/content/drive/MyDrive/StoneSense-Training/processed_grouped/processed_grouped/test/Cyst/Cyst- (2432).jpg,0,0,0.336661805115354,0.18625465798523752,0.24538840904576797,0.2316951278536404
/content/drive/MyDrive/StoneSense-Training/processed_grouped/processed_grouped/test/Cyst/Cyst- (255).jpg,0,2,0.2415479271183249,0.14783986851896283,0.44658939638019823,0.1640228079825141
/content/drive/MyDrive/StoneSense-Training/processed_grouped/processed_grouped/test/Cyst/Cyst- (256).jpg,0,2,0.2226488526524645,0.19061311349914875,0.39007362028808495,0.19666441356030182
/content/drive/MyDrive/StoneSense-Training/processed_grouped/processed_grouped/test/Cyst/Cyst- (257).jpg,0,2,0.2726641597541622,0.1897739851525612,0.3133898923041388,0.2241719627891378
/content/drive/MyDrive/StoneSense-Training/processed_grouped/processed_grouped/test/Cyst/Cyst- (2571).jpg,0,3,0.23046897861498378,0.14026656602228732,0.26277647375062557,0.3664879816121033
/content/drive/MyDrive/StoneSense-Training/processed_grouped/processed_grouped/test/Cyst/Cyst- (2572).jpg,0,2,0.17441454898916295,0.15606032558014804,0.3538228672135393,0.31570225821714964
/content/drive/MyDrive/StoneSense-Training/processed_grouped/processed_grouped/test/Cyst/Cyst- (2573).jpg,0,2,0.20388477648359815,0.17595991838465605,0.3359819614599319,0.284173343671814
/content/drive/MyDrive/StoneSense-Training/processed_grouped/processed_grouped/test/Cyst/Cyst- (2574).jpg,0,2,0.20857878588278778,0.15845471420235685,0.32357266382828054,0.309393836086575
/content/drive/MyDrive/StoneSense-Training/processed_grouped/processed_grouped/test/Cyst/Cyst- (2575).jpg,0,3,0.1457987102142722,0.06277439665220397,0.34451271167169295,0.44691418146183076
/content/drive/MyDrive/StoneSense-Training/processed_grouped/processed_grouped/test/Cyst/Cyst- (2576).jpg,0,3,0.15231713689338205,0.04618693227638406,0.29473842792763416,0.5067575029025997
/content/drive/MyDrive/StoneSense-Training/processed_grouped/processed_grouped/test/Cyst/Cyst- (2577).jpg,0,3,0.13557991162371624,0.0497560949752317,0.19535564285963522,0.6193083505414169
/content/drive/MyDrive/StoneSense-Training/processed_grouped/processed_grouped/test/Cyst/Cyst- (2578).jpg,0,3,0.11413354307166297,0.15011648039541786,0.08286455963711023,0.6528854168958088
/content/drive/MyDrive/StoneSense-Training/processed_grouped/processed_grouped/test/Cyst/Cyst- (2579).jpg,0,3,0.08282054082642926,0.14511224424161534,0.09135678566365717,0.6807104292682984
/content/drive/MyDrive/StoneSense-Training/processed_grouped/processed_grouped/test/Cyst/Cyst- (258).jpg,0,0,0.39886103471291523,0.16941185473584125,0.22733926878710364,0.20438784176413988
/content/drive/MyDrive/StoneSense-Training/processed_grouped/processed_grouped/test/Cyst/Cyst- (2580).jpg,0,3,0.08796019955856893,0.10051699396376583,0.11217947819623586,0.6993433282814293
/content/drive/MyDrive/StoneSense-Training/processed_grouped/processed_grouped/test/Cyst/Cyst- (2581).jpg,0,3,0.10592273261478816,0.08716732246782852,0.08500716280219255,0.7219027821151908
/content/drive/MyDrive/StoneSense-Training/processed_grouped/processed_grouped/test/Cyst/Cyst- (2582).jpg,0,3,0.08247246665231767,0.1461687133602463,0.06669427101605636,0.7046645489713798
/content/drive/MyDrive/StoneSense-Training/processed_grouped/processed_grouped/test/Cyst/Cyst- (259).jpg,0,0,0.4089803464142846,0.17749968508593378,0.18736633711972348,0.22615363138005815
/content/drive/MyDrive/StoneSense-Training/processed_grouped/processed_grouped/test/Cyst/Cyst- (2595).jpg,0,3,0.10776628628323998,0.07381737325943664,0.09343499548343435,0.7249813449738891
/content/drive/MyDrive/StoneSense-Training/processed_grouped/processed_grouped/test/Cyst/Cyst- (260).jpg,0,0,0.5041917351478733,0.18058465408338029,0.082167640591889,0.23305597017685742
/content/drive/MyDrive/StoneSense-Training/processed_grouped/processed_grouped/test/Cyst/Cyst- (261).jpg,0,0,0.41469281748806636,0.15274520829920468,0.11653411022516763,0.3160278639875614
/content/drive/MyDrive/StoneSense-Training/processed_grouped/processed_grouped/test/Cyst/Cyst- (262).jpg,0,0,0.35570329884945634,0.14893213691191334,0.1980691642456844,0.29729539999294574
/content/drive/MyDrive/StoneSense-Training/processed_grouped/processed_grouped/test/Cyst/Cyst- (2657).jpg,0,2,0.325499348793881,0.031106759218066923,0.4589612978168906,0.18443259417116162
/content/drive/MyDrive/StoneSense-Training/processed_grouped/processed_grouped/test/Cyst/Cyst- (2658).jpg,0,2,0.38248389995539167,0.034105522689573974,0.4568503772386747,0.12656020011635963
/content/drive/MyDrive/StoneSense-Training/processed_grouped/processed_grouped/test/Cyst/Cyst- (2659).jpg,0,2,0.3583849229125042,0.02663428071216211,0.44255486874401295,0.17242592763132084
/content/drive/MyDrive/StoneSense-Training/processed_grouped/processed_grouped/test/Cyst/Cyst- (2660).jpg,0,0,0.44298819818862806,0.04861607642990674,0.4011531386166803,0.10724258676478478
/content/drive/MyDrive/StoneSense-Training/processed_grouped/processed_grouped/test/Cyst/Cyst- (2661).jpg,0,2,0.4093295866312148,0.03138443612770951,0.44470361441988837,0.11458236282118728
/content/drive/MyDrive/StoneSense-Training/processed_grouped/processed_grouped/test/Cyst/Cyst- (2735).jpg,0,0,0.6903191473373758,0.13115197034858794,0.010499085783384335,0.16802979653065184
/content/drive/MyDrive/StoneSense-Training/processed_grouped/processed_grouped/test/Cyst/Cyst- (2736).jpg,0,0,0.5799440760208081,0.15638239668269027,0.039340051210636995,0.2243334760858646
/content/drive/MyDrive/StoneSense-Training/processed_grouped/processed_grouped/test/Cyst/Cyst- (2737).jpg,0,0,0.6483820523754179,0.14324107705079717,0.03546901497632761,0.17290785559745725
/content/drive/MyDrive/StoneSense-Training/processed_grouped/processed_grouped/test/Cyst/Cyst- (2738).jpg,0,0,0.5884948521830656,0.13464355747749746,0.06284898949529753,0.21401260084413928
/content/drive/MyDrive/StoneSense-Training/processed_grouped/processed_grouped/test/Cyst/Cyst- (2739).jpg,0,0,0.6050519321415847,0.1452875355943537,0.06541650082241231,0.18424403144164928
/content/drive/MyDrive/StoneSense-Training/processed_grouped/processed_grouped/test/Cyst/Cyst- (2740).jpg,0,0,0.5702611048542741,0.13825447721673775,0.06791568073511081,0.22356873719387754
/content/drive/MyDrive/StoneSense-Training/processed_grouped/processed_grouped/test/Cyst/Cyst- (2925).jpg,0,1,0.09967805317194034,0.42950338162124413,0.3027560095690291,0.16806255563778638
/content/drive/MyDrive/StoneSense-Training/processed_grouped/processed_grouped/test/Cyst/Cyst- (2926).jpg,0,1,0.08828676097423493,0.41395718035508816,0.3314663403511887,0.16628971831948805
/content/drive/MyDrive/StoneSense-Training/processed_grouped/processed_grouped/test/Cyst/Cyst- (2927).jpg,0,1,0.09313422141784153,0.41947160175674303,0.35346888783534547,0.13392528899007
/content/drive/MyDrive/StoneSense-Training/processed_grouped/processed_grouped/test/Cyst/Cyst- (2928).jpg,0,2,0.047522244698014235,0.361088015443524,0.4545564893376848,0.13683325052077702
/content/drive/MyDrive/StoneSense-Training/processed_grouped/processed_grouped/test/Cyst/Cyst- (2929).jpg,0,2,0.04126931883000829,0.31422319925164344,0.5101545470284303,0.13435293488991804
/content/drive/MyDrive/StoneSense-Training/processed_grouped/processed_grouped/test/Cyst/Cyst- (2930).jpg,0,1,0.06292467988903074,0.5006273993955777,0.34196866195967995,0.09447925875571167
/content/drive/MyDrive/StoneSense-Training/processed_grouped/processed_grouped/test/Cyst/Cyst- (2931).jpg,0,1,0.07710575904885275,0.468613079913042,0.3579557525453149,0.09632540849279037
/content/drive/MyDrive/StoneSense-Training/processed_grouped/processed_grouped/test/Cyst/Cyst- (2932).jpg,0,2,0.06621086002739533,0.41292243246192223,0.43498520406774405,0.08588150344293849
/content/drive/MyDrive/StoneSense-Training/processed_grouped/processed_grouped/test/Cyst/Cyst- (2933).jpg,0,2,0.10016144711384727,0.4025700958344554,0.41216296524051643,0.08510549181118088
/content/drive/MyDrive/StoneSense-Training/processed_grouped/processed_grouped/test/Cyst/Cyst- (2934).jpg,0,1,0.1230755626559372,0.40181903958498405,0.3869817468739129,0.08812365088516587
/content/drive/MyDrive/StoneSense-Training/processed_grouped/processed_grouped/test/Cyst/Cyst- (2935).jpg,0,1,0.08147443521493304,0.4321312457907282,0.3536356794346752,0.13275863955966344
/content/drive/MyDrive/StoneSense-Training/processed_grouped/processed_grouped/test/Cyst/Cyst- (2938).jpg,0,2,0.06605895418516494,0.2477876649263363,0.3838954787317914,0.3022579021567073
/content/drive/MyDrive/StoneSense-Training/processed_grouped/processed_grouped/test/Cyst/Cyst- (2939).jpg,0,2,0.04530808600213156,0.2742171199419051,0.4903651751504288,0.19010961890553457
/content/drive/MyDrive/StoneSense-Training/processed_grouped/processed_grouped/test/Cyst/Cyst- (2940).jpg,0,2,0.0545252517830789,0.23181106579709176,0.513402441847538,0.20026124057229125
/content/drive/MyDrive/StoneSense-Training/processed_grouped/processed_grouped/test/Cyst/Cyst- (2941).jpg,0,2,0.058949894656553314,0.2470269583966119,0.46705078136907024,0.22697236557776457
/content/drive/MyDrive/StoneSense-Training/processed_grouped/processed_grouped/test/Cyst/Cyst- (2942).jpg,0,2,0.044573784822140514,0.3223136806561843,0.42250128271849235,0.2106112518031828
/content/drive/MyDrive/StoneSense-Training/processed_grouped/processed_grouped/test/Cyst/Cyst- (2943).jpg,0,2,0.055772675444824955,0.31579267373537917,0.4065927615224315,0.22184188929736445
/content/drive/MyDrive/StoneSense-Training/processed_grouped/processed_grouped/test/Cyst/Cyst- (2944).jpg,0,2,0.06822598141425586,0.2484964299072656,0.4377769083208537,0.2455006803576249
/content/drive/MyDrive/StoneSense-Training/processed_grouped/processed_grouped/test/Cyst/Cyst- (2945).jpg,0,2,0.06992833984138838,0.2488265080959623,0.482513344480656,0.19873180758199313
/content/drive/MyDrive/StoneSense-Training/processed_grouped/processed_grouped/test/Cyst/Cyst- (2946).jpg,0,2,0.08353655344269484,0.22475082164344723,0.5258369694039011,0.16587565550995678
/content/drive/MyDrive/StoneSense-Training/processed_grouped/processed_grouped/test/Cyst/Cyst- (2947).jpg,0,2,0.05198425572091503,0.2826532237886069,0.4772126386862735,0.1881498818042046
/content/drive/MyDrive/StoneSense-Training/processed_grouped/processed_grouped/test/Cyst/Cyst- (2948).jpg,0,2,0.09426412059282457,0.16076583478343107,0.5440580527149087,0.20091199190883566
/content/drive/MyDrive/StoneSense-Training/processed_grouped/processed_grouped/test/Cyst/Cyst- (2949).jpg,0,2,0.11377624943880849,0.13377583178418648,0.5368248773065007,0.21562304147050432
/content/drive/MyDrive/StoneSense-Training/processed_grouped/processed_grouped/test/Cyst/Cyst- (2950).jpg,0,2,0.09775229969566733,0.17445302439367372,0.4515246285578184,0.2762700473528405
/content/drive/MyDrive/StoneSense-Training/processed_grouped/processed_grouped/test/Cyst/Cyst- (2951).jpg,0,2,0.10187964638237687,0.15708475447733175,0.44829896488758986,0.2927366342527016
/content/drive/MyDrive/StoneSense-Training/processed_grouped/processed_grouped/test/Cyst/Cyst- (2952).jpg,0,2,0.14314230371990536,0.1480939594686861,0.3896506706918281,0.3191130661195805
/content/drive/MyDrive/StoneSense-Training/processed_grouped/processed_grouped/test/Cyst/Cyst- (2953).jpg,0,2,0.14588236498593618,0.15088638391523915,0.35992568357527843,0.34330556752354624
/content/drive/MyDrive/StoneSense-Training/processed_grouped/processed_grouped/test/Cyst/Cyst- (3).jpg,0,2,0.13215002520542957,0.21792098969214904,0.4028682529002099,0.2470607322022115
/content/drive/MyDrive/StoneSense-Training/processed_grouped/processed_grouped/test/Cyst/Cyst- (3154).jpg,0,2,0.0836793765779757,0.1690320355880444,0.6448550953053243,0.1024334925286557
/content/drive/MyDrive/StoneSense-Training/processed_grouped/processed_grouped/test/Cyst/Cyst- (3155).jpg,0,2,0.08199037663016373,0.2040484945047552,0.6215835516727805,0.09237757719230077
/content/drive/MyDrive/StoneSense-Training/processed_grouped/processed_grouped/test/Cyst/Cyst- (3185).jpg,0,3,0.18370751851187975,0.2532164136075139,0.27782030085809395,0.2852557670225124
/content/drive/MyDrive/StoneSense-Training/processed_grouped/processed_grouped/test/Cyst/Cyst- (3186).jpg,0,2,0.15673151905682545,0.2795203795355445,0.29976127440683864,0.2639868270007914
/content/drive/MyDrive/StoneSense-Training/processed_grouped/processed_grouped/test/Cyst/Cyst- (3187).jpg,0,3,0.20574767928078722,0.27352712441941557,0.19086267383432892,0.3298625224654682
/content/drive/MyDrive/StoneSense-Training/processed_grouped/processed_grouped/test/Cyst/Cyst- (3188).jpg,0,2,0.23881957755221808,0.22088643034897315,0.31586558462473213,0.22442840747407664
/content/drive/MyDrive/StoneSense-Training/processed_grouped/processed_grouped/test/Cyst/Cyst- (3189).jpg,0,2,0.20960145199111205,0.24941377406530035,0.28839215946174573,0.25259261448184184
/content/drive/MyDrive/StoneSense-Training/processed_grouped/processed_grouped/test/Cyst/Cyst- (3190).jpg,0,3,0.19765542597104555,0.2541089572033798,0.21348693128690907,0.33474868553866555
/content/drive/MyDrive/StoneSense-Training/processed_grouped/processed_grouped/test/Cyst/Cyst- (3191).jpg,0,3,0.25713548508844963,0.2158672077426006,0.21408701080335785,0.312910296365592
/content/drive/MyDrive/StoneSense-Training/processed_grouped/processed_grouped/test/Cyst/Cyst- (3192).jpg,0,0,0.4316834437093883,0.09979677331542748,0.2516864491393416,0.21683333383584258
/content/drive/MyDrive/StoneSense-Training/processed_grouped/processed_grouped/test/Cyst/Cyst- (3193).jpg,0,0,0.40689763014788966,0.08122174074298384,0.12625076793641538,0.3856298611727111
/content/drive/MyDrive/StoneSense-Training/processed_grouped/processed_grouped/test/Cyst/Cyst- (3194).jpg,0,0,0.40620721921456765,0.07858668802403782,0.12891757504230214,0.38628851771909234
/content/drive/MyDrive/StoneSense-Training/processed_grouped/processed_grouped/test/Cyst/Cyst- (3195).jpg,0,3,0.2706183984133574,0.12403466350287591,0.23891110122585585,0.366435836857911
/content/drive/MyDrive/StoneSense-Training/processed_grouped/processed_grouped/test/Cyst/Cyst- (3196).jpg,0,3,0.24744161333457815,0.17728294596778166,0.2510092349439631,0.3242662057536771
/content/drive/MyDrive/StoneSense-Training/processed_grouped/processed_grouped/test/Cyst/Cyst- (3197).jpg,0,1,0.16835428092640153,0.39446203531959845,0.1349766653255802,0.30220701842841974
/content/drive/MyDrive/StoneSense-Training/processed_grouped/processed_grouped/test/Cyst/Cyst- (3198).jpg,0,3,0.21518602829211864,0.332176271409777,0.08534034771180218,0.36729735258630214
/content/drive/MyDrive/StoneSense-Training/processed_grouped/processed_grouped/test/Cyst/Cyst- (3199).jpg,0,3,0.24251978857407863,0.2366935756787099,0.12828706724064756,0.3924995685065638
/content/drive/MyDrive/StoneSense-Training/processed_grouped/processed_grouped/test/Cyst/Cyst- (3200).jpg,0,3,0.265403107578737,0.2189753695883661,0.1342127368714984,0.3814087859613984
/content/drive/MyDrive/StoneSense-Training/processed_grouped/processed_grouped/test/Cyst/Cyst- (3201).jpg,0,3,0.2121338399335721,0.24078537424864427,0.05872035162690157,0.48836043419088204
/content/drive/MyDrive/StoneSense-Training/processed_grouped/processed_grouped/test/Cyst/Cyst- (3202).jpg,0,3,0.23873078535282022,0.2143278210450886,0.0560902307678707,0.4908511628342204
/content/drive/MyDrive/StoneSense-Training/processed_grouped/processed_grouped/test/Cyst/Cyst- (3203).jpg,0,3,0.1622420962116904,0.2804473134474635,0.016297496605084876,0.5410130937357612
/content/drive/MyDrive/StoneSense-Training/processed_grouped/processed_grouped/test/Cyst/Cyst- (3204).jpg,0,3,0.23274419974489363,0.25262477384733245,0.020057322957840473,0.4945737034499335
/content/drive/MyDrive/StoneSense-Training/processed_grouped/processed_grouped/test/Cyst/Cyst- (3205).jpg,0,3,0.25340335793337243,0.25073098891608914,0.0240485750134634,0.471817078137075
/content/drive/MyDrive/StoneSense-Training/processed_grouped/processed_grouped/test/Cyst/Cyst- (3206).jpg,0,3,0.14726445162036778,0.38880382319678175,0.03535424341387374,0.4285774817689767
/content/drive/MyDrive/StoneSense-Training/processed_grouped/processed_grouped/test/Cyst/Cyst- (324).jpg,0,2,0.1817385338333167,0.21376261154157616,0.4939146891923962,0.11058416543271089
/content/drive/MyDrive/StoneSense-Training/processed_grouped/processed_grouped/test/Cyst/Cyst- (325).jpg,0,2,0.21395344081044357,0.1665307813171739,0.5140964157085223,0.10541936216386036
/content/drive/MyDrive/StoneSense-Training/processed_grouped/processed_grouped/test/Cyst/Cyst- (3251).jpg,0,0,0.8726136865350179,0.020136719607894822,0.06669967641959705,0.040549917437490327
/content/drive/MyDrive/StoneSense-Training/processed_grouped/processed_grouped/test/Cyst/Cyst- (3252).jpg,0,0,0.851639688659414,0.018305778700480526,0.09129406466955164,0.038760467970553984
/content/drive/MyDrive/StoneSense-Training/processed_grouped/processed_grouped/test/Cyst/Cyst- (3253).jpg,0,0,0.8530670025237599,0.037657734854559685,0.04636910462204142,0.06290615799963917
/content/drive/MyDrive/StoneSense-Training/processed_grouped/processed_grouped/test/Cyst/Cyst- (3254).jpg,0,0,0.7508048773494627,0.08788537415593393,0.040592661036763754,0.12071708745783973
/content/drive/MyDrive/StoneSense-Training/processed_grouped/processed_grouped/test/Cyst/Cyst- (3255).jpg,0,0,0.7684487187770328,0.11425289018476589,0.03378652784347979,0.08351186319472159
/content/drive/MyDrive/StoneSense-Training/processed_grouped/processed_grouped/test/Cyst/Cyst- (3256).jpg,0,0,0.7847557818964882,0.11535533919091294,0.04879112593521726,0.05109775297738155
/content/drive/MyDrive/StoneSense-Training/processed_grouped/processed_grouped/test/Cyst/Cyst- (3257).jpg,0,0,0.7521149940405806,0.15427983874803666,0.05190457360620918,0.04170059360517354
/content/drive/MyDrive/StoneSense-Training/processed_grouped/processed_grouped/test/Cyst/Cyst- (3258).jpg,0,0,0.7523996712834182,0.11090736720876482,0.08536275428963576,0.051330207218181254
/content/drive/MyDrive/StoneSense-Training/processed_grouped/processed_grouped/test/Cyst/Cyst- (3259).jpg,0,0,0.815281701063751,0.07747902185353453,0.044696903578351696,0.06254237350436284
/content/drive/MyDrive/StoneSense-Training/processed_grouped/processed_grouped/test/Cyst/Cyst- (326).jpg,0,2,0.27929564778790744,0.14461709763990985,0.4644577496542832,0.11162950491789951
/content/drive/MyDrive/StoneSense-Training/processed_grouped/processed_grouped/test/Cyst/Cyst- (3260).jpg,0,0,0.7308947983766828,0.11435166858918609,0.06590413383396826,0.08884939920016287
/content/drive/MyDrive/StoneSense-Training/processed_grouped/processed_grouped/test/Cyst/Cyst- (3261).jpg,0,0,0.6889292067312751,0.12195529412713621,0.0870570847454578,0.10205841439613095
/content/drive/MyDrive/StoneSense-Training/processed_grouped/processed_grouped/test/Cyst/Cyst- (3262).jpg,0,0,0.7116362414769564,0.146445929524064,0.07701344673219132,0.06490438226678838
/content/drive/MyDrive/StoneSense-Training/processed_grouped/processed_grouped/test/Cyst/Cyst- (3263).jpg,0,0,0.7087096919701511,0.1414453783175514,0.08127483255171221,0.06857009716058532
/content/drive/MyDrive/StoneSense-Training/processed_grouped/processed_grouped/test/Cyst/Cyst- (3264).jpg,0,0,0.6481500589732602,0.12540331562286097,0.10480509969407709,0.12164152570980184
/content/drive/MyDrive/StoneSense-Training/processed_grouped/processed_grouped/test/Cyst/Cyst- (3265).jpg,0,0,0.6149417768317824,0.08798064299077663,0.190972944471609,0.10610463570583217
/content/drive/MyDrive/StoneSense-Training/processed_grouped/processed_grouped/test/Cyst/Cyst- (3266).jpg,0,0,0.4863827041101191,0.16670742705973965,0.2528870746405871,0.09402279418955413
/content/drive/MyDrive/StoneSense-Training/processed_grouped/processed_grouped/test/Cyst/Cyst- (3267).jpg,0,0,0.4102755881274545,0.18682614069691514,0.29908426057836585,0.1038140105972645
/content/drive/MyDrive/StoneSense-Training/processed_grouped/processed_grouped/test/Cyst/Cyst- (327).jpg,0,2,0.2654083504330366,0.13534096303547252,0.4480225454519831,0.1512281410795077
/content/drive/MyDrive/StoneSense-Training/processed_grouped/processed_grouped/test/Cyst/Cyst- (3271).jpg,0,3,0.3166062105219855,0.11670989248950714,0.16356032443866297,0.4031235725498443
/content/drive/MyDrive/StoneSense-Training/processed_grouped/processed_grouped/test/Cyst/Cyst- (3272).jpg,0,3,0.21671063627413426,0.24646143298466736,0.1917979460137936,0.34502998472740465
/content/drive/MyDrive/StoneSense-Training/processed_grouped/processed_grouped/test/Cyst/Cyst- (3375).jpg,0,0,0.4587761095204885,0.3111649394297201,0.11674578463794189,0.11331316641184948
/content/drive/MyDrive/StoneSense-Training/processed_grouped/processed_grouped/test/Cyst/Cyst- (3376).jpg,0,0,0.5127040843137078,0.31915234068695414,0.06578492523196065,0.1023586497673775
/content/drive/MyDrive/StoneSense-Training/processed_grouped/processed_grouped/test/Cyst/Cyst- (3377).jpg,0,0,0.5377790589748226,0.3243583907809641,0.03814567050565052,0.0997168797385626
/content/drive/MyDrive/StoneSense-Training/processed_grouped/processed_grouped/test/Cyst/Cyst- (3378).jpg,0,0,0.5051632248263509,0.3210810949340371,0.06354176640831491,0.11021391383129708
/content/drive/MyDrive/StoneSense-Training/processed_grouped/processed_grouped/test/Cyst/Cyst- (3379).jpg,0,0,0.4909120587136158,0.31303013408913644,0.06898346099785846,0.12707434619938934
/content/drive/MyDrive/StoneSense-Training/processed_grouped/processed_grouped/test/Cyst/Cyst- (3396).jpg,0,3,0.26337385142642006,0.18327699134206887,0.26972717221222337,0.28362198501928776
/content/drive/MyDrive/StoneSense-Training/processed_grouped/processed_grouped/test/Cyst/Cyst- (3397).jpg,0,3,0.2495640978234171,0.17035363455852393,0.2844864238016907,0.29559584381636816
/content/drive/MyDrive/StoneSense-Training/processed_grouped/processed_grouped/test/Cyst/Cyst- (3398).jpg,0,3,0.2619685001336483,0.1779681095236509,0.263892173713086,0.2961712166296148
/content/drive/MyDrive/StoneSense-Training/processed_grouped/processed_grouped/test/Cyst/Cyst- (3399).jpg,0,0,0.30732553101164034,0.16284377176262416,0.23059041776279138,0.2992402794629441
/content/drive/MyDrive/StoneSense-Training/processed_grouped/processed_grouped/test/Cyst/Cyst- (3400).jpg,0,0,0.35850473712108183,0.1394191692965539,0.2250847749505223,0.2769913186318421
/content/drive/MyDrive/StoneSense-Training/processed_grouped/processed_grouped/test/Cyst/Cyst- (3401).jpg,0,3,0.27355696214918923,0.14630597788212218,0.27452769437857394,0.30560936559011465
/content/drive/MyDrive/StoneSense-Training/processed_grouped/processed_grouped/test/Cyst/Cyst- (3402).jpg,0,2,0.2757372590831053,0.10291871889767117,0.3389178031598499,0.2824262188593736
/content/drive/MyDrive/StoneSense-Training/processed_grouped/processed_grouped/test/Cyst/Cyst- (3406).jpg,0,0,0.5092649230961508,0.08772153836078078,0.25431114994573767,0.14870238859733087
/content/drive/MyDrive/StoneSense-Training/processed_grouped/processed_grouped/test/Cyst/Cyst- (3407).jpg,0,0,0.4814381890577246,0.0962228939164244,0.27596222944196847,0.14637668758388245
/content/drive/MyDrive/StoneSense-Training/processed_grouped/processed_grouped/test/Cyst/Cyst- (3408).jpg,0,0,0.5957317382485359,0.06386532601743368,0.2142826529492014,0.12612028278482895
/content/drive/MyDrive/StoneSense-Training/processed_grouped/processed_grouped/test/Cyst/Cyst- (3409).jpg,0,0,0.5854987858263856,0.06576087691642725,0.18825742722597677,0.16048291003121026
/content/drive/MyDrive/StoneSense-Training/processed_grouped/processed_grouped/test/Cyst/Cyst- (3410).jpg,0,0,0.5099951080758316,0.07653953815754318,0.25000720992767717,0.1634581438389482
/content/drive/MyDrive/StoneSense-Training/processed_grouped/processed_grouped/test/Cyst/Cyst- (3420).jpg,0,0,0.5092649230961508,0.08772153836078078,0.25431114994573767,0.14870238859733087
/content/drive/MyDrive/StoneSense-Training/processed_grouped/processed_grouped/test/Cyst/Cyst- (3421).jpg,0,0,0.4814381890577246,0.0962228939164244,0.27596222944196847,0.14637668758388245
/content/drive/MyDrive/StoneSense-Training/processed_grouped/processed_grouped/test/Cyst/Cyst- (3422).jpg,0,0,0.5957317382485359,0.06386532601743368,0.2142826529492014,0.12612028278482895
/content/drive/MyDrive/StoneSense-Training/processed_grouped/processed_grouped/test/Cyst/Cyst- (3423).jpg,0,0,0.5854987858263856,0.06576087691642725,0.18825742722597677,0.16048291003121026
/content/drive/MyDrive/StoneSense-Training/processed_grouped/processed_grouped/test/Cyst/Cyst- (3424).jpg,0,0,0.5099951080758316,0.07653953815754318,0.25000720992767717,0.1634581438389482
/content/drive/MyDrive/StoneSense-Training/processed_grouped/processed_grouped/test/Cyst/Cyst- (3484).jpg,0,3,0.2712820844921938,0.05394807673294732,0.24321084914603505,0.4315589896288237
/content/drive/MyDrive/StoneSense-Training/processed_grouped/processed_grouped/test/Cyst/Cyst- (3485).jpg,0,3,0.11128613183452417,0.11715375078861849,0.25775299269716695,0.5138071246796904
/content/drive/MyDrive/StoneSense-Training/processed_grouped/processed_grouped/test/Cyst/Cyst- (3486).jpg,0,3,0.10449686606618497,0.16428113202193642,0.20261458176686942,0.5286074201450092
/content/drive/MyDrive/StoneSense-Training/processed_grouped/processed_grouped/test/Cyst/Cyst- (3602).jpg,0,0,0.3891804954617897,0.15296217547089858,0.22697224981392694,0.23088507925338492
/content/drive/MyDrive/StoneSense-Training/processed_grouped/processed_grouped/test/Cyst/Cyst- (3703).jpg,0,3,0.15963528110014555,0.13241227839503797,0.29069673012702824,0.41725571037778836
/content/drive/MyDrive/StoneSense-Training/processed_grouped/processed_grouped/test/Cyst/Cyst- (3704).jpg,0,3,0.18635552391055793,0.1456398060285089,0.25720802937427956,0.4107966406866536
/content/drive/MyDrive/StoneSense-Training/processed_grouped/processed_grouped/test/Cyst/Cyst- (3705).jpg,0,3,0.18830664692832375,0.16627914857336537,0.250861882919427,0.3945523215788839
/content/drive/MyDrive/StoneSense-Training/processed_grouped/processed_grouped/test/Cyst/Cyst- (3706).jpg,0,3,0.17473763774144635,0.18050043690276066,0.2644684587447056,0.38029346661108737
/content/drive/MyDrive/StoneSense-Training/processed_grouped/processed_grouped/test/Cyst/Cyst- (3707).jpg,0,3,0.20656260186969672,0.155884096578744,0.284642894228737,0.35291040732282236
/content/drive/MyDrive/StoneSense-Training/processed_grouped/processed_grouped/test/Cyst/Cyst- (3708).jpg,0,3,0.2097587710538467,0.2219407159185009,0.2784719658896655,0.2898285471379869
/content/drive/MyDrive/StoneSense-Training/processed_grouped/processed_grouped/test/Cyst/Cyst- (3709).jpg,0,0,0.34125787498457844,0.16056907661060243,0.22757062751619855,0.27060242088862063
/content/drive/MyDrive/StoneSense-Training/processed_grouped/processed_grouped/test/Cyst/Cyst- (4).jpg,0,2,0.22002031039751166,0.24493836482857279,0.3452393285341692,0.1898019962397464
/content/drive/MyDrive/StoneSense-Training/processed_grouped/processed_grouped/test/Cyst/Cyst- (488).jpg,0,2,0.13218337041725994,0.13201124120069604,0.5125791093497477,0.22322627903229625
/content/drive/MyDrive/StoneSense-Training/processed_grouped/processed_grouped/test/Cyst/Cyst- (489).jpg,0,2,0.22312838978328592,0.1092554491660494,0.38061586893829324,0.28700029211237144
/content/drive/MyDrive/StoneSense-Training/processed_grouped/processed_grouped/test/Cyst/Cyst- (490).jpg,0,2,0.23100452450837847,0.10755666848022778,0.39944208533451825,0.2619967216768755
/content/drive/MyDrive/StoneSense-Training/processed_grouped/processed_grouped/test/Cyst/Cyst- (491).jpg,0,2,0.23590486888367862,0.10009971621502013,0.42340843011523227,0.240586984786069
/content/drive/MyDrive/StoneSense-Training/processed_grouped/processed_grouped/test/Cyst/Cyst- (492).jpg,0,2,0.26593222945874495,0.10153711732934997,0.4216063078241813,0.21092434538772387
/content/drive/MyDrive/StoneSense-Training/processed_grouped/processed_grouped/test/Cyst/Cyst- (493).jpg,0,0,0.37384698074045414,0.08140113193060643,0.3734336239234342,0.17131826340550527
/content/drive/MyDrive/StoneSense-Training/processed_grouped/processed_grouped/test/Cyst/Cyst- (494).jpg,0,0,0.4075607804029461,0.07825076110963886,0.3376567485198002,0.17653170996761483
/content/drive/MyDrive/StoneSense-Training/processed_grouped/processed_grouped/test/Cyst/Cyst- (495).jpg,0,0,0.46402321954765763,0.07611256026489553,0.31564097908446376,0.14422324110298299
/content/drive/MyDrive/StoneSense-Training/processed_grouped/processed_grouped/test/Cyst/Cyst- (496).jpg,0,0,0.5430576791306213,0.0627145800847016,0.2770682996717298,0.11715944111294738
/content/drive/MyDrive/StoneSense-Training/processed_grouped/processed_grouped/test/Cyst/Cyst- (497).jpg,0,0,0.4014859913425408,0.10068212847654702,0.32854453066987815,0.16928734951103397
/content/drive/MyDrive/StoneSense-Training/processed_grouped/processed_grouped/test/Cyst/Cyst- (498).jpg,0,0,0.39071969433206594,0.08554696630112901,0.38476902023431503,0.13896431913249016
/content/drive/MyDrive/StoneSense-Training/processed_grouped/processed_grouped/test/Cyst/Cyst- (499).jpg,0,2,0.23351977012369135,0.18955953377484744,0.4796789615318546,0.09724173456960646
/content/drive/MyDrive/StoneSense-Training/processed_grouped/processed_grouped/test/Cyst/Cyst- (5).jpg,0,2,0.29759571310440186,0.22146638548465447,0.3159201874917417,0.165017713919202
/content/drive/MyDrive/StoneSense-Training/processed_grouped/processed_grouped/test/Cyst/Cyst- (500).jpg,0,0,0.4705404016467055,0.10799537767378718,0.32533832687387876,0.09612589380562854
/content/drive/MyDrive/StoneSense-Training/processed_grouped/processed_grouped/test/Cyst/Cyst- (501).jpg,0,0,0.5377188522888701,0.14175149474758872,0.23560818339505743,0.08492146956848386
/content/drive/MyDrive/StoneSense-Training/processed_grouped/processed_grouped/test/Cyst/Cyst- (502).jpg,0,0,0.4445752859277916,0.1907133694480115,0.2469089338593408,0.11780241076485602
/content/drive/MyDrive/StoneSense-Training/processed_grouped/processed_grouped/test/Cyst/Cyst- (503).jpg,0,0,0.4990647657546313,0.21755375561947826,0.2001156196353292,0.0832658589905612
/content/drive/MyDrive/StoneSense-Training/processed_grouped/processed_grouped/test/Cyst/Cyst- (504).jpg,0,0,0.6657782484579049,0.12038813987330178,0.15377697083883918,0.060056640829954086
/content/drive/MyDrive/StoneSense-Training/processed_grouped/processed_grouped/test/Cyst/Cyst- (505).jpg,0,0,0.7344691115431224,0.08948639296435815,0.10416423114400679,0.07188026434851252
/content/drive/MyDrive/StoneSense-Training/processed_grouped/processed_grouped/test/Cyst/Cyst- (506).jpg,0,0,0.584352864591829,0.1716567855783244,0.16422888951626602,0.07976146031358054
/content/drive/MyDrive/StoneSense-Training/processed_grouped/processed_grouped/test/Cyst/Cyst- (507).jpg,0,0,0.6261557920097751,0.1539334586452256,0.10738161501415135,0.11252913433084794
/content/drive/MyDrive/StoneSense-Training/processed_grouped/processed_grouped/test/Cyst/Cyst- (508).jpg,0,0,0.5906720406639581,0.17497844669755816,0.12824086194176973,0.10610865069671414
/content/drive/MyDrive/StoneSense-Training/processed_grouped/processed_grouped/test/Cyst/Cyst- (509).jpg,0,0,0.4116754847417288,0.30200371649936014,0.19596591077288178,0.09035488798602924
/content/drive/MyDrive/StoneSense-Training/processed_grouped/processed_grouped/test/Cyst/Cyst- (510).jpg,0,1,0.3411849240312219,0.34556812296145206,0.24260834052811425,0.07063861247921183
/content/drive/MyDrive/StoneSense-Training/processed_grouped/processed_grouped/test/Cyst/Cyst- (511).jpg,0,1,0.22716958085439987,0.4259895186570673,0.28321984464741695,0.0636210558411159
/content/drive/MyDrive/StoneSense-Training/processed_grouped/processed_grouped/test/Cyst/Cyst- (512).jpg,0,1,0.25511763627491935,0.3801000773984085,0.3100194688188201,0.05476281750785205
/content/drive/MyDrive/StoneSense-Training/processed_grouped/processed_grouped/test/Cyst/Cyst- (543).jpg,0,3,0.22170545634324568,0.2741607655376454,0.038504301082733824,0.46562947703637514
/content/drive/MyDrive/StoneSense-Training/processed_grouped/processed_grouped/test/Cyst/Cyst- (544).jpg,0,3,0.19283556909823704,0.3045827257371811,0.03204377168798603,0.4705379334765958
/content/drive/MyDrive/StoneSense-Training/processed_grouped/processed_grouped/test/Cyst/Cyst- (56).jpg,0,2,0.2950169110320616,0.0823217169066874,0.5518352771229129,0.07082609493833804
/content/drive/MyDrive/StoneSense-Training/processed_grouped/processed_grouped/test/Cyst/Cyst- (564).jpg,0,2,0.18576339799885738,0.13439349060751524,0.36312399134037393,0.3167191200532534
/content/drive/MyDrive/StoneSense-Training/processed_grouped/processed_grouped/test/Cyst/Cyst- (565).jpg,0,2,0.15444047274345846,0.1448741456275947,0.3628865062664465,0.3377988753625004
/content/drive/MyDrive/StoneSense-Training/processed_grouped/processed_grouped/test/Cyst/Cyst- (566).jpg,0,3,0.12672465249806025,0.1502978052063012,0.35725662153456883,0.3657209207610698
/content/drive/MyDrive/StoneSense-Training/processed_grouped/processed_grouped/test/Cyst/Cyst- (567).jpg,0,3,0.141202685586422,0.12903419171335825,0.34603498494236096,0.38372813775785886
/content/drive/MyDrive/StoneSense-Training/processed_grouped/processed_grouped/test/Cyst/Cyst- (568).jpg,0,3,0.2469392254017354,0.08862883868263755,0.3117604679147332,0.3526714680008939
/content/drive/MyDrive/StoneSense-Training/processed_grouped/processed_grouped/test/Cyst/Cyst- (569).jpg,0,3,0.15406414061650836,0.18130216761686718,0.3201992153596274,0.344434476406997
/content/drive/MyDrive/StoneSense-Training/processed_grouped/processed_grouped/test/Cyst/Cyst- (57).jpg,0,2,0.32914875986054615,0.12567453549259697,0.5111615976535508,0.03401510699330586
/content/drive/MyDrive/StoneSense-Training/processed_grouped/processed_grouped/test/Cyst/Cyst- (570).jpg,0,3,0.11910090396071123,0.22313699024826866,0.3202731496589124,0.33748895613210766
/content/drive/MyDrive/StoneSense-Training/processed_grouped/processed_grouped/test/Cyst/Cyst- (571).jpg,0,2,0.12902442292260016,0.20344180707988424,0.3437375528952728,0.3237962171022427
/content/drive/MyDrive/StoneSense-Training/processed_grouped/processed_grouped/test/Cyst/Cyst- (572).jpg,0,2,0.1223841737096797,0.21114858412049864,0.3708739305562323,0.29559331161358926
/content/drive/MyDrive/StoneSense-Training/processed_grouped/processed_grouped/test/Cyst/Cyst- (573).jpg,0,2,0.11345919562376343,0.22135508291839154,0.3756077271157584,0.28957799434208664
/content/drive/MyDrive/StoneSense-Training/processed_grouped/processed_grouped/test/Cyst/Cyst- (574).jpg,0,2,0.09566066998457978,0.2075836702529881,0.4028307494535738,0.2939249103088583
/content/drive/MyDrive/StoneSense-Training/processed_grouped/processed_grouped/test/Cyst/Cyst- (575).jpg,0,2,0.08769989527928139,0.1982771302452786,0.44353754980242616,0.27048542467301384
/content/drive/MyDrive/StoneSense-Training/processed_grouped/processed_grouped/test/Cyst/Cyst- (576).jpg,0,2,0.06952335508530674,0.22628130126691576,0.4527053659210164,0.2514899777267611
/content/drive/MyDrive/StoneSense-Training/processed_grouped/processed_grouped/test/Cyst/Cyst- (577).jpg,0,2,0.09387491323915184,0.20811830782323487,0.4528758232116935,0.24513095572591984
/content/drive/MyDrive/StoneSense-Training/processed_grouped/processed_grouped/test/Cyst/Cyst- (578).jpg,0,2,0.10902137657567078,0.20847994623037625,0.4433956911345663,0.23910298605938662
/content/drive/MyDrive/StoneSense-Training/processed_grouped/processed_grouped/test/Cyst/Cyst- (579).jpg,0,2,0.0786221411205865,0.2585864301685467,0.4300088499807954,0.23278257873007147
/content/drive/MyDrive/StoneSense-Training/processed_grouped/processed_grouped/test/Cyst/Cyst- (58).jpg,0,2,0.4432107775537427,0.04414790163190071,0.44590761091017245,0.06673370990418419
/content/drive/MyDrive/StoneSense-Training/processed_grouped/processed_grouped/test/Cyst/Cyst- (580).jpg,0,2,0.09492788033316578,0.24071527428093067,0.43758267777970766,0.22677416760619606
/content/drive/MyDrive/StoneSense-Training/processed_grouped/processed_grouped/test/Cyst/Cyst- (581).jpg,0,2,0.18420177564077064,0.21242948083024207,0.4323036614373135,0.17106508209167376
/content/drive/MyDrive/StoneSense-Training/processed_grouped/processed_grouped/test/Cyst/Cyst- (582).jpg,0,2,0.3327906122954372,0.17247503609706852,0.39161045740372236,0.10312389420377183
/content/drive/MyDrive/StoneSense-Training/processed_grouped/processed_grouped/test/Cyst/Cyst- (583).jpg,0,2,0.34323553367141557,0.20448170107273775,0.3715705006341706,0.08071226462167595
/content/drive/MyDrive/StoneSense-Training/processed_grouped/processed_grouped/test/Cyst/Cyst- (584).jpg,0,2,0.2904407881405579,0.2048473750246455,0.41377849265630756,0.09093334417848896
/content/drive/MyDrive/StoneSense-Training/processed_grouped/processed_grouped/test/Cyst/Cyst- (585).jpg,0,2,0.28213019699680086,0.18887054226516223,0.41712193742349823,0.11187732331453872
/content/drive/MyDrive/StoneSense-Training/processed_grouped/processed_grouped/test/Cyst/Cyst- (586).jpg,0,2,0.33040350312600697,0.20329847209519641,0.375177740689993,0.09112028408880357
/content/drive/MyDrive/StoneSense-Training/processed_grouped/processed_grouped/test/Cyst/Cyst- (587).jpg,0,0,0.46476728619000496,0.14601168825908623,0.3117335178602685,0.07748750769064044
/content/drive/MyDrive/StoneSense-Training/processed_grouped/processed_grouped/test/Cyst/Cyst- (588).jpg,0,0,0.44926908743666905,0.16222702033863234,0.3090183458712699,0.07948554635342871
/content/drive/MyDrive/StoneSense-Training/processed_grouped/processed_grouped/test/Cyst/Cyst- (589).jpg,0,2,0.25271723618228,0.19468765061162202,0.3971297286333161,0.15546538457278192
/content/drive/MyDrive/StoneSense-Training/processed_grouped/processed_grouped/test/Cyst/Cyst- (59).jpg,0,0,0.4639005171397183,0.027055001197890626,0.42614995195021055,0.08289452971218048
/content/drive/MyDrive/StoneSense-Training/processed_grouped/processed_grouped/test/Cyst/Cyst- (590).jpg,0,2,0.14881779075639956,0.25857653939909747,0.41625585770519913,0.17634981213930387
/content/drive/MyDrive/StoneSense-Training/processed_grouped/processed_grouped/test/Cyst/Cyst- (6).jpg,0,2,0.25732294722309335,0.2052724578386984,0.3441545036232096,0.1932500913149987
/content/drive/MyDrive/StoneSense-Training/processed_grouped/processed_grouped/test/Cyst/Cyst- (60).jpg,0,2,0.4021267213199521,0.06729894786685198,0.4629285640731039,0.06764576674009191
/content/drive/MyDrive/StoneSense-Training/processed_grouped/processed_grouped/test/Cyst/Cyst- (607).jpg,0,2,0.18576339799885738,0.13439349060751524,0.36312399134037393,0.3167191200532534
/content/drive/MyDrive/StoneSense-Training/processed_grouped/processed_grouped/test/Cyst/Cyst- (608).jpg,0,2,0.15444047274345846,0.1448741456275947,0.3628865062664465,0.3377988753625004
/content/drive/MyDrive/StoneSense-Training/processed_grouped/processed_grouped/test/Cyst/Cyst- (609).jpg,0,3,0.12672465249806025,0.1502978052063012,0.35725662153456883,0.3657209207610698
/content/drive/MyDrive/StoneSense-Training/processed_grouped/processed_grouped/test/Cyst/Cyst- (61).jpg,0,2,0.37417068860257996,0.032011666534783524,0.47776518936222817,0.11605245550040817
/content/drive/MyDrive/StoneSense-Training/processed_grouped/processed_grouped/test/Cyst/Cyst- (610).jpg,0,3,0.141202685586422,0.12903419171335825,0.34603498494236096,0.38372813775785886
/content/drive/MyDrive/StoneSense-Training/processed_grouped/processed_grouped/test/Cyst/Cyst- (611).jpg,0,3,0.2469392254017354,0.08862883868263755,0.3117604679147332,0.3526714680008939
/content/drive/MyDrive/StoneSense-Training/processed_grouped/processed_grouped/test/Cyst/Cyst- (612).jpg,0,3,0.15406414061650836,0.18130216761686718,0.3201992153596274,0.344434476406997
/content/drive/MyDrive/StoneSense-Training/processed_grouped/processed_grouped/test/Cyst/Cyst- (613).jpg,0,3,0.11910090396071123,0.22313699024826866,0.3202731496589124,0.33748895613210766
/content/drive/MyDrive/StoneSense-Training/processed_grouped/processed_grouped/test/Cyst/Cyst- (614).jpg,0,2,0.12902442292260016,0.20344180707988424,0.3437375528952728,0.3237962171022427
/content/drive/MyDrive/StoneSense-Training/processed_grouped/processed_grouped/test/Cyst/Cyst- (615).jpg,0,2,0.1223841737096797,0.21114858412049864,0.3708739305562323,0.29559331161358926
/content/drive/MyDrive/StoneSense-Training/processed_grouped/processed_grouped/test/Cyst/Cyst- (616).jpg,0,2,0.11345919562376343,0.22135508291839154,0.3756077271157584,0.28957799434208664
/content/drive/MyDrive/StoneSense-Training/processed_grouped/processed_grouped/test/Cyst/Cyst- (617).jpg,0,2,0.09566066998457978,0.2075836702529881,0.4028307494535738,0.2939249103088583
/content/drive/MyDrive/StoneSense-Training/processed_grouped/processed_grouped/test/Cyst/Cyst- (618).jpg,0,2,0.08769989527928139,0.1982771302452786,0.44353754980242616,0.27048542467301384
/content/drive/MyDrive/StoneSense-Training/processed_grouped/processed_grouped/test/Cyst/Cyst- (619).jpg,0,2,0.06952335508530674,0.22628130126691576,0.4527053659210164,0.2514899777267611
/content/drive/MyDrive/StoneSense-Training/processed_grouped/processed_grouped/test/Cyst/Cyst- (62).jpg,0,2,0.42082509251019,0.015257355786251358,0.4320506869976301,0.13186686470592865
/content/drive/MyDrive/StoneSense-Training/processed_grouped/processed_grouped/test/Cyst/Cyst- (620).jpg,0,2,0.09387491323915184,0.20811830782323487,0.4528758232116935,0.24513095572591984
/content/drive/MyDrive/StoneSense-Training/processed_grouped/processed_grouped/test/Cyst/Cyst- (621).jpg,0,2,0.10902137657567078,0.20847994623037625,0.4433956911345663,0.23910298605938662
/content/drive/MyDrive/StoneSense-Training/processed_grouped/processed_grouped/test/Cyst/Cyst- (622).jpg,0,2,0.0786221411205865,0.2585864301685467,0.4300088499807954,0.23278257873007147
/content/drive/MyDrive/StoneSense-Training/processed_grouped/processed_grouped/test/Cyst/Cyst- (623).jpg,0,2,0.09492788033316578,0.24071527428093067,0.43758267777970766,0.22677416760619606
/content/drive/MyDrive/StoneSense-Training/processed_grouped/processed_grouped/test/Cyst/Cyst- (624).jpg,0,2,0.18420177564077064,0.21242948083024207,0.4323036614373135,0.17106508209167376
/content/drive/MyDrive/StoneSense-Training/processed_grouped/processed_grouped/test/Cyst/Cyst- (625).jpg,0,2,0.3327906122954372,0.17247503609706852,0.39161045740372236,0.10312389420377183
/content/drive/MyDrive/StoneSense-Training/processed_grouped/processed_grouped/test/Cyst/Cyst- (626).jpg,0,2,0.34323553367141557,0.20448170107273775,0.3715705006341706,0.08071226462167595
/content/drive/MyDrive/StoneSense-Training/processed_grouped/processed_grouped/test/Cyst/Cyst- (627).jpg,0,2,0.2904407881405579,0.2048473750246455,0.41377849265630756,0.09093334417848896
/content/drive/MyDrive/StoneSense-Training/processed_grouped/processed_grouped/test/Cyst/Cyst- (628).jpg,0,2,0.28213019699680086,0.18887054226516223,0.41712193742349823,0.11187732331453872
/content/drive/MyDrive/StoneSense-Training/processed_grouped/processed_grouped/test/Cyst/Cyst- (629).jpg,0,2,0.33040350312600697,0.20329847209519641,0.375177740689993,0.09112028408880357
/content/drive/MyDrive/StoneSense-Training/processed_grouped/processed_grouped/test/Cyst/Cyst- (63).jpg,0,2,0.38086937663346226,0.022161455162907854,0.41923860640621563,0.17773056179741423
/content/drive/MyDrive/StoneSense-Training/processed_grouped/processed_grouped/test/Cyst/Cyst- (630).jpg,0,0,0.46476728619000496,0.14601168825908623,0.3117335178602685,0.07748750769064044
/content/drive/MyDrive/StoneSense-Training/processed_grouped/processed_grouped/test/Cyst/Cyst- (631).jpg,0,0,0.44926908743666905,0.16222702033863234,0.3090183458712699,0.07948554635342871
/content/drive/MyDrive/StoneSense-Training/processed_grouped/processed_grouped/test/Cyst/Cyst- (632).jpg,0,2,0.25271723618228,0.19468765061162202,0.3971297286333161,0.15546538457278192
/content/drive/MyDrive/StoneSense-Training/processed_grouped/processed_grouped/test/Cyst/Cyst- (633).jpg,0,2,0.14881779075639956,0.25857653939909747,0.41625585770519913,0.17634981213930387
/content/drive/MyDrive/StoneSense-Training/processed_grouped/processed_grouped/test/Cyst/Cyst- (698).jpg,0,2,0.09075263313691545,0.3413187765897809,0.4844473156938942,0.08348127457940932
/content/drive/MyDrive/StoneSense-Training/processed_grouped/processed_grouped/test/Cyst/Cyst- (7).jpg,0,2,0.2780938878860032,0.24792819632860372,0.3116126838449955,0.1623652319403975
/content/drive/MyDrive/StoneSense-Training/processed_grouped/processed_grouped/test/Cyst/Cyst- (709).jpg,0,2,0.25739532648367286,0.04263811480019318,0.4046370319694527,0.2953295267466811
/content/drive/MyDrive/StoneSense-Training/processed_grouped/processed_grouped/test/Cyst/Cyst- (710).jpg,0,2,0.3327222599438875,0.03822148957192731,0.37384270039107453,0.2552135500931107
/content/drive/MyDrive/StoneSense-Training/processed_grouped/processed_grouped/test/Cyst/Cyst- (711).jpg,0,0,0.3223402022071668,0.051259234139376726,0.30859166266312815,0.3178089009903283
/content/drive/MyDrive/StoneSense-Training/processed_grouped/processed_grouped/test/Cyst/Cyst- (712).jpg,0,0,0.33586140828702965,0.0471052944087304,0.3037369612474466,0.31329633605679325
/content/drive/MyDrive/StoneSense-Training/processed_grouped/processed_grouped/test/Cyst/Cyst- (713).jpg,0,0,0.41899680713902404,0.0537221857501001,0.34672074712676443,0.18056025998411138
/content/drive/MyDrive/StoneSense-Training/processed_grouped/processed_grouped/test/Cyst/Cyst- (714).jpg,0,2,0.33878602597431906,0.06403949477512605,0.4507407874729082,0.1464336917776467
/content/drive/MyDrive/StoneSense-Training/processed_grouped/processed_grouped/test/Cyst/Cyst- (715).jpg,0,2,0.2665703221462274,0.05660669927377094,0.4993827818115025,0.1774401967684993
/content/drive/MyDrive/StoneSense-Training/processed_grouped/processed_grouped/test/Cyst/Cyst- (716).jpg,0,2,0.2824964250992152,0.05774428279416011,0.5080475142720351,0.15171177783458958
/content/drive/MyDrive/StoneSense-Training/processed_grouped/processed_grouped/test/Cyst/Cyst- (717).jpg,0,2,0.24538529066046016,0.06988730752798973,0.5068592099961706,0.1778681918153794
/content/drive/MyDrive/StoneSense-Training/processed_grouped/processed_grouped/test/Cyst/Cyst- (718).jpg,0,2,0.2517245179236703,0.04809820441368299,0.4784941290041151,0.22168314865853173
/content/drive/MyDrive/StoneSense-Training/processed_grouped/processed_grouped/test/Cyst/Cyst- (719).jpg,0,2,0.2115498449234453,0.05639642975050839,0.4405486731862227,0.2915050521398236
/content/drive/MyDrive/StoneSense-Training/processed_grouped/processed_grouped/test/Cyst/Cyst- (720).jpg,0,2,0.11547694414962643,0.107138892587328,0.4147569961135489,0.36262716714949655
/content/drive/MyDrive/StoneSense-Training/processed_grouped/processed_grouped/test/Cyst/Cyst- (721).jpg,0,2,0.11649676420823234,0.10436509629006978,0.4015852161227372,0.3775529233789607
/content/drive/MyDrive/StoneSense-Training/processed_grouped/processed_grouped/test/Cyst/Cyst- (722).jpg,0,2,0.11307475970591528,0.12120874386584381,0.3978282824028914,0.36788821402534944
/content/drive/MyDrive/StoneSense-Training/processed_grouped/processed_grouped/test/Cyst/Cyst- (723).jpg,0,2,0.222743194044891,0.0538821226128645,0.38550727262004253,0.3378674107222021
/content/drive/MyDrive/StoneSense-Training/processed_grouped/processed_grouped/test/Cyst/Cyst- (724).jpg,0,2,0.23922598760473257,0.04425269868194599,0.40140492754658313,0.3151163861667385
/content/drive/MyDrive/StoneSense-Training/processed_grouped/processed_grouped/test/Cyst/Cyst- (725).jpg,0,2,0.21840934018528027,0.057022420920974363,0.44025666884070114,0.2843115700530442
/content/drive/MyDrive/StoneSense-Training/processed_grouped/processed_grouped/test/Cyst/Cyst- (726).jpg,0,2,0.18932560316547867,0.07277553727861441,0.4293296067211476,0.30856925283475917
/content/drive/MyDrive/StoneSense-Training/processed_grouped/processed_grouped/test/Cyst/Cyst- (727).jpg,0,2,0.1624930414256592,0.08623247678619542,0.413643473119323,0.33763100866882234
/content/drive/MyDrive/StoneSense-Training/processed_grouped/processed_grouped/test/Cyst/Cyst- (728).jpg,0,2,0.1766237608136594,0.06790863710979665,0.4209061333432239,0.33456146873331993
/content/drive/MyDrive/StoneSense-Training/processed_grouped/processed_grouped/test/Cyst/Cyst- (729).jpg,0,2,0.1449893696208216,0.0891446960823521,0.4386525540185725,0.3272133802782538
/content/drive/MyDrive/StoneSense-Training/processed_grouped/processed_grouped/test/Cyst/Cyst- (730).jpg,0,2,0.09746342777741424,0.12626365385146734,0.39502909568525696,0.3812438226858613
/content/drive/MyDrive/StoneSense-Training/processed_grouped/processed_grouped/test/Cyst/Cyst- (731).jpg,0,2,0.21176545625841817,0.07896961771650937,0.414507732421413,0.29475719360365943
/content/drive/MyDrive/StoneSense-Training/processed_grouped/processed_grouped/test/Cyst/Cyst- (732).jpg,0,2,0.21114071921009533,0.0961754890290149,0.39447134028506214,0.2982124514758275
/content/drive/MyDrive/StoneSense-Training/processed_grouped/processed_grouped/test/Cyst/Cyst- (733).jpg,0,2,0.18036154225788276,0.08381448623823244,0.42842425382054866,0.3073997176833361
/content/drive/MyDrive/StoneSense-Training/processed_grouped/processed_grouped/test/Cyst/Cyst- (734).jpg,0,2,0.1942310738691093,0.0773379388845205,0.4390996050028987,0.28933138224347155
/content/drive/MyDrive/StoneSense-Training/processed_grouped/processed_grouped/test/Cyst/Cyst- (735).jpg,0,2,0.20116208118820192,0.0663437902120165,0.44045700339157884,0.29203712520820274
/content/drive/MyDrive/StoneSense-Training/processed_grouped/processed_grouped/test/Cyst/Cyst- (736).jpg,0,2,0.19438613772141922,0.061812943759971484,0.4110597747842953,0.33274114373431396
/content/drive/MyDrive/StoneSense-Training/processed_grouped/processed_grouped/test/Cyst/Cyst- (737).jpg,0,2,0.2933566433594782,0.028843973767564757,0.39509121937060604,0.28270816350235106
/content/drive/MyDrive/StoneSense-Training/processed_grouped/processed_grouped/test/Cyst/Cyst- (738).jpg,0,2,0.2988481874458609,0.02894145938835134,0.4236521203839819,0.24855823278180592
/content/drive/MyDrive/StoneSense-Training/processed_grouped/processed_grouped/test/Cyst/Cyst- (739).jpg,0,2,0.30344200388327713,0.049063207840480946,0.46575463861092986,0.18174014966531205
/content/drive/MyDrive/StoneSense-Training/processed_grouped/processed_grouped/test/Cyst/Cyst- (740).jpg,0,2,0.32905022266208406,0.09391209045928038,0.44908027863928496,0.12795740823935065
/content/drive/MyDrive/StoneSense-Training/processed_grouped/processed_grouped/test/Cyst/Cyst- (741).jpg,0,2,0.3130677555960297,0.08477715002657712,0.45630174257815653,0.1458533517992367
/content/drive/MyDrive/StoneSense-Training/processed_grouped/processed_grouped/test/Cyst/Cyst- (742).jpg,0,2,0.31088535400130374,0.08194684243643793,0.4630315294229872,0.1441362741392711
/content/drive/MyDrive/StoneSense-Training/processed_grouped/processed_grouped/test/Cyst/Cyst- (743).jpg,0,2,0.3860961607857724,0.0707338050665056,0.4186749784261548,0.12449505572156704
/content/drive/MyDrive/StoneSense-Training/processed_grouped/processed_grouped/test/Cyst/Cyst- (744).jpg,0,0,0.4170976961569145,0.04529809649457699,0.3799986851242802,0.15760552222422813
/content/drive/MyDrive/StoneSense-Training/processed_grouped/processed_grouped/test/Cyst/Cyst- (745).jpg,0,0,0.532437592830103,0.04714024185545165,0.2965970153427995,0.12382514997164581
/content/drive/MyDrive/StoneSense-Training/processed_grouped/processed_grouped/test/Cyst/Cyst- (746).jpg,0,0,0.3957731117534376,0.051807227330434184,0.34554893835219586,0.2068707225639324
/content/drive/MyDrive/StoneSense-Training/processed_grouped/processed_grouped/test/Cyst/Cyst- (747).jpg,0,0,0.4408513033549006,0.04609791331601926,0.36676517121124286,0.14628561211783736
/content/drive/MyDrive/StoneSense-Training/processed_grouped/processed_grouped/test/Cyst/Cyst- (748).jpg,0,0,0.42520718260229234,0.05394682064033863,0.3864373862013229,0.1344086105560461
/content/drive/MyDrive/StoneSense-Training/processed_grouped/processed_grouped/test/Cyst/Cyst- (749).jpg,0,0,0.42267785654571777,0.04335817026995453,0.3842004524356276,0.1497635207487
/content/drive/MyDrive/StoneSense-Training/processed_grouped/processed_grouped/test/Cyst/Cyst- (750).jpg,0,0,0.40819207725438045,0.027603625635953463,0.37311089285984345,0.19109340424982266
/content/drive/MyDrive/StoneSense-Training/processed_grouped/processed_grouped/test/Cyst/Cyst- (751).jpg,0,0,0.45844267633144076,0.02253453459380675,0.3724159087095571,0.14660688036519545
/content/drive/MyDrive/StoneSense-Training/processed_grouped/processed_grouped/test/Cyst/Cyst- (752).jpg,0,0,0.45951044308954014,0.025634401491026138,0.3369149879732317,0.17794016744620186
/content/drive/MyDrive/StoneSense-Training/processed_grouped/processed_grouped/test/Cyst/Cyst- (753).jpg,0,0,0.4781795250975769,0.03556443968888055,0.2925315445872358,0.19372449062630673
/content/drive/MyDrive/StoneSense-Training/processed_grouped/processed_grouped/test/Cyst/Cyst- (754).jpg,0,0,0.5196345243370147,0.04322552340349878,0.2803149333377374,0.15682501892174908
/content/drive/MyDrive/StoneSense-Training/processed_grouped/processed_grouped/test/Cyst/Cyst- (755).jpg,0,0,0.47642492387997093,0.0336485499930498,0.3196305086064067,0.1702960175205726
/content/drive/MyDrive/StoneSense-Training/processed_grouped/processed_grouped/test/Cyst/Cyst- (756).jpg,0,0,0.3659504334673523,0.03165219448483029,0.3316714758045593,0.27072589624325805
/content/drive/MyDrive/StoneSense-Training/processed_grouped/processed_grouped/test/Cyst/Cyst- (757).jpg,0,2,0.3002887037389183,0.036553654779713035,0.34599113404949017,0.3171665074318786
/content/drive/MyDrive/StoneSense-Training/processed_grouped/processed_grouped/test/Cyst/Cyst- (758).jpg,0,2,0.27081414782677504,0.039412310231090285,0.35910026492871555,0.3306732770134191
/content/drive/MyDrive/StoneSense-Training/processed_grouped/processed_grouped/test/Cyst/Cyst- (759).jpg,0,2,0.36167181452957314,0.025980072472977147,0.37051884820101455,0.24182926479643518
/content/drive/MyDrive/StoneSense-Training/processed_grouped/processed_grouped/test/Cyst/Cyst- (817).jpg,0,0,0.6158558632009178,0.1311550308557852,0.1850714644416413,0.0679176415016557
/content/drive/MyDrive/StoneSense-Training/processed_grouped/processed_grouped/test/Cyst/Cyst- (818).jpg,0,0,0.6485928884852636,0.11123958667473603,0.1836766555677226,0.05649086927227767
/content/drive/MyDrive/StoneSense-Training/processed_grouped/processed_grouped/test/Cyst/Cyst- (849).jpg,0,0,0.6406766184460875,0.09954201572474711,0.1662761553494481,0.0935052104797174
/content/drive/MyDrive/StoneSense-Training/processed_grouped/processed_grouped/test/Normal/Normal- (1000).jpg,1,3,0.38499335198765006,0.08474051485269031,0.12933450285730053,0.40093163030235907
/content/drive/MyDrive/StoneSense-Training/processed_grouped/processed_grouped/test/Normal/Normal- (1001).jpg,1,0,0.42844785014057024,0.07950529150804699,0.11830920250464926,0.3737376558467334
/content/drive/MyDrive/StoneSense-Training/processed_grouped/processed_grouped/test/Normal/Normal- (1002).jpg,1,3,0.31841425073809304,0.10593006876807588,0.17031584229373486,0.4053398382000962
/content/drive/MyDrive/StoneSense-Training/processed_grouped/processed_grouped/test/Normal/Normal- (1003).jpg,1,3,0.28812413223023464,0.1285761641532535,0.16772339380618742,0.41557630981032445
/content/drive/MyDrive/StoneSense-Training/processed_grouped/processed_grouped/test/Normal/Normal- (1004).jpg,1,3,0.25182284818885653,0.16325231503083615,0.1756487353332632,0.4092761014470442
/content/drive/MyDrive/StoneSense-Training/processed_grouped/processed_grouped/test/Normal/Normal- (1005).jpg,1,3,0.1869168212895468,0.20838007273602333,0.16819695299707266,0.4365061529773572
/content/drive/MyDrive/StoneSense-Training/processed_grouped/processed_grouped/test/Normal/Normal- (1006).jpg,1,3,0.13547425873372862,0.25797272717529085,0.19840364278285588,0.4081493713081247
/content/drive/MyDrive/StoneSense-Training/processed_grouped/processed_grouped/test/Normal/Normal- (1007).jpg,1,3,0.1990719032884512,0.2062080929070204,0.21376275525486949,0.3809572485496589
/content/drive/MyDrive/StoneSense-Training/processed_grouped/processed_grouped/test/Normal/Normal- (1008).jpg,1,3,0.211761554046334,0.20650101670467003,0.2042698388421003,0.3774675904068957
/content/drive/MyDrive/StoneSense-Training/processed_grouped/processed_grouped/test/Normal/Normal- (1009).jpg,1,3,0.21497000190256849,0.17823492729696386,0.21034555576840236,0.3964495150320653
/content/drive/MyDrive/StoneSense-Training/processed_grouped/processed_grouped/test/Normal/Normal- (1010).jpg,1,3,0.14219965866850762,0.2592680630318234,0.21911602719101864,0.3794162511086504
/content/drive/MyDrive/StoneSense-Training/processed_grouped/processed_grouped/test/Normal/Normal- (1011).jpg,1,3,0.07166104871082919,0.34282484321282625,0.171556064374709,0.41395804370163564
/content/drive/MyDrive/StoneSense-Training/processed_grouped/processed_grouped/test/Normal/Normal- (1012).jpg,1,3,0.06360283136553166,0.3569229361034968,0.20301570002301808,0.3764585325079536
/content/drive/MyDrive/StoneSense-Training/processed_grouped/processed_grouped/test/Normal/Normal- (1013).jpg,1,3,0.08860993639744918,0.33206296698308924,0.22140074163320694,0.3579263549862545
/content/drive/MyDrive/StoneSense-Training/processed_grouped/processed_grouped/test/Normal/Normal- (1014).jpg,1,3,0.08218942372613765,0.2889560069275544,0.21281285984987688,0.4160417094964311
/content/drive/MyDrive/StoneSense-Training/processed_grouped/processed_grouped/test/Normal/Normal- (1015).jpg,1,3,0.15423350662109278,0.19657303663410125,0.2657903923028544,0.38340306444195144
/content/drive/MyDrive/StoneSense-Training/processed_grouped/processed_grouped/test/Normal/Normal- (1016).jpg,1,1,0.0625936603970788,0.3757704632834723,0.23510921877019045,0.32652665754925847
/content/drive/MyDrive/StoneSense-Training/processed_grouped/processed_grouped/test/Normal/Normal- (1017).jpg,1,1,0.04371576583458709,0.4135900742134339,0.23316583942886088,0.30952832052311813
/content/drive/MyDrive/StoneSense-Training/processed_grouped/processed_grouped/test/Normal/Normal- (1018).jpg,1,3,0.08925367586672318,0.3070172883928443,0.2071425539272065,0.396586481813226
/content/drive/MyDrive/StoneSense-Training/processed_grouped/processed_grouped/test/Normal/Normal- (1019).jpg,1,3,0.11040037734270398,0.30797562372633724,0.12579021069749846,0.4558337882334604
/content/drive/MyDrive/StoneSense-Training/processed_grouped/processed_grouped/test/Normal/Normal- (1020).jpg,1,3,0.15683277738352022,0.2691681294003019,0.17498976486430143,0.3990093283518764
/content/drive/MyDrive/StoneSense-Training/processed_grouped/processed_grouped/test/Normal/Normal- (1021).jpg,1,3,0.16647909812997494,0.26990996747327006,0.18712208630530872,0.3764888480914462
/content/drive/MyDrive/StoneSense-Training/processed_grouped/processed_grouped/test/Normal/Normal- (1022).jpg,1,3,0.17333677651152118,0.26029194995795235,0.18153174959300739,0.38483952393751913
/content/drive/MyDrive/StoneSense-Training/processed_grouped/processed_grouped/test/Normal/Normal- (1203).jpg,1,3,0.22777502146595818,0.08891815096219238,0.25615069115857236,0.42715613641327704
/content/drive/MyDrive/StoneSense-Training/processed_grouped/processed_grouped/test/Normal/Normal- (1204).jpg,1,3,0.21860388738501296,0.136676804370699,0.2506847568134028,0.3940345514308852
/content/drive/MyDrive/StoneSense-Training/processed_grouped/processed_grouped/test/Normal/Normal- (1205).jpg,1,3,0.22740809459740732,0.14903224866343504,0.27936369554943113,0.34419596118972656
/content/drive/MyDrive/StoneSense-Training/processed_grouped/processed_grouped/test/Normal/Normal- (1206).jpg,1,3,0.11258751654743016,0.23392635734861705,0.14906278624870914,0.5044233398552436
/content/drive/MyDrive/StoneSense-Training/processed_grouped/processed_grouped/test/Normal/Normal- (1207).jpg,1,3,0.09727152009376805,0.29204337442547196,0.13858374334439788,0.472101362136362
/content/drive/MyDrive/StoneSense-Training/processed_grouped/processed_grouped/test/Normal/Normal- (1208).jpg,1,3,0.08922416060896793,0.29682518175144623,0.11663626987383192,0.497314387765754
/content/drive/MyDrive/StoneSense-Training/processed_grouped/processed_grouped/test/Normal/Normal- (1209).jpg,1,3,0.12136471052285125,0.28369510328332626,0.12551351628926893,0.4694266699045535
/content/drive/MyDrive/StoneSense-Training/processed_grouped/processed_grouped/test/Normal/Normal- (1210).jpg,1,3,0.11413474368954248,0.3116303367750147,0.1341168190787825,0.44011810045666033
/content/drive/MyDrive/StoneSense-Training/processed_grouped/processed_grouped/test/Normal/Normal- (1211).jpg,1,3,0.10613745266070469,0.3082823991493253,0.1398383307045162,0.44574181748545383
/content/drive/MyDrive/StoneSense-Training/processed_grouped/processed_grouped/test/Normal/Normal- (1212).jpg,1,3,0.0941845113397223,0.3414692337064467,0.12954836819253554,0.4347978867612954
/content/drive/MyDrive/StoneSense-Training/processed_grouped/processed_grouped/test/Normal/Normal- (1213).jpg,1,3,0.07251301642933196,0.36491105615457053,0.1546774196862595,0.4078985077298381
/content/drive/MyDrive/StoneSense-Training/processed_grouped/processed_grouped/test/Normal/Normal- (1214).jpg,1,1,0.1106079535683609,0.38937962528659664,0.17939091299604365,0.3206215081489988
/content/drive/MyDrive/StoneSense-Training/processed_grouped/processed_grouped/test/Normal/Normal- (1215).jpg,1,1,0.1514839089234973,0.4006703835445618,0.19986002226752636,0.24798568526441456
/content/drive/MyDrive/StoneSense-Training/processed_grouped/processed_grouped/test/Normal/Normal- (1216).jpg,1,1,0.127805434989199,0.4067038335767617,0.15313320276850226,0.3123575286655369
/content/drive/MyDrive/StoneSense-Training/processed_grouped/processed_grouped/test/Normal/Normal- (1217).jpg,1,1,0.13616602256897517,0.3806009917311699,0.13510159024560667,0.3481313954542482
/content/drive/MyDrive/StoneSense-Training/processed_grouped/processed_grouped/test/Normal/Normal- (1218).jpg,1,1,0.13484805951713894,0.3778827403179744,0.1348691877478365,0.35240001241705016
/content/drive/MyDrive/StoneSense-Training/processed_grouped/processed_grouped/test/Normal/Normal- (1219).jpg,1,1,0.23110269536227065,0.34207857286056303,0.21881520504472787,0.20800352673243858
/content/drive/MyDrive/StoneSense-Training/processed_grouped/processed_grouped/test/Normal/Normal- (1220).jpg,1,1,0.271232111998194,0.33021235166793045,0.23095745324104888,0.16759808309282664
/content/drive/MyDrive/StoneSense-Training/processed_grouped/processed_grouped/test/Normal/Normal- (1221).jpg,1,1,0.25733272852513844,0.33064052273939787,0.23479652180566007,0.1772302269298035
/content/drive/MyDrive/StoneSense-Training/processed_grouped/processed_grouped/test/Normal/Normal- (1222).jpg,1,1,0.25403890153280506,0.3526681804329793,0.24297621498375038,0.1503167030504653
/content/drive/MyDrive/StoneSense-Training/processed_grouped/processed_grouped/test/Normal/Normal- (1223).jpg,1,1,0.23744991430243917,0.37906701433532936,0.21728739150742268,0.1661956798548088
/content/drive/MyDrive/StoneSense-Training/processed_grouped/processed_grouped/test/Normal/Normal- (1224).jpg,1,1,0.20096104798912845,0.3980366697912054,0.23010866184766007,0.17089362037200603
/content/drive/MyDrive/StoneSense-Training/processed_grouped/processed_grouped/test/Normal/Normal- (1225).jpg,1,1,0.1711350086421037,0.44027313210111396,0.20498991741263867,0.18360194184414363
/content/drive/MyDrive/StoneSense-Training/processed_grouped/processed_grouped/test/Normal/Normal- (1226).jpg,1,1,0.2542883763130734,0.3260426986955307,0.29608570643502796,0.12358321855636802
/content/drive/MyDrive/StoneSense-Training/processed_grouped/processed_grouped/test/Normal/Normal- (1227).jpg,1,2,0.18469294180432932,0.3129972505581718,0.34250390906938455,0.15980589856811428
/content/drive/MyDrive/StoneSense-Training/processed_grouped/processed_grouped/test/Normal/Normal- (1228).jpg,1,2,0.15330145986984983,0.32404198664656547,0.3490328611554997,0.17362369232808506
/content/drive/MyDrive/StoneSense-Training/processed_grouped/processed_grouped/test/Normal/Normal- (1229).jpg,1,1,0.1186700766089548,0.41019936045241373,0.31040557658637274,0.16072498635225874
/content/drive/MyDrive/StoneSense-Training/processed_grouped/processed_grouped/test/Normal/Normal- (1268).jpg,1,2,0.15013851294512906,0.32550079267244847,0.4486309041876737,0.07572979019474876
/content/drive/MyDrive/StoneSense-Training/processed_grouped/processed_grouped/test/Normal/Normal- (1269).jpg,1,1,0.20298085936098575,0.3638206541931066,0.35165741011345736,0.0815410763324502
/content/drive/MyDrive/StoneSense-Training/processed_grouped/processed_grouped/test/Normal/Normal- (1270).jpg,1,1,0.10849059867621655,0.5119387513831358,0.23967344658436376,0.13989720335628397
/content/drive/MyDrive/StoneSense-Training/processed_grouped/processed_grouped/test/Normal/Normal- (1271).jpg,1,1,0.15557365584284624,0.46650019165383005,0.1469363221648206,0.23098983033850295
/content/drive/MyDrive/StoneSense-Training/processed_grouped/processed_grouped/test/Normal/Normal- (1397).jpg,1,1,0.06524481331639367,0.33369552233578337,0.2730988205263558,0.32796084382146706
/content/drive/MyDrive/StoneSense-Training/processed_grouped/processed_grouped/test/Normal/Normal- (1398).jpg,1,1,0.0617950813966667,0.34344743802559863,0.28160388526463814,0.3131535953130965
/content/drive/MyDrive/StoneSense-Training/processed_grouped/processed_grouped/test/Normal/Normal- (1399).jpg,1,1,0.05058842535408803,0.36484395376512413,0.2730651073507531,0.3115025135300348
/content/drive/MyDrive/StoneSense-Training/processed_grouped/processed_grouped/test/Normal/Normal- (1400).jpg,1,1,0.05030334760780589,0.4060857457659759,0.2531224679878616,0.2904884386383566
/content/drive/MyDrive/StoneSense-Training/processed_grouped/processed_grouped/test/Normal/Normal- (1401).jpg,1,3,0.085719130631518,0.294874544513209,0.2553893987346548,0.3640169261206181
/content/drive/MyDrive/StoneSense-Training/processed_grouped/processed_grouped/test/Normal/Normal- (1402).jpg,1,3,0.10537839304122378,0.26307598383104497,0.24949611423988935,0.38204950888784195
/content/drive/MyDrive/StoneSense-Training/processed_grouped/processed_grouped/test/Normal/Normal- (1403).jpg,1,3,0.14871398494024876,0.22061233067150887,0.29911016366288323,0.3315635207253592
/content/drive/MyDrive/StoneSense-Training/processed_grouped/processed_grouped/test/Normal/Normal- (1404).jpg,1,3,0.12664506281513863,0.2702010156648424,0.24317571215460373,0.3599782093654152
/content/drive/MyDrive/StoneSense-Training/processed_grouped/processed_grouped/test/Normal/Normal- (1405).jpg,1,1,0.07894214213336502,0.41584807297223236,0.19096258736854665,0.31424719752585584
/content/drive/MyDrive/StoneSense-Training/processed_grouped/processed_grouped/test/Normal/Normal- (1406).jpg,1,1,0.07421320771175256,0.46966146403881187,0.2052811597978548,0.2508441684515807
/content/drive/MyDrive/StoneSense-Training/processed_grouped/processed_grouped/test/Normal/Normal- (1407).jpg,1,1,0.06335100620197083,0.4572650800555455,0.21544858930395802,0.26393532443852563
/content/drive/MyDrive/StoneSense-Training/processed_grouped/processed_grouped/test/Normal/Normal- (1408).jpg,1,1,0.06365722458813047,0.48797447472856886,0.21089605150416008,0.23747224917914053
/content/drive/MyDrive/StoneSense-Training/processed_grouped/processed_grouped/test/Normal/Normal- (1409).jpg,1,1,0.06674867299747321,0.4616990496447406,0.21017752202878545,0.2613747553290006
/content/drive/MyDrive/StoneSense-Training/processed_grouped/processed_grouped/test/Normal/Normal- (151).jpg,1,3,0.23715873645396207,0.21409574850125046,0.13597424851438458,0.41277126653040297
/content/drive/MyDrive/StoneSense-Training/processed_grouped/processed_grouped/test/Normal/Normal- (152).jpg,1,3,0.27164266680416904,0.1447688662269185,0.1830143303314564,0.40057413663745617
/content/drive/MyDrive/StoneSense-Training/processed_grouped/processed_grouped/test/Normal/Normal- (153).jpg,1,3,0.21397223038139887,0.1123183925669232,0.16153175753369492,0.512177619517983
/content/drive/MyDrive/StoneSense-Training/processed_grouped/processed_grouped/test/Normal/Normal- (154).jpg,1,3,0.2682709835685612,0.10374777270460626,0.21413099003627153,0.41385025369056105
/content/drive/MyDrive/StoneSense-Training/processed_grouped/processed_grouped/test/Normal/Normal- (155).jpg,1,3,0.2521017037057501,0.1446487380133103,0.18386789381235893,0.41938166446858055
/content/drive/MyDrive/StoneSense-Training/processed_grouped/processed_grouped/test/Normal/Normal- (156).jpg,1,3,0.22522674958348948,0.19871790304122455,0.13707904421447156,0.4389763031608145
/content/drive/MyDrive/StoneSense-Training/processed_grouped/processed_grouped/test/Normal/Normal- (157).jpg,1,3,0.18347327177243455,0.09449070474973431,0.11629868009677787,0.6057373433810532
/content/drive/MyDrive/StoneSense-Training/processed_grouped/processed_grouped/test/Normal/Normal- (158).jpg,1,3,0.15618584380770353,0.14403461053349603,0.07744299846583437,0.622336547192966
/content/drive/MyDrive/StoneSense-Training/processed_grouped/processed_grouped/test/Normal/Normal- (159).jpg,1,3,0.19464085007915272,0.10057280900200026,0.11265016207614631,0.5921361788427008
/content/drive/MyDrive/StoneSense-Training/processed_grouped/processed_grouped/test/Normal/Normal- (160).jpg,1,3,0.2377460148766137,0.12324281188360604,0.20433544353209188,0.4346757297076883
/content/drive/MyDrive/StoneSense-Training/processed_grouped/processed_grouped/test/Normal/Normal- (161).jpg,1,3,0.20298891177979106,0.20939248198341112,0.1940586370210736,0.3935599692157243
/content/drive/MyDrive/StoneSense-Training/processed_grouped/processed_grouped/test/Normal/Normal- (162).jpg,1,3,0.14939009319672653,0.1736941953226192,0.12095883557507647,0.5559568759055779
/content/drive/MyDrive/StoneSense-Training/processed_grouped/processed_grouped/test/Normal/Normal- (163).jpg,1,3,0.15839391603148176,0.16432914562651205,0.17928370242441635,0.49799323591758976
/content/drive/MyDrive/StoneSense-Training/processed_grouped/processed_grouped/test/Normal/Normal- (164).jpg,1,3,0.06005835848046723,0.28259548517207084,0.14756829016667694,0.5097778661807849
/content/drive/MyDrive/StoneSense-Training/processed_grouped/processed_grouped/test/Normal/Normal- (1640).jpg,1,2,0.07044201608299214,0.4210555010137092,0.4503143335564633,0.058188149346835485
/content/drive/MyDrive/StoneSense-Training/processed_grouped/processed_grouped/test/Normal/Normal- (1641).jpg,1,2,0.06604050884321826,0.4043621117989202,0.48047294690310577,0.049124432454755784
/content/drive/MyDrive/StoneSense-Training/processed_grouped/processed_grouped/test/Normal/Normal- (1642).jpg,1,1,0.04134180652121932,0.45368543670056705,0.44283275604224637,0.0621400007359673
/content/drive/MyDrive/StoneSense-Training/processed_grouped/processed_grouped/test/Normal/Normal- (1643).jpg,1,2,0.05309328613643985,0.42240447470819364,0.44884826563861085,0.0756539735167557
/content/drive/MyDrive/StoneSense-Training/processed_grouped/processed_grouped/test/Normal/Normal- (1644).jpg,1,2,0.08001605361173908,0.38751557176958984,0.4835343713742028,0.048934003244468255
/content/drive/MyDrive/StoneSense-Training/processed_grouped/processed_grouped/test/Normal/Normal- (1645).jpg,1,2,0.12167912566414127,0.36487123951207945,0.4689054096243965,0.044544225199382816
/content/drive/MyDrive/StoneSense-Training/processed_grouped/processed_grouped/test/Normal/Normal- (1715).jpg,1,2,0.07044201608299214,0.4210555010137092,0.4503143335564633,0.058188149346835485
/content/drive/MyDrive/StoneSense-Training/processed_grouped/processed_grouped/test/Normal/Normal- (1716).jpg,1,2,0.06604050884321826,0.4043621117989202,0.48047294690310577,0.049124432454755784
/content/drive/MyDrive/StoneSense-Training/processed_grouped/processed_grouped/test/Normal/Normal- (1717).jpg,1,1,0.04134180652121932,0.45368543670056705,0.44283275604224637,0.0621400007359673
/content/drive/MyDrive/StoneSense-Training/processed_grouped/processed_grouped/test/Normal/Normal- (1718).jpg,1,2,0.05309328613643985,0.42240447470819364,0.44884826563861085,0.0756539735167557
/content/drive/MyDrive/StoneSense-Training/processed_grouped/processed_grouped/test/Normal/Normal- (1719).jpg,1,2,0.08001605361173908,0.38751557176958984,0.4835343713742028,0.048934003244468255
/content/drive/MyDrive/StoneSense-Training/processed_grouped/processed_grouped/test/Normal/Normal- (1720).jpg,1,2,0.12167912566414127,0.36487123951207945,0.4689054096243965,0.044544225199382816
/content/drive/MyDrive/StoneSense-Training/processed_grouped/processed_grouped/test/Normal/Normal- (1749).jpg,1,2,0.17104939178990117,0.15160863687869156,0.5497894254344105,0.12755254589699686
/content/drive/MyDrive/StoneSense-Training/processed_grouped/processed_grouped/test/Normal/Normal- (1750).jpg,1,2,0.13759540784913343,0.16383175627111152,0.5483549314210702,0.1502179044586849
/content/drive/MyDrive/StoneSense-Training/processed_grouped/processed_grouped/test/Normal/Normal- (1751).jpg,1,2,0.12350747266468434,0.15769507638285024,0.5631359701298695,0.15566148082259582
/content/drive/MyDrive/StoneSense-Training/processed_grouped/processed_grouped/test/Normal/Normal- (1752).jpg,1,2,0.12628497151772708,0.1779290933678006,0.5955554657843115,0.1002304693301608
/content/drive/MyDrive/StoneSense-Training/processed_grouped/processed_grouped/test/Normal/Normal- (1753).jpg,1,2,0.12985588468878062,0.20870234132548024,0.5639756106770224,0.09746616330871669
/content/drive/MyDrive/StoneSense-Training/processed_grouped/processed_grouped/test/Normal/Normal- (1754).jpg,1,2,0.16900698305376205,0.1938009852094229,0.5455918670679993,0.09160016466881572
/content/drive/MyDrive/StoneSense-Training/processed_grouped/processed_grouped/test/Normal/Normal- (1755).jpg,1,2,0.15890046387265513,0.23114677456540592,0.522481636545402,0.08747112501653688
/content/drive/MyDrive/StoneSense-Training/processed_grouped/processed_grouped/test/Normal/Normal- (1756).jpg,1,2,0.15325671166245824,0.22970498752399457,0.5320133090604315,0.08502499175311563
/content/drive/MyDrive/StoneSense-Training/processed_grouped/processed_grouped/test/Normal/Normal- (1757).jpg,1,2,0.14943547752262873,0.23753755728506867,0.5301287046485035,0.08289826054379915
/content/drive/MyDrive/StoneSense-Training/processed_grouped/processed_grouped/test/Normal/Normal- (1758).jpg,1,2,0.18691830454251213,0.22389895024906364,0.4992791408840064,0.08990360432441796
/content/drive/MyDrive/StoneSense-Training/processed_grouped/processed_grouped/test/Normal/Normal- (1759).jpg,1,2,0.18107495479240865,0.20517435855094923,0.5243607419816173,0.0893899446750248
/content/drive/MyDrive/StoneSense-Training/processed_grouped/processed_grouped/test/Normal/Normal- (1760).jpg,1,2,0.19802663919818286,0.24775523813518865,0.45701725529058834,0.09720086737604017
/content/drive/MyDrive/StoneSense-Training/processed_grouped/processed_grouped/test/Normal/Normal- (1761).jpg,1,2,0.18573279455294,0.2676293267314377,0.4375820529635573,0.10905582575206492
/content/drive/MyDrive/StoneSense-Training/processed_grouped/processed_grouped/test/Normal/Normal- (1762).jpg,1,2,0.17804363597110937,0.25704155573819987,0.4670502471861216,0.09786456110456915
/content/drive/MyDrive/StoneSense-Training/processed_grouped/processed_grouped/test/Normal/Normal- (1763).jpg,1,2,0.16971773009406851,0.251428311317351,0.47685953153582866,0.10199442705275193
/content/drive/MyDrive/StoneSense-Training/processed_grouped/processed_grouped/test/Normal/Normal- (1764).jpg,1,2,0.16433919370426261,0.2477156583583761,0.4922229917504669,0.09572215618689438
/content/drive/MyDrive/StoneSense-Training/processed_grouped/processed_grouped/test/Normal/Normal- (1765).jpg,1,2,0.13405005604851974,0.26656307641363597,0.5176553492231952,0.0817315183146492
/content/drive/MyDrive/StoneSense-Training/processed_grouped/processed_grouped/test/Normal/Normal- (1766).jpg,1,2,0.14311019824857377,0.2624307298417698,0.4937857412117839,0.10067333069787249
/content/drive/MyDrive/StoneSense-Training/processed_grouped/processed_grouped/test/Normal/Normal- (1767).jpg,1,2,0.18036686582912087,0.23595432663078655,0.46813028405090673,0.11554852348918587
/content/drive/MyDrive/StoneSense-Training/processed_grouped/processed_grouped/test/Normal/Normal- (1768).jpg,1,2,0.18667626204275894,0.19093878859679428,0.5227476101401131,0.0996373392203337
/content/drive/MyDrive/StoneSense-Training/processed_grouped/processed_grouped/test/Normal/Normal- (1769).jpg,1,2,0.1935819634388749,0.14851571878290054,0.5571393811249754,0.1007629366532491
/content/drive/MyDrive/StoneSense-Training/processed_grouped/processed_grouped/test/Normal/Normal- (1770).jpg,1,2,0.17239115249962406,0.1518665417149414,0.5772223552551408,0.09851995053029375
/content/drive/MyDrive/StoneSense-Training/processed_grouped/processed_grouped/test/Normal/Normal- (1771).jpg,1,2,0.18666327362077514,0.138650373500224,0.5740117450720381,0.10067460780696273
/content/drive/MyDrive/StoneSense-Training/processed_grouped/processed_grouped/test/Normal/Normal- (1772).jpg,1,2,0.15975252411605603,0.13423967562127873,0.5905210439297159,0.11548675633294933
/content/drive/MyDrive/StoneSense-Training/processed_grouped/processed_grouped/test/Normal/Normal- (1773).jpg,1,2,0.17469386994340033,0.12157972591084915,0.5858586591262702,0.11786774501948029
/content/drive/MyDrive/StoneSense-Training/processed_grouped/processed_grouped/test/Normal/Normal- (1774).jpg,1,2,0.22365741714239495,0.11052811587012898,0.5643134304985175,0.10150103648895853
/content/drive/MyDrive/StoneSense-Training/processed_grouped/processed_grouped/test/Normal/Normal- (1775).jpg,1,2,0.24676494629071022,0.11124557047781705,0.5491600167461375,0.09282946648533531
/content/drive/MyDrive/StoneSense-Training/processed_grouped/processed_grouped/test/Normal/Normal- (1776).jpg,1,2,0.22830149654003137,0.11953902941865867,0.5693851784970806,0.08277429554422935
/content/drive/MyDrive/StoneSense-Training/processed_grouped/processed_grouped/test/Normal/Normal- (1777).jpg,1,2,0.22172999973090768,0.08843864020202181,0.5676679687281236,0.12216339133894677
/content/drive/MyDrive/StoneSense-Training/processed_grouped/processed_grouped/test/Normal/Normal- (1778).jpg,1,2,0.24212527577954326,0.10158465664510395,0.5539517589177666,0.10233830865758603
/content/drive/MyDrive/StoneSense-Training/processed_grouped/processed_grouped/test/Normal/Normal- (1779).jpg,1,2,0.22255602090510535,0.19434430591397958,0.4775311119207682,0.1055685612601468
/content/drive/MyDrive/StoneSense-Training/processed_grouped/processed_grouped/test/Normal/Normal- (1780).jpg,1,2,0.17085862092335774,0.2735049912909804,0.3824838807259512,0.17315250705971075
/content/drive/MyDrive/StoneSense-Training/processed_grouped/processed_grouped/test/Normal/Normal- (1781).jpg,1,2,0.13167287353085502,0.3095480016121206,0.3190065438186714,0.23977258103835297
/content/drive/MyDrive/StoneSense-Training/processed_grouped/processed_grouped/test/Normal/Normal- (1782).jpg,1,2,0.11807979115305005,0.2986858674358553,0.43995052855370625,0.14328381285738848
/content/drive/MyDrive/StoneSense-Training/processed_grouped/processed_grouped/test/Normal/Normal- (1783).jpg,1,2,0.14663581839572548,0.2510165896285599,0.49596937587353485,0.1063782161021797
/content/drive/MyDrive/StoneSense-Training/processed_grouped/processed_grouped/test/Normal/Normal- (1787).jpg,1,2,0.23682359991836935,0.21100529761446066,0.4389745857494482,0.11319651671772174
/content/drive/MyDrive/StoneSense-Training/processed_grouped/processed_grouped/test/Normal/Normal- (1788).jpg,1,2,0.27793433357604,0.16473673182046977,0.4602476613264452,0.097081273277045
/content/drive/MyDrive/StoneSense-Training/processed_grouped/processed_grouped/test/Normal/Normal- (1789).jpg,1,2,0.21888520128765587,0.19418186491860148,0.493742788219982,0.0931901455737605
/content/drive/MyDrive/StoneSense-Training/processed_grouped/processed_grouped/test/Normal/Normal- (1790).jpg,1,2,0.1660197724044801,0.22467005142139973,0.4875538084729739,0.12175636770114626
/content/drive/MyDrive/StoneSense-Training/processed_grouped/processed_grouped/test/Normal/Normal- (1791).jpg,1,2,0.17833178282108322,0.2109026706743258,0.503963185869046,0.10680236063554481
/content/drive/MyDrive/StoneSense-Training/processed_grouped/processed_grouped/test/Normal/Normal- (1846).jpg,1,2,0.21057623422231642,0.2522642180328124,0.3672204114634987,0.1699391362813725
/content/drive/MyDrive/StoneSense-Training/processed_grouped/processed_grouped/test/Normal/Normal- (1847).jpg,1,2,0.2500570161148515,0.1972538122595448,0.336943756423872,0.21574541520173163
/content/drive/MyDrive/StoneSense-Training/processed_grouped/processed_grouped/test/Normal/Normal- (1848).jpg,1,0,0.33672413853833083,0.18429653475420166,0.1766999654050689,0.3022793613023986
/content/drive/MyDrive/StoneSense-Training/processed_grouped/processed_grouped/test/Normal/Normal- (1862).jpg,1,2,0.04468376726239272,0.30206871212182185,0.5334971002480988,0.11975042036768663
/content/drive/MyDrive/StoneSense-Training/processed_grouped/processed_grouped/test/Normal/Normal- (1907).jpg,1,2,0.1912290930239551,0.16357845547314998,0.5107278922958471,0.13446455920704786
/content/drive/MyDrive/StoneSense-Training/processed_grouped/processed_grouped/test/Normal/Normal- (1913).jpg,1,2,0.34754220952893805,0.14051009066965967,0.3632426985938217,0.14870500120758062
/content/drive/MyDrive/StoneSense-Training/processed_grouped/processed_grouped/test/Normal/Normal- (1956).jpg,1,2,0.02569679036437,0.35707968926261874,0.39007419598740106,0.22714932438561028
/content/drive/MyDrive/StoneSense-Training/processed_grouped/processed_grouped/test/Normal/Normal- (1957).jpg,1,1,0.07270607860311859,0.39771217585021135,0.39600332454201864,0.13357842100465128
/content/drive/MyDrive/StoneSense-Training/processed_grouped/processed_grouped/test/Normal/Normal- (1958).jpg,1,2,0.05321604932868519,0.4032190892388478,0.4067960471927817,0.1367688142396853
/content/drive/MyDrive/StoneSense-Training/processed_grouped/processed_grouped/test/Normal/Normal- (1959).jpg,1,1,0.02840033398731037,0.4272511421327203,0.39579247787115374,0.14855604600881547
/content/drive/MyDrive/StoneSense-Training/processed_grouped/processed_grouped/test/Normal/Normal- (1960).jpg,1,1,0.018543452093033742,0.40887377634900257,0.3701052537139631,0.20247751784400067
/content/drive/MyDrive/StoneSense-Training/processed_grouped/processed_grouped/test/Normal/Normal- (1962).jpg,1,1,0.023340787777313292,0.4329487946023241,0.37526945044974114,0.1684409671706215
/content/drive/MyDrive/StoneSense-Training/processed_grouped/processed_grouped/test/Normal/Normal- (1963).jpg,1,2,0.024265989570486875,0.39248837302408496,0.40102763830681953,0.1822179990986086
/content/drive/MyDrive/StoneSense-Training/processed_grouped/processed_grouped/test/Normal/Normal- (2117).jpg,1,2,0.02858801781392126,0.29449545306311986,0.35031342456650144,0.32660310455645747
/content/drive/MyDrive/StoneSense-Training/processed_grouped/processed_grouped/test/Normal/Normal- (2118).jpg,1,2,0.025969417655641015,0.3565588649829908,0.3906486333812098,0.22682308398015832
/content/drive/MyDrive/StoneSense-Training/processed_grouped/processed_grouped/test/Normal/Normal- (2119).jpg,1,2,0.02449540369979568,0.3520938192087223,0.4017805672618437,0.22163020982963827
/content/drive/MyDrive/StoneSense-Training/processed_grouped/processed_grouped/test/Normal/Normal- (2120).jpg,1,2,0.031086426326707498,0.3427047971011927,0.3815448449279984,0.24466393164410133
/content/drive/MyDrive/StoneSense-Training/processed_grouped/processed_grouped/test/Normal/Normal- (2121).jpg,1,1,0.06217599224741013,0.3344086395912119,0.3320746458096404,0.27134072235173756
/content/drive/MyDrive/StoneSense-Training/processed_grouped/processed_grouped/test/Normal/Normal- (2122).jpg,1,2,0.07486153386111213,0.3033292691667298,0.31634684295594157,0.30546235401621646
/content/drive/MyDrive/StoneSense-Training/processed_grouped/processed_grouped/test/Normal/Normal- (2123).jpg,1,2,0.09835366908012012,0.26486156204187533,0.3349572962862965,0.30182747259170806
/content/drive/MyDrive/StoneSense-Training/processed_grouped/processed_grouped/test/Normal/Normal- (2124).jpg,1,1,0.04976003089000086,0.3540184043109759,0.32139555179135554,0.2748260130076677
/content/drive/MyDrive/StoneSense-Training/processed_grouped/processed_grouped/test/Normal/Normal- (2125).jpg,1,2,0.0436155553738565,0.33216363472158705,0.3398628249956799,0.28435798490887665
/content/drive/MyDrive/StoneSense-Training/processed_grouped/processed_grouped/test/Normal/Normal- (2126).jpg,1,2,0.054993606418157606,0.3039102438460487,0.34409633878941587,0.2969998109463778
/content/drive/MyDrive/StoneSense-Training/processed_grouped/processed_grouped/test/Normal/Normal- (2127).jpg,1,2,0.06625949714473743,0.2997119845302443,0.317376337319578,0.31665218100544024
/content/drive/MyDrive/StoneSense-Training/processed_grouped/processed_grouped/test/Normal/Normal- (2128).jpg,1,2,0.0926793862264883,0.2934916749804209,0.34503948686382996,0.26878945192926107
/content/drive/MyDrive/StoneSense-Training/processed_grouped/processed_grouped/test/Normal/Normal- (2129).jpg,1,2,0.07918075881029549,0.31419617382577036,0.3308769204502284,0.2757461469137058
/content/drive/MyDrive/StoneSense-Training/processed_grouped/processed_grouped/test/Normal/Normal- (2130).jpg,1,1,0.060874063758949444,0.3509534452916864,0.33119104315976067,0.2569814477896034
/content/drive/MyDrive/StoneSense-Training/processed_grouped/processed_grouped/test/Normal/Normal- (2131).jpg,1,1,0.07118610324778694,0.3578168354019766,0.27764150934507215,0.2933555520051643
/content/drive/MyDrive/StoneSense-Training/processed_grouped/processed_grouped/test/Normal/Normal- (2132).jpg,1,1,0.08510506659508156,0.32423612775858685,0.28253912974574635,0.30811967590058525
/content/drive/MyDrive/StoneSense-Training/processed_grouped/processed_grouped/test/Normal/Normal- (2133).jpg,1,1,0.07438750439735162,0.33633448573337554,0.2937856064899317,0.29549240337934124
/content/drive/MyDrive/StoneSense-Training/processed_grouped/processed_grouped/test/Normal/Normal- (2134).jpg,1,1,0.045197727088168244,0.38539692838512263,0.3230693980733809,0.24633594645332818
/content/drive/MyDrive/StoneSense-Training/processed_grouped/processed_grouped/test/Normal/Normal- (2135).jpg,1,1,0.03190089031673246,0.3920815717448477,0.3171623891322816,0.2588551488061383
/content/drive/MyDrive/StoneSense-Training/processed_grouped/processed_grouped/test/Normal/Normal- (2136).jpg,1,1,0.036194423642304976,0.3423949095654629,0.32968088227142145,0.29172978452081055
/content/drive/MyDrive/StoneSense-Training/processed_grouped/processed_grouped/test/Normal/Normal- (2137).jpg,1,1,0.029919104209825527,0.3927513379971263,0.3554865715425523,0.2218429862504958
/content/drive/MyDrive/StoneSense-Training/processed_grouped/processed_grouped/test/Normal/Normal- (2138).jpg,1,1,0.03447429352201966,0.4167821404327668,0.4144987863023033,0.1342447797429103
/content/drive/MyDrive/StoneSense-Training/processed_grouped/processed_grouped/test/Normal/Normal- (2139).jpg,1,1,0.026326621431485668,0.41045487314877765,0.3298412946751748,0.23337721074456177
/content/drive/MyDrive/StoneSense-Training/processed_grouped/processed_grouped/test/Normal/Normal- (2140).jpg,1,1,0.03189638572217969,0.39156445771217413,0.3274206031147588,0.24911855345088718
/content/drive/MyDrive/StoneSense-Training/processed_grouped/processed_grouped/test/Normal/Normal- (2141).jpg,1,1,0.037600247670733646,0.38502301172625636,0.32499810592838574,0.2523786346746243
/content/drive/MyDrive/StoneSense-Training/processed_grouped/processed_grouped/test/Normal/Normal- (2142).jpg,1,1,0.03792602380559999,0.4160904134674603,0.361633622528376,0.18434994019856388
/content/drive/MyDrive/StoneSense-Training/processed_grouped/processed_grouped/test/Normal/Normal- (2143).jpg,1,1,0.021274150560047434,0.4284519332979019,0.3577764927135502,0.19249742342850043
/content/drive/MyDrive/StoneSense-Training/processed_grouped/processed_grouped/test/Normal/Normal- (2144).jpg,1,1,0.019557177163350925,0.42925850028850276,0.33767286381407746,0.21351145873406882
/content/drive/MyDrive/StoneSense-Training/processed_grouped/processed_grouped/test/Normal/Normal- (2145).jpg,1,1,0.018687664977548653,0.4219761541694652,0.352493906582151,0.20684227427083526
/content/drive/MyDrive/StoneSense-Training/processed_grouped/processed_grouped/test/Normal/Normal- (2146).jpg,1,1,0.026692945950822316,0.38494653761611325,0.36865351347615327,0.21970700295691117
/content/drive/MyDrive/StoneSense-Training/processed_grouped/processed_grouped/test/Normal/Normal- (2147).jpg,1,1,0.019792494869921323,0.4561755166497404,0.3341059626236212,0.18992602585671714
/content/drive/MyDrive/StoneSense-Training/processed_grouped/processed_grouped/test/Normal/Normal- (2148).jpg,1,1,0.028220419627005642,0.439101774054617,0.3740734201544726,0.1586043861639048
/content/drive/MyDrive/StoneSense-Training/processed_grouped/processed_grouped/test/Normal/Normal- (2149).jpg,1,1,0.03993455368823686,0.42639607953046044,0.37754358681371536,0.1561257799675874
/content/drive/MyDrive/StoneSense-Training/processed_grouped/processed_grouped/test/Normal/Normal- (2150).jpg,1,1,0.04139918751465115,0.4219473674159713,0.33302381789994934,0.20362962716942815
/content/drive/MyDrive/StoneSense-Training/processed_grouped/processed_grouped/test/Normal/Normal- (2151).jpg,1,1,0.03600922229281206,0.4456526328884439,0.3003707601637587,0.21796738465498536
/content/drive/MyDrive/StoneSense-Training/processed_grouped/processed_grouped/test/Normal/Normal- (2152).jpg,1,1,0.038537813660843426,0.39044719477696466,0.333840706207408,0.2371742853547838
/content/drive/MyDrive/StoneSense-Training/processed_grouped/processed_grouped/test/Normal/Normal- (2153).jpg,1,2,0.04082828105792587,0.3276923822989623,0.3581158709678763,0.2733634656752355
/content/drive/MyDrive/StoneSense-Training/processed_grouped/processed_grouped/test/Normal/Normal- (2207).jpg,1,1,0.02465474098175317,0.4110432370810644,0.3745734260862488,0.18972859585093374
/content/drive/MyDrive/StoneSense-Training/processed_grouped/processed_grouped/test/Normal/Normal- (2342).jpg,1,2,0.03176153722420791,0.3755771639692927,0.4126964584989473,0.179964840307552
/content/drive/MyDrive/StoneSense-Training/processed_grouped/processed_grouped/test/Normal/Normal- (2343).jpg,1,2,0.033954037040829915,0.3829920078229417,0.41925499895939405,0.16379895617683438
/content/drive/MyDrive/StoneSense-Training/processed_grouped/processed_grouped/test/Normal/Normal- (2344).jpg,1,2,0.04241823301391295,0.36691120388821685,0.39904683088718607,0.1916237322106842
/content/drive/MyDrive/StoneSense-Training/processed_grouped/processed_grouped/test/Normal/Normal- (2345).jpg,1,1,0.0519020332988734,0.3946058923962243,0.34059792120099575,0.21289415310390664
/content/drive/MyDrive/StoneSense-Training/processed_grouped/processed_grouped/test/Normal/Normal- (2346).jpg,1,1,0.04772546215447389,0.4091697739634373,0.32567052002820296,0.2174342438538859
/content/drive/MyDrive/StoneSense-Training/processed_grouped/processed_grouped/test/Normal/Normal- (2347).jpg,1,1,0.06433757393557193,0.42613193466458127,0.31328703367182226,0.1962434577280245
/content/drive/MyDrive/StoneSense-Training/processed_grouped/processed_grouped/test/Normal/Normal- (2348).jpg,1,1,0.04104573579662407,0.4230058655504452,0.34618518559943906,0.18976321305349178
/content/drive/MyDrive/StoneSense-Training/processed_grouped/processed_grouped/test/Normal/Normal- (2349).jpg,1,1,0.035733355358702056,0.434027449642341,0.3465624540191452,0.1836767409798118
/content/drive/MyDrive/StoneSense-Training/processed_grouped/processed_grouped/test/Normal/Normal- (2350).jpg,1,1,0.06931661732108511,0.45384267178284676,0.30220311587133836,0.17463759502472975
/content/drive/MyDrive/StoneSense-Training/processed_grouped/processed_grouped/test/Normal/Normal- (2351).jpg,1,1,0.05949521931736964,0.45348231172591763,0.29831553159531565,0.18870693736139715
/content/drive/MyDrive/StoneSense-Training/processed_grouped/processed_grouped/test/Normal/Normal- (2352).jpg,1,1,0.05734601868307106,0.44484634049714306,0.32959829967155596,0.16820934114822997
/content/drive/MyDrive/StoneSense-Training/processed_grouped/processed_grouped/test/Normal/Normal- (2353).jpg,1,1,0.042253200716393484,0.44636212651045876,0.32770283673518585,0.1836818360379618
/content/drive/MyDrive/StoneSense-Training/processed_grouped/processed_grouped/test/Normal/Normal- (2354).jpg,1,1,0.06384048706581444,0.45402406177895294,0.3339965352594182,0.14813891589581452
/content/drive/MyDrive/StoneSense-Training/processed_grouped/processed_grouped/test/Normal/Normal- (2355).jpg,1,1,0.06024435989102585,0.46936159600373273,0.26480492349969936,0.20558912060554202
/content/drive/MyDrive/StoneSense-Training/processed_grouped/processed_grouped/test/Normal/Normal- (2356).jpg,1,1,0.05419580196962154,0.4600968043790617,0.2634205752663161,0.22228681838500064
/content/drive/MyDrive/StoneSense-Training/processed_grouped/processed_grouped/test/Normal/Normal- (2357).jpg,1,1,0.03437746633473952,0.43204878687493514,0.29301169769987995,0.2405620490904456
/content/drive/MyDrive/StoneSense-Training/processed_grouped/processed_grouped/test/Normal/Normal- (2358).jpg,1,1,0.028941198325534698,0.42288043314478535,0.3138355630857395,0.23434280544394026
/content/drive/MyDrive/StoneSense-Training/processed_grouped/processed_grouped/test/Normal/Normal- (2359).jpg,1,1,0.01980299616386784,0.4181091630887289,0.3404740909813276,0.22161374976607573
/content/drive/MyDrive/StoneSense-Training/processed_grouped/processed_grouped/test/Normal/Normal- (2360).jpg,1,1,0.024225921480286107,0.44866353448459656,0.34470989678782615,0.18240064724729108
/content/drive/MyDrive/StoneSense-Training/processed_grouped/processed_grouped/test/Normal/Normal- (2738).jpg,1,3,0.09658707062989583,0.2623188025872271,0.2840172111709337,0.35707691561194327
/content/drive/MyDrive/StoneSense-Training/processed_grouped/processed_grouped/test/Normal/Normal- (2739).jpg,1,3,0.0664478152600391,0.1960046143143535,0.34169383280341853,0.395853737622189
/content/drive/MyDrive/StoneSense-Training/processed_grouped/processed_grouped/test/Normal/Normal- (2740).jpg,1,2,0.10020218002201946,0.11858714245353873,0.41587257470863337,0.3653381028158085
/content/drive/MyDrive/StoneSense-Training/processed_grouped/processed_grouped/test/Normal/Normal- (2741).jpg,1,3,0.0664154360374754,0.17770927541408557,0.36953036853186993,0.386344920016569
/content/drive/MyDrive/StoneSense-Training/processed_grouped/processed_grouped/test/Normal/Normal- (2742).jpg,1,3,0.06852652065080703,0.2178849349015389,0.33117930161681913,0.38240924283083494
/content/drive/MyDrive/StoneSense-Training/processed_grouped/processed_grouped/test/Normal/Normal- (2743).jpg,1,3,0.06333376599152202,0.19782168576413434,0.3532103879330099,0.38563416031133374
/content/drive/MyDrive/StoneSense-Training/processed_grouped/processed_grouped/test/Normal/Normal- (2773).jpg,1,1,0.25942547873633093,0.3518459023202981,0.22263547106707082,0.16609314787630003
/content/drive/MyDrive/StoneSense-Training/processed_grouped/processed_grouped/test/Normal/Normal- (2774).jpg,1,2,0.2887369584180825,0.2775075023332936,0.29884752817022725,0.1349080110783966
/content/drive/MyDrive/StoneSense-Training/processed_grouped/processed_grouped/test/Normal/Normal- (2775).jpg,1,2,0.24211450644036434,0.28461487836338245,0.3288542510617654,0.14441636413448777
/content/drive/MyDrive/StoneSense-Training/processed_grouped/processed_grouped/test/Normal/Normal- (2776).jpg,1,2,0.2719748217368263,0.261581533630662,0.2930175717088061,0.17342607292370557
/content/drive/MyDrive/StoneSense-Training/processed_grouped/processed_grouped/test/Normal/Normal- (2777).jpg,1,2,0.19144823563195967,0.28957524910122967,0.37555082785435306,0.1434256874124576
/content/drive/MyDrive/StoneSense-Training/processed_grouped/processed_grouped/test/Normal/Normal- (2908).jpg,1,1,0.1038719907083991,0.4108639904440376,0.24019673163095054,0.24506728721661267
/content/drive/MyDrive/StoneSense-Training/processed_grouped/processed_grouped/test/Normal/Normal- (2909).jpg,1,1,0.1544228925599793,0.40333024422428204,0.21651839924666644,0.2257284639690723
/content/drive/MyDrive/StoneSense-Training/processed_grouped/processed_grouped/test/Normal/Normal- (2910).jpg,1,1,0.17552855104343285,0.36700329191004344,0.21849342164659208,0.23897473539993172
/content/drive/MyDrive/StoneSense-Training/processed_grouped/processed_grouped/test/Normal/Normal- (2911).jpg,1,1,0.10398950483732712,0.3733750044958463,0.21668350694111174,0.30595198372571475
/content/drive/MyDrive/StoneSense-Training/processed_grouped/processed_grouped/test/Normal/Normal- (2912).jpg,1,1,0.12373901985327743,0.39794079567941304,0.2003875376250297,0.2779326468422797
/content/drive/MyDrive/StoneSense-Training/processed_grouped/processed_grouped/test/Normal/Normal- (2913).jpg,1,1,0.10942056815755935,0.3740643764554208,0.28068573011144654,0.2358293252755733
/content/drive/MyDrive/StoneSense-Training/processed_grouped/processed_grouped/test/Normal/Normal- (2914).jpg,1,2,0.07575221701948008,0.3659807099502631,0.4268027505900772,0.13146432244017958
/content/drive/MyDrive/StoneSense-Training/processed_grouped/processed_grouped/test/Normal/Normal- (2915).jpg,1,1,0.0727206285956187,0.41111512578480947,0.3047640314210072,0.2114002141985646
/content/drive/MyDrive/StoneSense-Training/processed_grouped/processed_grouped/test/Normal/Normal- (2916).jpg,1,1,0.06295234804093301,0.43212460448799495,0.257614698904012,0.24730834856706002
/content/drive/MyDrive/StoneSense-Training/processed_grouped/processed_grouped/test/Normal/Normal- (2917).jpg,1,1,0.14084107871528553,0.3732275481070528,0.2695053406180392,0.21642603255962248
/content/drive/MyDrive/StoneSense-Training/processed_grouped/processed_grouped/test/Normal/Normal- (2952).jpg,1,2,0.1821236334355679,0.3479621446329829,0.3526193811244439,0.11729484080700527
/content/drive/MyDrive/StoneSense-Training/processed_grouped/processed_grouped/test/Normal/Normal- (2953).jpg,1,2,0.23881060673234034,0.25043346505569714,0.3988909996168331,0.11186492859512946
/content/drive/MyDrive/StoneSense-Training/processed_grouped/processed_grouped/test/Normal/Normal- (2979).jpg,1,2,0.029078833083350263,0.33536224561037,0.34700115799023407,0.28855776331604577
/content/drive/MyDrive/StoneSense-Training/processed_grouped/processed_grouped/test/Normal/Normal- (2980).jpg,1,2,0.031401342616406314,0.3706041872646791,0.3961968352937507,0.201797634825164
/content/drive/MyDrive/StoneSense-Training/processed_grouped/processed_grouped/test/Normal/Normal- (2981).jpg,1,2,0.027218713706221965,0.35673645749609495,0.40889859527055333,0.20714623352712966
/content/drive/MyDrive/StoneSense-Training/processed_grouped/processed_grouped/test/Normal/Normal- (2982).jpg,1,2,0.027665403626383568,0.34765638995140236,0.40698774802500387,0.21769045839721032
/content/drive/MyDrive/StoneSense-Training/processed_grouped/processed_grouped/test/Normal/Normal- (2983).jpg,1,1,0.026737843311044826,0.39710542652400027,0.38809872764350595,0.1880580025214491
/content/drive/MyDrive/StoneSense-Training/processed_grouped/processed_grouped/test/Normal/Normal- (2984).jpg,1,2,0.024908959720477828,0.38479633298847093,0.39509093465362777,0.19520377263742356
/content/drive/MyDrive/StoneSense-Training/processed_grouped/processed_grouped/test/Normal/Normal- (2985).jpg,1,1,0.02674304102714624,0.3448629816561243,0.3421042088492227,0.2862897684675067
/content/drive/MyDrive/StoneSense-Training/processed_grouped/processed_grouped/test/Normal/Normal- (2986).jpg,1,1,0.032402654101295704,0.36971935870740147,0.3343569416368278,0.2635210455544752
/content/drive/MyDrive/StoneSense-Training/processed_grouped/processed_grouped/test/Normal/Normal- (2987).jpg,1,1,0.05847411738905879,0.3976007353694418,0.29671158802539926,0.2472135592161001
/content/drive/MyDrive/StoneSense-Training/processed_grouped/processed_grouped/test/Normal/Normal- (2988).jpg,1,1,0.03585740735692885,0.3746363476772086,0.29872001884402133,0.29078622612184124
/content/drive/MyDrive/StoneSense-Training/processed_grouped/processed_grouped/test/Normal/Normal- (2989).jpg,1,1,0.03352257280926687,0.37311070691418363,0.3184974021564005,0.27486931812014886
/content/drive/MyDrive/StoneSense-Training/processed_grouped/processed_grouped/test/Normal/Normal- (2990).jpg,1,1,0.027261881553362365,0.35941733510756835,0.3436720851442853,0.2696486981947841
/content/drive/MyDrive/StoneSense-Training/processed_grouped/processed_grouped/test/Normal/Normal- (2991).jpg,1,2,0.02536800834218304,0.33010442679720364,0.35294794345852654,0.2915796214020869
/content/drive/MyDrive/StoneSense-Training/processed_grouped/processed_grouped/test/Normal/Normal- (2992).jpg,1,2,0.03964948876238068,0.268206856523446,0.36890998137237424,0.3232336733417991
/content/drive/MyDrive/StoneSense-Training/processed_grouped/processed_grouped/test/Normal/Normal- (2993).jpg,1,1,0.03384250412608785,0.3815600892134212,0.30540254910585163,0.2791948575546393
/content/drive/MyDrive/StoneSense-Training/processed_grouped/processed_grouped/test/Normal/Normal- (2994).jpg,1,1,0.040666008258439516,0.39977320693486595,0.28295507842329315,0.2766057063834015
/content/drive/MyDrive/StoneSense-Training/processed_grouped/processed_grouped/test/Normal/Normal- (2995).jpg,1,1,0.02648412963753518,0.3648819970701443,0.32139007548238646,0.2872437978099339
/content/drive/MyDrive/StoneSense-Training/processed_grouped/processed_grouped/test/Normal/Normal- (2996).jpg,1,1,0.034978016433935735,0.4040682065859303,0.3262129796485177,0.23474079733161632
/content/drive/MyDrive/StoneSense-Training/processed_grouped/processed_grouped/test/Normal/Normal- (2997).jpg,1,1,0.03184156306545606,0.4106054485353324,0.36760933101021404,0.18994365738899754
/content/drive/MyDrive/StoneSense-Training/processed_grouped/processed_grouped/test/Normal/Normal- (2998).jpg,1,1,0.03045965107476603,0.37796395776368613,0.33705626486525164,0.2545201262962962
/content/drive/MyDrive/StoneSense-Training/processed_grouped/processed_grouped/test/Normal/Normal- (2999).jpg,1,1,0.030396937784701792,0.3828868703307188,0.3476643882151617,0.2390518036694179
/content/drive/MyDrive/StoneSense-Training/processed_grouped/processed_grouped/test/Normal/Normal- (3000).jpg,1,1,0.02281112730427561,0.4072540592086563,0.33659588477893265,0.23333892870813547
/content/drive/MyDrive/StoneSense-Training/processed_grouped/processed_grouped/test/Normal/Normal- (3001).jpg,1,1,0.026225429392303996,0.40624313950006624,0.32568861289223044,0.2418428182153994
/content/drive/MyDrive/StoneSense-Training/processed_grouped/processed_grouped/test/Normal/Normal- (3002).jpg,1,1,0.026868412203531044,0.40212880401840123,0.32365560812645844,0.24734717565160924
/content/drive/MyDrive/StoneSense-Training/processed_grouped/processed_grouped/test/Normal/Normal- (3003).jpg,1,1,0.03495752750715556,0.36230559116131844,0.3390416541656152,0.26369522716591076
/content/drive/MyDrive/StoneSense-Training/processed_grouped/processed_grouped/test/Normal/Normal- (3004).jpg,1,1,0.022549721862882947,0.38971778950782215,0.33624446032035366,0.25148802830894124
/content/drive/MyDrive/StoneSense-Training/processed_grouped/processed_grouped/test/Normal/Normal- (3005).jpg,1,1,0.016816346567029267,0.40496337546211564,0.3303292667778751,0.24789101119297985
/content/drive/MyDrive/StoneSense-Training/processed_grouped/processed_grouped/test/Normal/Normal- (3006).jpg,1,1,0.021716741451770445,0.4046662010850333,0.3038459643598987,0.26977109310329767
/content/drive/MyDrive/StoneSense-Training/processed_grouped/processed_grouped/test/Normal/Normal- (3007).jpg,1,1,0.02704489718864081,0.37869351440051735,0.2758919032505747,0.31836968516026715
/content/drive/MyDrive/StoneSense-Training/processed_grouped/processed_grouped/test/Normal/Normal- (3008).jpg,1,2,0.0379757832342682,0.30305571327919706,0.3903417420546101,0.26862676143192454
/content/drive/MyDrive/StoneSense-Training/processed_grouped/processed_grouped/test/Normal/Normal- (3009).jpg,1,2,0.033921559530625256,0.32427671582094786,0.43614023255073275,0.20566149209769416
/content/drive/MyDrive/StoneSense-Training/processed_grouped/processed_grouped/test/Normal/Normal- (3010).jpg,1,2,0.031241985203880322,0.34028443404567016,0.4353335487087805,0.1931400320416689
/content/drive/MyDrive/StoneSense-Training/processed_grouped/processed_grouped/test/Normal/Normal- (3011).jpg,1,2,0.022550364680528144,0.3695311350470097,0.3723442394798624,0.23557426079259977
/content/drive/MyDrive/StoneSense-Training/processed_grouped/processed_grouped/test/Normal/Normal- (3012).jpg,1,2,0.04486163848631694,0.33286275687650907,0.3660110906968614,0.2562645139403126
/content/drive/MyDrive/StoneSense-Training/processed_grouped/processed_grouped/test/Normal/Normal- (3013).jpg,1,2,0.049763404325432026,0.28721437918871295,0.4252073245815254,0.23781489190432958
/content/drive/MyDrive/StoneSense-Training/processed_grouped/processed_grouped/test/Normal/Normal- (3014).jpg,1,2,0.04522715707915802,0.2847848857549852,0.4758367670696635,0.19415119009619333
/content/drive/MyDrive/StoneSense-Training/processed_grouped/processed_grouped/test/Normal/Normal- (3015).jpg,1,2,0.03745902734972474,0.3123805281147592,0.45403498576187845,0.1961254587736376
/content/drive/MyDrive/StoneSense-Training/processed_grouped/processed_grouped/test/Normal/Normal- (3016).jpg,1,2,0.040800776074517174,0.34984747029292756,0.39095980528377505,0.21839194834878037
/content/drive/MyDrive/StoneSense-Training/processed_grouped/processed_grouped/test/Normal/Normal- (3017).jpg,1,1,0.026876878136648696,0.36693235839077,0.34178071784465935,0.264410045627922
/content/drive/MyDrive/StoneSense-Training/processed_grouped/processed_grouped/test/Normal/Normal- (3018).jpg,1,1,0.0180802237851791,0.3756651400384657,0.3703885682363696,0.23586606793998566
/content/drive/MyDrive/StoneSense-Training/processed_grouped/processed_grouped/test/Normal/Normal- (3019).jpg,1,1,0.019638623023716755,0.39004920613560395,0.36696172981157765,0.2233504410291015
/content/drive/MyDrive/StoneSense-Training/processed_grouped/processed_grouped/test/Normal/Normal- (3020).jpg,1,1,0.014411022297870195,0.42623051134351697,0.3540682413642979,0.20529022499431496
/content/drive/MyDrive/StoneSense-Training/processed_grouped/processed_grouped/test/Normal/Normal- (3021).jpg,1,2,0.019935623588626196,0.3914841908124831,0.41013522796529955,0.17844495763359108
/content/drive/MyDrive/StoneSense-Training/processed_grouped/processed_grouped/test/Normal/Normal- (3022).jpg,1,1,0.03146365638339272,0.4263000946895425,0.40039145990713715,0.1418447890199276
/content/drive/MyDrive/StoneSense-Training/processed_grouped/processed_grouped/test/Normal/Normal- (3023).jpg,1,1,0.0365864330441754,0.4584403361499498,0.37577720238097795,0.1291960284248969
/content/drive/MyDrive/StoneSense-Training/processed_grouped/processed_grouped/test/Normal/Normal- (3024).jpg,1,1,0.06062453784912099,0.44865706583835796,0.3785581826821237,0.11216021363039735
/content/drive/MyDrive/StoneSense-Training/processed_grouped/processed_grouped/test/Normal/Normal- (3025).jpg,1,1,0.03174347240621585,0.4223702963925234,0.39570825448322,0.15017797671804076
/content/drive/MyDrive/StoneSense-Training/processed_grouped/processed_grouped/test/Normal/Normal- (3026).jpg,1,1,0.01573104048550373,0.43388955439874366,0.3866279120055072,0.16375149311024537
/content/drive/MyDrive/StoneSense-Training/processed_grouped/processed_grouped/test/Normal/Normal- (3027).jpg,1,1,0.01314263046719957,0.4580724911137184,0.3767947828174483,0.15199009560163365
/content/drive/MyDrive/StoneSense-Training/processed_grouped/processed_grouped/test/Normal/Normal- (3028).jpg,1,1,0.014183271305454723,0.45346554938211314,0.36002615234327395,0.17232502696915825
/content/drive/MyDrive/StoneSense-Training/processed_grouped/processed_grouped/test/Normal/Normal- (3029).jpg,1,1,0.027512490301919663,0.4195232128286001,0.35671247917158444,0.19625181769789582
/content/drive/MyDrive/StoneSense-Training/processed_grouped/processed_grouped/test/Normal/Normal- (3030).jpg,1,1,0.04530200476684499,0.3793847290293934,0.37674020576991835,0.1985730604338434
/content/drive/MyDrive/StoneSense-Training/processed_grouped/processed_grouped/test/Normal/Normal- (3031).jpg,1,2,0.06593816976610929,0.3141888412019267,0.443288178450264,0.17658481058170003
/content/drive/MyDrive/StoneSense-Training/processed_grouped/processed_grouped/test/Normal/Normal- (3032).jpg,1,2,0.06328519309097766,0.33056870335054606,0.41810824168779004,0.18803786187068633
/content/drive/MyDrive/StoneSense-Training/processed_grouped/processed_grouped/test/Normal/Normal- (3033).jpg,1,1,0.043075446724428486,0.38994147568645954,0.33515472348665243,0.23182835410245958
/content/drive/MyDrive/StoneSense-Training/processed_grouped/processed_grouped/test/Normal/Normal- (3034).jpg,1,1,0.05677871773172144,0.36390746374665967,0.3149191612122064,0.26439465730941236
/content/drive/MyDrive/StoneSense-Training/processed_grouped/processed_grouped/test/Normal/Normal- (3035).jpg,1,1,0.04512642353982799,0.3902913286107169,0.2567966151736258,0.30778563267582937
/content/drive/MyDrive/StoneSense-Training/processed_grouped/processed_grouped/test/Normal/Normal- (3036).jpg,1,1,0.04564111615764209,0.3995774948770753,0.27179282698986995,0.2829885619754125
/content/drive/MyDrive/StoneSense-Training/processed_grouped/processed_grouped/test/Normal/Normal- (3037).jpg,1,1,0.029021313990318143,0.43100320464038044,0.3103068075601712,0.22966867380913014
/content/drive/MyDrive/StoneSense-Training/processed_grouped/processed_grouped/test/Normal/Normal- (3038).jpg,1,1,0.026618797227540486,0.4320461236343861,0.32209438409619406,0.21924069504187949
/content/drive/MyDrive/StoneSense-Training/processed_grouped/processed_grouped/test/Normal/Normal- (3039).jpg,1,1,0.02756070049673363,0.4601870310843401,0.3028243234617674,0.20942794495715877
/content/drive/MyDrive/StoneSense-Training/processed_grouped/processed_grouped/test/Normal/Normal- (3040).jpg,1,1,0.020122287207265853,0.4909463391739732,0.30533161738353093,0.18359975623523012
/content/drive/MyDrive/StoneSense-Training/processed_grouped/processed_grouped/test/Normal/Normal- (3041).jpg,1,1,0.02657506042264743,0.46725025036682744,0.2923694305612002,0.21380525864932493
/content/drive/MyDrive/StoneSense-Training/processed_grouped/processed_grouped/test/Normal/Normal- (3042).jpg,1,1,0.026656394317911402,0.4839512272880149,0.289271538742582,0.2001208396514917
/content/drive/MyDrive/StoneSense-Training/processed_grouped/processed_grouped/test/Normal/Normal- (3043).jpg,1,1,0.03207678196311333,0.4957520580924925,0.29485562312624963,0.17731553681814455
/content/drive/MyDrive/StoneSense-Training/processed_grouped/processed_grouped/test/Normal/Normal- (3044).jpg,1,1,0.03242546457071691,0.5145923014664414,0.29184620704195957,0.1611360269208823
/content/drive/MyDrive/StoneSense-Training/processed_grouped/processed_grouped/test/Normal/Normal- (3045).jpg,1,1,0.03408156603670384,0.5080767642611508,0.2722205416036322,0.18562112809851303
/content/drive/MyDrive/StoneSense-Training/processed_grouped/processed_grouped/test/Normal/Normal- (3046).jpg,1,1,0.029067953236211006,0.4630874847276995,0.2938407645793497,0.21400379745673984
/content/drive/MyDrive/StoneSense-Training/processed_grouped/processed_grouped/test/Normal/Normal- (3047).jpg,1,1,0.04352538050046921,0.38214922539880797,0.32162561922162985,0.25269977487909306
/content/drive/MyDrive/StoneSense-Training/processed_grouped/processed_grouped/test/Normal/Normal- (3048).jpg,1,1,0.05419913089817717,0.3668664916834519,0.3084012571459075,0.2705331202724634
/content/drive/MyDrive/StoneSense-Training/processed_grouped/processed_grouped/test/Normal/Normal- (3049).jpg,1,1,0.061765896984669964,0.3635926514278442,0.3169846685128021,0.25765678307468387
/content/drive/MyDrive/StoneSense-Training/processed_grouped/processed_grouped/test/Normal/Normal- (3050).jpg,1,1,0.043877428539270034,0.4043954437509827,0.3019854350196633,0.24974169269008398
/content/drive/MyDrive/StoneSense-Training/processed_grouped/processed_grouped/test/Normal/Normal- (3051).jpg,1,1,0.03964589624126229,0.3907277698623147,0.3196121686527429,0.25001416524368
/content/drive/MyDrive/StoneSense-Training/processed_grouped/processed_grouped/test/Normal/Normal- (3052).jpg,1,1,0.04217343811547438,0.38677263745237656,0.2929533948340021,0.27810052959814696
/content/drive/MyDrive/StoneSense-Training/processed_grouped/processed_grouped/test/Normal/Normal- (3053).jpg,1,1,0.03869495708682486,0.3821051657457194,0.30788560622498756,0.27131427094246824
/content/drive/MyDrive/StoneSense-Training/processed_grouped/processed_grouped/test/Normal/Normal- (3054).jpg,1,2,0.08685226062404588,0.2711592960343711,0.3909800495588013,0.25100839378278167
/content/drive/MyDrive/StoneSense-Training/processed_grouped/processed_grouped/test/Normal/Normal- (3055).jpg,1,2,0.08616710131874553,0.2677792041141014,0.37432759814894007,0.27172609641821316
/content/drive/MyDrive/StoneSense-Training/processed_grouped/processed_grouped/test/Normal/Normal- (3056).jpg,1,1,0.0626258986428617,0.3460843947376312,0.3183033827526082,0.27298632386689897
/content/drive/MyDrive/StoneSense-Training/processed_grouped/processed_grouped/test/Normal/Normal- (3057).jpg,1,1,0.04067232958913405,0.39603816149729837,0.33772008934161346,0.2255694195719542
/content/drive/MyDrive/StoneSense-Training/processed_grouped/processed_grouped/test/Normal/Normal- (3058).jpg,1,1,0.043571170815185314,0.3760909113580748,0.36742198575557206,0.21291593207116796
/content/drive/MyDrive/StoneSense-Training/processed_grouped/processed_grouped/test/Normal/Normal- (3059).jpg,1,1,0.04100570226901286,0.40738594256418387,0.3303566929566643,0.22125166221013892
/content/drive/MyDrive/StoneSense-Training/processed_grouped/processed_grouped/test/Normal/Normal- (3060).jpg,1,1,0.04998500625314621,0.40555536961163197,0.3411701247102034,0.20328949942501853
/content/drive/MyDrive/StoneSense-Training/processed_grouped/processed_grouped/test/Normal/Normal- (3061).jpg,1,2,0.04532763241167472,0.3902762871316057,0.3907574652349595,0.17363861522176008
/content/drive/MyDrive/StoneSense-Training/processed_grouped/processed_grouped/test/Normal/Normal- (3062).jpg,1,2,0.056156419462012,0.3707848663012703,0.42443497041318407,0.14862374382353383
/content/drive/MyDrive/StoneSense-Training/processed_grouped/processed_grouped/test/Normal/Normal- (3063).jpg,1,1,0.05033203909507011,0.41462936052675803,0.3695081618976856,0.1655304384804863
/content/drive/MyDrive/StoneSense-Training/processed_grouped/processed_grouped/test/Normal/Normal- (3064).jpg,1,1,0.0607083650883612,0.43678565028172633,0.27570820564697385,0.2267977789829386
/content/drive/MyDrive/StoneSense-Training/processed_grouped/processed_grouped/test/Normal/Normal- (3065).jpg,1,1,0.04843759568240257,0.4641462795806287,0.29914863063612845,0.1882674941008404
/content/drive/MyDrive/StoneSense-Training/processed_grouped/processed_grouped/test/Normal/Normal- (3066).jpg,1,1,0.07255742236557697,0.433599240573264,0.2940461673236263,0.1997971697375327
/content/drive/MyDrive/StoneSense-Training/processed_grouped/processed_grouped/test/Normal/Normal- (3067).jpg,1,1,0.09958991485720398,0.4007023983036779,0.23317280723117087,0.2665348796079473
/content/drive/MyDrive/StoneSense-Training/processed_grouped/processed_grouped/test/Normal/Normal- (3068).jpg,1,1,0.08251296859242677,0.42064953222649354,0.2686450708886142,0.22819242829246533
/content/drive/MyDrive/StoneSense-Training/processed_grouped/processed_grouped/test/Normal/Normal- (3069).jpg,1,1,0.07078461671012944,0.43248153147117185,0.26635571409847325,0.2303781377202255
/content/drive/MyDrive/StoneSense-Training/processed_grouped/processed_grouped/test/Normal/Normal- (3070).jpg,1,1,0.059534871053718186,0.43338056117722734,0.32685798948221173,0.1802265782868428
/content/drive/MyDrive/StoneSense-Training/processed_grouped/processed_grouped/test/Normal/Normal- (3071).jpg,1,1,0.07083336283819318,0.42179727565073555,0.27660473394732504,0.2307646275637462
/content/drive/MyDrive/StoneSense-Training/processed_grouped/processed_grouped/test/Normal/Normal- (3072).jpg,1,1,0.08733234752255525,0.38891243300556994,0.2981923171169707,0.22556290235490414
/content/drive/MyDrive/StoneSense-Training/processed_grouped/processed_grouped/test/Normal/Normal- (3073).jpg,1,1,0.08126529779533798,0.3991263474423201,0.32211154842472844,0.19749680633761332
/content/drive/MyDrive/StoneSense-Training/processed_grouped/processed_grouped/test/Normal/Normal- (3074).jpg,1,1,0.0540686716644562,0.4520064497988945,0.28668194640627204,0.20724293213037728
/content/drive/MyDrive/StoneSense-Training/processed_grouped/processed_grouped/test/Normal/Normal- (3075).jpg,1,1,0.05672139439484474,0.5014161143518154,0.25467154237151934,0.18719094888182056
/content/drive/MyDrive/StoneSense-Training/processed_grouped/processed_grouped/test/Normal/Normal- (3076).jpg,1,1,0.07932946756163088,0.48358319100605474,0.22390767541432008,0.21317966601799432
/content/drive/MyDrive/StoneSense-Training/processed_grouped/processed_grouped/test/Normal/Normal- (3077).jpg,1,1,0.11090089983426435,0.4356357584842691,0.18235517844161392,0.27110816323985254
/content/drive/MyDrive/StoneSense-Training/processed_grouped/processed_grouped/test/Normal/Normal- (3078).jpg,1,1,0.1626609531277613,0.4233393464489029,0.18333609537646614,0.23066360504686956
/content/drive/MyDrive/StoneSense-Training/processed_grouped/processed_grouped/test/Normal/Normal- (3079).jpg,1,1,0.21388847759612045,0.39909073940254086,0.2034950962447553,0.1835256867565833
/content/drive/MyDrive/StoneSense-Training/processed_grouped/processed_grouped/test/Normal/Normal- (3080).jpg,1,1,0.2292409790762301,0.3786320119068406,0.20303087579298362,0.18909613322394567
/content/drive/MyDrive/StoneSense-Training/processed_grouped/processed_grouped/test/Normal/Normal- (3081).jpg,1,1,0.13248469153431686,0.46801123975031766,0.16229208271163895,0.23721198600372642
/content/drive/MyDrive/StoneSense-Training/processed_grouped/processed_grouped/test/Normal/Normal- (3082).jpg,1,1,0.09577420116544066,0.47911206023191283,0.1854760133953184,0.23963772520732804
/content/drive/MyDrive/StoneSense-Training/processed_grouped/processed_grouped/test/Normal/Normal- (3083).jpg,1,1,0.07619236878739025,0.502585791671089,0.22464537807583793,0.1965764614656829
/content/drive/MyDrive/StoneSense-Training/processed_grouped/processed_grouped/test/Normal/Normal- (3084).jpg,1,1,0.0979418521979207,0.4752712048544936,0.2247187873617826,0.20206815558580316
/content/drive/MyDrive/StoneSense-Training/processed_grouped/processed_grouped/test/Normal/Normal- (3085).jpg,1,1,0.02747661137389419,0.5461451262546722,0.2978493881876628,0.12852887418377096
/content/drive/MyDrive/StoneSense-Training/processed_grouped/processed_grouped/test/Normal/Normal- (3086).jpg,1,1,0.020886353135650057,0.537011283496129,0.33851061243758007,0.10359175093064091
/content/drive/MyDrive/StoneSense-Training/processed_grouped/processed_grouped/test/Normal/Normal- (3087).jpg,1,1,0.021915517959240457,0.5281747704159425,0.35595747314211973,0.09395223848269735
/content/drive/MyDrive/StoneSense-Training/processed_grouped/processed_grouped/test/Normal/Normal- (3088).jpg,1,1,0.029280356477651336,0.4813680121486643,0.4190224859774707,0.07032914539621365
/content/drive/MyDrive/StoneSense-Training/processed_grouped/processed_grouped/test/Normal/Normal- (3089).jpg,1,1,0.03226603139290467,0.48236827267919274,0.41760914811102967,0.06775654781687289
/content/drive/MyDrive/StoneSense-Training/processed_grouped/processed_grouped/test/Normal/Normal- (3090).jpg,1,1,0.027390480260328944,0.4938507173607514,0.35472292279777207,0.12403587958114771
/content/drive/MyDrive/StoneSense-Training/processed_grouped/processed_grouped/test/Normal/Normal- (3091).jpg,1,1,0.03572337925128456,0.47774777084082237,0.3636803623037867,0.1228484876041065
/content/drive/MyDrive/StoneSense-Training/processed_grouped/processed_grouped/test/Normal/Normal- (3092).jpg,1,1,0.0472390818904277,0.4547573373417136,0.3570777803433804,0.14092580042447825
/content/drive/MyDrive/StoneSense-Training/processed_grouped/processed_grouped/test/Normal/Normal- (3093).jpg,1,1,0.03732152651539593,0.4401244507650957,0.41570973123120003,0.10684429148830843
/content/drive/MyDrive/StoneSense-Training/processed_grouped/processed_grouped/test/Normal/Normal- (3094).jpg,1,1,0.035860174939626246,0.4485792935941367,0.32091804356227044,0.1946424879039665
/content/drive/MyDrive/StoneSense-Training/processed_grouped/processed_grouped/test/Normal/Normal- (3095).jpg,1,1,0.04150350563936453,0.4476512667426569,0.32188507779469716,0.18896014982328138
/content/drive/MyDrive/StoneSense-Training/processed_grouped/processed_grouped/test/Normal/Normal- (3096).jpg,1,1,0.04247734493414534,0.49152939859088135,0.25285097578102245,0.2131422806939509
/content/drive/MyDrive/StoneSense-Training/processed_grouped/processed_grouped/test/Normal/Normal- (3097).jpg,1,1,0.04256005931278089,0.49487447706100623,0.2362432271421012,0.2263222364841116
/content/drive/MyDrive/StoneSense-Training/processed_grouped/processed_grouped/test/Normal/Normal- (3098).jpg,1,1,0.03893132140100263,0.47959935184660824,0.2610404771323975,0.2204288496199917
/content/drive/MyDrive/StoneSense-Training/processed_grouped/processed_grouped/test/Normal/Normal- (3099).jpg,1,1,0.061141871026806786,0.47488296444832256,0.18032503875528202,0.2836501257695886
/content/drive/MyDrive/StoneSense-Training/processed_grouped/processed_grouped/test/Normal/Normal- (3100).jpg,1,1,0.08051355023662105,0.46865381931591,0.16443343675300318,0.2863991936944657
/content/drive/MyDrive/StoneSense-Training/processed_grouped/processed_grouped/test/Normal/Normal- (3101).jpg,1,1,0.07723204472384473,0.5057907722768983,0.1848098292913757,0.2321673537078813
/content/drive/MyDrive/StoneSense-Training/processed_grouped/processed_grouped/test/Normal/Normal- (3102).jpg,1,1,0.09818899452223111,0.4688115552430758,0.15353084485529656,0.2794686053793965
/content/drive/MyDrive/StoneSense-Training/processed_grouped/processed_grouped/test/Normal/Normal- (3103).jpg,1,1,0.07064006532686545,0.4763227539987485,0.17342914081018168,0.2796080398642043
/content/drive/MyDrive/StoneSense-Training/processed_grouped/processed_grouped/test/Normal/Normal- (3104).jpg,1,1,0.0664932225447908,0.49128981308353603,0.1965281926859957,0.24568877168567757
/content/drive/MyDrive/StoneSense-Training/processed_grouped/processed_grouped/test/Normal/Normal- (3105).jpg,1,1,0.035932537302718844,0.5209060793276478,0.29830991294031367,0.1448514704293196
/content/drive/MyDrive/StoneSense-Training/processed_grouped/processed_grouped/test/Normal/Normal- (3106).jpg,1,1,0.06143377721144882,0.5808255208054507,0.23398110043141493,0.12375960155168561
/content/drive/MyDrive/StoneSense-Training/processed_grouped/processed_grouped/test/Normal/Normal- (3107).jpg,1,1,0.057750562648378856,0.5414934091591275,0.21041835685148713,0.19033767134100646
/content/drive/MyDrive/StoneSense-Training/processed_grouped/processed_grouped/test/Normal/Normal- (3108).jpg,1,1,0.03236809166892793,0.44232296210167515,0.30888500298350496,0.21642394324589195
/content/drive/MyDrive/StoneSense-Training/processed_grouped/processed_grouped/test/Normal/Normal- (3109).jpg,1,1,0.04063065898120067,0.4448631045912643,0.18839697014486662,0.3261092662826684
/content/drive/MyDrive/StoneSense-Training/processed_grouped/processed_grouped/test/Normal/Normal- (3110).jpg,1,3,0.04903078406533105,0.3658356983735882,0.21088047277885316,0.3742530447822277
/content/drive/MyDrive/StoneSense-Training/processed_grouped/processed_grouped/test/Normal/Normal- (3111).jpg,1,1,0.07795517949154147,0.3612270485221006,0.2116328566326274,0.34918491535373064
/content/drive/MyDrive/StoneSense-Training/processed_grouped/processed_grouped/test/Normal/Normal- (3112).jpg,1,1,0.07318161358036035,0.3717679147586118,0.20399063507397922,0.35105983658704853
/content/drive/MyDrive/StoneSense-Training/processed_grouped/processed_grouped/test/Normal/Normal- (3113).jpg,1,1,0.06888099489357417,0.37533595201954023,0.22110124841052828,0.3346818046763573
/content/drive/MyDrive/StoneSense-Training/processed_grouped/processed_grouped/test/Normal/Normal- (3114).jpg,1,1,0.059482207697260384,0.4679038172467179,0.18967081445596104,0.2829431606000607
/content/drive/MyDrive/StoneSense-Training/processed_grouped/processed_grouped/test/Normal/Normal- (3115).jpg,1,1,0.05663662143607803,0.5045744372841479,0.20690616321620847,0.2318827780635656
/content/drive/MyDrive/StoneSense-Training/processed_grouped/processed_grouped/test/Normal/Normal- (3116).jpg,1,1,0.06811166624960188,0.5100026792913293,0.20434166973975593,0.21754398471931302
/content/drive/MyDrive/StoneSense-Training/processed_grouped/processed_grouped/test/Normal/Normal- (3117).jpg,1,1,0.1008139659046692,0.46612028777945413,0.1780012480415925,0.2550644982742841
/content/drive/MyDrive/StoneSense-Training/processed_grouped/processed_grouped/test/Normal/Normal- (3124).jpg,1,3,0.23839699497351144,0.17817237783577827,0.16878948125918788,0.41464114593152246
/content/drive/MyDrive/StoneSense-Training/processed_grouped/processed_grouped/test/Normal/Normal- (3125).jpg,1,3,0.11211073079044992,0.2985696503663217,0.14973777424343587,0.4395818445997925
/content/drive/MyDrive/StoneSense-Training/processed_grouped/processed_grouped/test/Normal/Normal- (3126).jpg,1,3,0.09320236444717628,0.3299195520454778,0.12235111091806208,0.4545269725892839
/content/drive/MyDrive/StoneSense-Training/processed_grouped/processed_grouped/test/Normal/Normal- (3127).jpg,1,3,0.10296756019575061,0.3329974825642722,0.1426465259147021,0.42138843132527515
/content/drive/MyDrive/StoneSense-Training/processed_grouped/processed_grouped/test/Normal/Normal- (3128).jpg,1,1,0.07533707320368263,0.3683016659521684,0.2083328899489536,0.34802837089519534
/content/drive/MyDrive/StoneSense-Training/processed_grouped/processed_grouped/test/Normal/Normal- (3129).jpg,1,1,0.07718472280803851,0.38051274321779505,0.20736253087636344,0.33494000309780303
/content/drive/MyDrive/StoneSense-Training/processed_grouped/processed_grouped/test/Normal/Normal- (3130).jpg,1,1,0.09963672045999272,0.4229283162063025,0.15288780645392525,0.32454715687977964
/content/drive/MyDrive/StoneSense-Training/processed_grouped/processed_grouped/test/Normal/Normal- (3131).jpg,1,1,0.13669559670231202,0.4008854366606804,0.16226556786278948,0.3001533987742182
/content/drive/MyDrive/StoneSense-Training/processed_grouped/processed_grouped/test/Normal/Normal- (3132).jpg,1,1,0.08959872990671504,0.4468727042045867,0.15292519973023821,0.31060336615846007
/content/drive/MyDrive/StoneSense-Training/processed_grouped/processed_grouped/test/Normal/Normal- (3133).jpg,1,1,0.071237342912462,0.4546862523568182,0.18691392169032905,0.2871624830403909
/content/drive/MyDrive/StoneSense-Training/processed_grouped/processed_grouped/test/Normal/Normal- (3134).jpg,1,1,0.12591289904164188,0.4411642092270164,0.15167177163927625,0.2812511200920655
/content/drive/MyDrive/StoneSense-Training/processed_grouped/processed_grouped/test/Normal/Normal- (3135).jpg,1,1,0.13582922994839716,0.44393904870299006,0.17677259550534483,0.24345912584326798
/content/drive/MyDrive/StoneSense-Training/processed_grouped/processed_grouped/test/Normal/Normal- (3136).jpg,1,1,0.14373028999664458,0.44462578491625876,0.154414099167977,0.2572298259191197
/content/drive/MyDrive/StoneSense-Training/processed_grouped/processed_grouped/test/Normal/Normal- (3137).jpg,1,1,0.2040323790822751,0.41927797689845053,0.17794299266088737,0.19874665135838704
/content/drive/MyDrive/StoneSense-Training/processed_grouped/processed_grouped/test/Normal/Normal- (3138).jpg,1,1,0.2035646802915191,0.4434136230800097,0.16613147782756396,0.1868902188009072
/content/drive/MyDrive/StoneSense-Training/processed_grouped/processed_grouped/test/Normal/Normal- (3139).jpg,1,1,0.24259355351504647,0.41162178224899687,0.1808712194903251,0.1649134447456315
/content/drive/MyDrive/StoneSense-Training/processed_grouped/processed_grouped/test/Normal/Normal- (3140).jpg,1,1,0.26583200489303893,0.3515133315815921,0.22065928310283905,0.16199538042252995
/content/drive/MyDrive/StoneSense-Training/processed_grouped/processed_grouped/test/Normal/Normal- (3141).jpg,1,0,0.2998794732688962,0.2502412483588746,0.28914988532686625,0.16072939304536304
/content/drive/MyDrive/StoneSense-Training/processed_grouped/processed_grouped/test/Normal/Normal- (3142).jpg,1,0,0.2736306324221492,0.2612249593518248,0.2650583749913623,0.20008603323466373
/content/drive/MyDrive/StoneSense-Training/processed_grouped/processed_grouped/test/Normal/Normal- (3143).jpg,1,0,0.3422886637347996,0.26570319165585615,0.2769500544595688,0.11505809014977539
/content/drive/MyDrive/StoneSense-Training/processed_grouped/processed_grouped/test/Normal/Normal- (3144).jpg,1,0,0.43216079792486334,0.20171965646346615,0.25272691418786886,0.1133926314238017
/content/drive/MyDrive/StoneSense-Training/processed_grouped/processed_grouped/test/Normal/Normal- (3145).jpg,1,0,0.4029774489085184,0.2561980320665827,0.20866381814738102,0.13216070087751777
/content/drive/MyDrive/StoneSense-Training/processed_grouped/processed_grouped/test/Normal/Normal- (3146).jpg,1,0,0.31984238081594,0.31307941222663505,0.2300256804089475,0.13705252654847747
/content/drive/MyDrive/StoneSense-Training/processed_grouped/processed_grouped/test/Normal/Normal- (3147).jpg,1,0,0.5012722902447359,0.16829972608494648,0.17328615403946368,0.15714182963085405
/content/drive/MyDrive/StoneSense-Training/processed_grouped/processed_grouped/test/Normal/Normal- (3148).jpg,1,0,0.444106137275376,0.18864144556390064,0.24468920992434695,0.12256320723637641
/content/drive/MyDrive/StoneSense-Training/processed_grouped/processed_grouped/test/Normal/Normal- (3156).jpg,1,1,0.25152957149031896,0.3320404518648355,0.3181514211266481,0.09827855551819743
/content/drive/MyDrive/StoneSense-Training/processed_grouped/processed_grouped/test/Normal/Normal- (3157).jpg,1,1,0.1391027630071328,0.4697464485952592,0.20602347924041703,0.1851273091571909
/content/drive/MyDrive/StoneSense-Training/processed_grouped/processed_grouped/test/Normal/Normal- (3158).jpg,1,1,0.14677628543760823,0.44730898265480395,0.1965095493773248,0.20940518253026286
/content/drive/MyDrive/StoneSense-Training/processed_grouped/processed_grouped/test/Normal/Normal- (3159).jpg,1,1,0.13659103602732198,0.41388483225091105,0.15254143666079972,0.29698269506096725
/content/drive/MyDrive/StoneSense-Training/processed_grouped/processed_grouped/test/Normal/Normal- (3160).jpg,1,1,0.16847501921694105,0.4200928676513776,0.20056230883972265,0.21086980429195878
/content/drive/MyDrive/StoneSense-Training/processed_grouped/processed_grouped/test/Normal/Normal- (3161).jpg,1,1,0.12759757187852233,0.45656674198242525,0.18975974877170992,0.2260759373673424
/content/drive/MyDrive/StoneSense-Training/processed_grouped/processed_grouped/test/Normal/Normal- (3162).jpg,1,1,0.11032723838957145,0.4809336378641641,0.18853694164099852,0.22020218210526582
/content/drive/MyDrive/StoneSense-Training/processed_grouped/processed_grouped/test/Normal/Normal- (3163).jpg,1,1,0.11705753481726082,0.509426637615916,0.21220274692473134,0.1613130806420918
/content/drive/MyDrive/StoneSense-Training/processed_grouped/processed_grouped/test/Normal/Normal- (3164).jpg,1,1,0.11036259540645842,0.5405689528907318,0.22363668895107833,0.12543176275173148
/content/drive/MyDrive/StoneSense-Training/processed_grouped/processed_grouped/test/Normal/Normal- (3165).jpg,1,1,0.07652911675503557,0.49415164121733257,0.22034696358475317,0.20897227844287877
/content/drive/MyDrive/StoneSense-Training/processed_grouped/processed_grouped/test/Normal/Normal- (3166).jpg,1,1,0.07712722726060102,0.45433996173445884,0.19547872616918896,0.2730540848357513
/content/drive/MyDrive/StoneSense-Training/processed_grouped/processed_grouped/test/Normal/Normal- (3167).jpg,1,1,0.09278002965501454,0.4793214054172716,0.20634512917883768,0.22155343574887618
/content/drive/MyDrive/StoneSense-Training/processed_grouped/processed_grouped/test/Normal/Normal- (3168).jpg,1,1,0.11220403779551374,0.4448390507270561,0.2456447917554794,0.1973121197219509
/content/drive/MyDrive/StoneSense-Training/processed_grouped/processed_grouped/test/Normal/Normal- (334).jpg,1,1,0.10517578246931304,0.4760197281476006,0.30359271301979507,0.11521177636329138
/content/drive/MyDrive/StoneSense-Training/processed_grouped/processed_grouped/test/Normal/Normal- (335).jpg,1,1,0.0731780984865015,0.517831882215933,0.22467601163116388,0.18431400766640166
/content/drive/MyDrive/StoneSense-Training/processed_grouped/processed_grouped/test/Normal/Normal- (336).jpg,1,1,0.06061651092806804,0.4993153609086419,0.21391342599954768,0.22615470216374245
/content/drive/MyDrive/StoneSense-Training/processed_grouped/processed_grouped/test/Normal/Normal- (337).jpg,1,1,0.07135246273234643,0.47547558511172744,0.1837946749779652,0.2693772771779611
/content/drive/MyDrive/StoneSense-Training/processed_grouped/processed_grouped/test/Normal/Normal- (338).jpg,1,1,0.09851117807119383,0.4081578181993315,0.24259196120762133,0.2507390425218534
/content/drive/MyDrive/StoneSense-Training/processed_grouped/processed_grouped/test/Normal/Normal- (339).jpg,1,1,0.1638597376710848,0.39880000216848976,0.2508747051050785,0.18646555505534695
/content/drive/MyDrive/StoneSense-Training/processed_grouped/processed_grouped/test/Normal/Normal- (340).jpg,1,1,0.22840485828479268,0.45872510456348053,0.17765968782588723,0.13521034932583956
/content/drive/MyDrive/StoneSense-Training/processed_grouped/processed_grouped/test/Normal/Normal- (341).jpg,1,1,0.14402141777613997,0.5011538154359081,0.16028368602191195,0.1945410807660401
/content/drive/MyDrive/StoneSense-Training/processed_grouped/processed_grouped/test/Normal/Normal- (342).jpg,1,1,0.11651405436801911,0.49927166123069966,0.1600044095247797,0.2242098748765015
/content/drive/MyDrive/StoneSense-Training/processed_grouped/processed_grouped/test/Normal/Normal- (343).jpg,1,1,0.13401946429490244,0.4995230809273883,0.19337264580998464,0.17308480896772446
/content/drive/MyDrive/StoneSense-Training/processed_grouped/processed_grouped/test/Normal/Normal- (344).jpg,1,1,0.12338025231330287,0.4884921216363935,0.17459559601660832,0.2135320300336954
/content/drive/MyDrive/StoneSense-Training/processed_grouped/processed_grouped/test/Normal/Normal- (345).jpg,1,1,0.09547174978001312,0.5210667924867067,0.2075831402502689,0.1758783174830113
/content/drive/MyDrive/StoneSense-Training/processed_grouped/processed_grouped/test/Normal/Normal- (3452).jpg,1,3,0.27327251366425387,0.14310674494965053,0.19542535536329148,0.38819538602280407
/content/drive/MyDrive/StoneSense-Training/processed_grouped/processed_grouped/test/Normal/Normal- (3453).jpg,1,3,0.26590346621249306,0.19124567296879702,0.16335376273594113,0.3794970980827689
/content/drive/MyDrive/StoneSense-Training/processed_grouped/processed_grouped/test/Normal/Normal- (3454).jpg,1,3,0.29242556139964054,0.1324262315907105,0.21426436984389857,0.3608838371657504
/content/drive/MyDrive/StoneSense-Training/processed_grouped/processed_grouped/test/Normal/Normal- (3455).jpg,1,3,0.20217203723167132,0.1135573008773911,0.19922033407511727,0.4850503278158203
/content/drive/MyDrive/StoneSense-Training/processed_grouped/processed_grouped/test/Normal/Normal- (3456).jpg,1,3,0.24738421068477795,0.13106915082332465,0.19821622417001297,0.4233304143218844
/content/drive/MyDrive/StoneSense-Training/processed_grouped/processed_grouped/test/Normal/Normal- (3457).jpg,1,3,0.19305052936196115,0.1930588967572627,0.12724630047546637,0.48664427340530975
/content/drive/MyDrive/StoneSense-Training/processed_grouped/processed_grouped/test/Normal/Normal- (3458).jpg,1,3,0.1357771063002133,0.15158429797080641,0.11450888251603782,0.5981297132129424
/content/drive/MyDrive/StoneSense-Training/processed_grouped/processed_grouped/test/Normal/Normal- (346).jpg,1,1,0.10370585578426919,0.4897713868652056,0.19918860313001333,0.20733415422051182
/content/drive/MyDrive/StoneSense-Training/processed_grouped/processed_grouped/test/Normal/Normal- (347).jpg,1,1,0.10963132914353325,0.4603138934798769,0.16161492966548238,0.26843984771110746
/content/drive/MyDrive/StoneSense-Training/processed_grouped/processed_grouped/test/Normal/Normal- (348).jpg,1,1,0.13584492059890582,0.44020823782762947,0.14532866973815856,0.2786181718353062
/content/drive/MyDrive/StoneSense-Training/processed_grouped/processed_grouped/test/Normal/Normal- (349).jpg,1,1,0.14697385320922027,0.4540290455381898,0.15095817390359179,0.24803892734899816
/content/drive/MyDrive/StoneSense-Training/processed_grouped/processed_grouped/test/Normal/Normal- (350).jpg,1,1,0.13818034566145854,0.45229228096315166,0.1426508606296645,0.26687651274572544
/content/drive/MyDrive/StoneSense-Training/processed_grouped/processed_grouped/test/Normal/Normal- (351).jpg,1,1,0.1397774258321503,0.4765056909804613,0.14512400486682794,0.23859287832056042
/content/drive/MyDrive/StoneSense-Training/processed_grouped/processed_grouped/test/Normal/Normal- (352).jpg,1,1,0.14363695095536727,0.49318290310229923,0.15455811796478244,0.208622027977551
/content/drive/MyDrive/StoneSense-Training/processed_grouped/processed_grouped/test/Normal/Normal- (353).jpg,1,1,0.167883303043287,0.4727257055307791,0.15921140345635462,0.20017958796957933
/content/drive/MyDrive/StoneSense-Training/processed_grouped/processed_grouped/test/Normal/Normal- (354).jpg,1,1,0.16140084525916543,0.41192618307137585,0.19278507362875397,0.23388789804070473
/content/drive/MyDrive/StoneSense-Training/processed_grouped/processed_grouped/test/Normal/Normal- (355).jpg,1,1,0.08862774950886816,0.4556336370890885,0.15286024430302422,0.30287836909901916
/content/drive/MyDrive/StoneSense-Training/processed_grouped/processed_grouped/test/Normal/Normal- (356).jpg,1,1,0.07932289235848944,0.44324000906542255,0.15339010329837136,0.3240469952777167
/content/drive/MyDrive/StoneSense-Training/processed_grouped/processed_grouped/test/Normal/Normal- (357).jpg,1,1,0.11817240539006,0.4216670928684222,0.1380594958198645,0.3221010059216533
/content/drive/MyDrive/StoneSense-Training/processed_grouped/processed_grouped/test/Normal/Normal- (358).jpg,1,1,0.13595410853885972,0.42825154016705314,0.14665545012181985,0.2891389011722672
/content/drive/MyDrive/StoneSense-Training/processed_grouped/processed_grouped/test/Normal/Normal- (359).jpg,1,1,0.12565222355544425,0.4830886387204889,0.17456113687439395,0.2166980008496729
/content/drive/MyDrive/StoneSense-Training/processed_grouped/processed_grouped/test/Normal/Normal- (360).jpg,1,1,0.15030173653220577,0.43794403225123035,0.16329736449989174,0.24845686671667208
/content/drive/MyDrive/StoneSense-Training/processed_grouped/processed_grouped/test/Normal/Normal- (361).jpg,1,1,0.11493238372033558,0.3529621780787856,0.3029480347351046,0.22915740346577404
/content/drive/MyDrive/StoneSense-Training/processed_grouped/processed_grouped/test/Normal/Normal- (362).jpg,1,2,0.21983558995598854,0.24106665865771476,0.31567664389609557,0.22342110749020122
/content/drive/MyDrive/StoneSense-Training/processed_grouped/processed_grouped/test/Normal/Normal- (363).jpg,1,1,0.18356510497697706,0.3092485989628346,0.2693889200845771,0.2377973759756112
/content/drive/MyDrive/StoneSense-Training/processed_grouped/processed_grouped/test/Normal/Normal- (364).jpg,1,1,0.16144237398739297,0.31462955761139433,0.22083080262028762,0.303097265780925
/content/drive/MyDrive/StoneSense-Training/processed_grouped/processed_grouped/test/Normal/Normal- (3691).jpg,1,1,0.06448535913258634,0.4245077042943703,0.23585048429135977,0.2751564522816835
/content/drive/MyDrive/StoneSense-Training/processed_grouped/processed_grouped/test/Normal/Normal- (3692).jpg,1,1,0.08876678066338291,0.3921077108366999,0.33213883906926156,0.18698666943065564
/content/drive/MyDrive/StoneSense-Training/processed_grouped/processed_grouped/test/Normal/Normal- (3693).jpg,1,2,0.13684506220954182,0.30208179369906546,0.4932746439879494,0.06779850010344322
/content/drive/MyDrive/StoneSense-Training/processed_grouped/processed_grouped/test/Normal/Normal- (3694).jpg,1,1,0.04006561245231634,0.44345941267344413,0.4265588117964466,0.0899161630777929
/content/drive/MyDrive/StoneSense-Training/processed_grouped/processed_grouped/test/Normal/Normal- (3695).jpg,1,2,0.07661830704200152,0.3565979801766396,0.47512424807544096,0.09165946470591796
/content/drive/MyDrive/StoneSense-Training/processed_grouped/processed_grouped/test/Normal/Normal- (3696).jpg,1,2,0.2763890252577336,0.22104051430181262,0.4106801986554821,0.09189026178497171
/content/drive/MyDrive/StoneSense-Training/processed_grouped/processed_grouped/test/Normal/Normal- (3697).jpg,1,0,0.5158461427084005,0.10640040887141582,0.2729613377581613,0.10479211066202249
/content/drive/MyDrive/StoneSense-Training/processed_grouped/processed_grouped/test/Normal/Normal- (3698).jpg,1,0,0.4662464979345111,0.13520512309790103,0.285865849694556,0.11268252927303192
/content/drive/MyDrive/StoneSense-Training/processed_grouped/processed_grouped/test/Normal/Normal- (3699).jpg,1,0,0.5073542355076479,0.12893521070186,0.24381033122340642,0.11990022256708563
/content/drive/MyDrive/StoneSense-Training/processed_grouped/processed_grouped/test/Normal/Normal- (3741).jpg,1,3,0.026074905283711213,0.33749169473648494,0.27790857785655104,0.3585248221232528
/content/drive/MyDrive/StoneSense-Training/processed_grouped/processed_grouped/test/Normal/Normal- (3742).jpg,1,1,0.017395141961025897,0.35577724697555746,0.35533076124985025,0.2714968498135663
/content/drive/MyDrive/StoneSense-Training/processed_grouped/processed_grouped/test/Normal/Normal- (3743).jpg,1,2,0.025390271903220536,0.32425134229251196,0.4027202551446663,0.24763813065960122
/content/drive/MyDrive/StoneSense-Training/processed_grouped/processed_grouped/test/Normal/Normal- (3744).jpg,1,2,0.03763958983646167,0.2935906381878652,0.4442896151816535,0.22448015679401964
/content/drive/MyDrive/StoneSense-Training/processed_grouped/processed_grouped/test/Normal/Normal- (3745).jpg,1,2,0.043142442233547434,0.3251074201175397,0.4611741761142405,0.17057596153467233
/content/drive/MyDrive/StoneSense-Training/processed_grouped/processed_grouped/test/Normal/Normal- (3746).jpg,1,2,0.03591534841174221,0.37166861693261893,0.41524667577576646,0.1771693588798724
/content/drive/MyDrive/StoneSense-Training/processed_grouped/processed_grouped/test/Normal/Normal- (3747).jpg,1,2,0.03364583635523586,0.35581745620626914,0.3928268777296508,0.21770982970884417
/content/drive/MyDrive/StoneSense-Training/processed_grouped/processed_grouped/test/Normal/Normal- (3748).jpg,1,2,0.035128939634448596,0.31734278021471696,0.4377081461284088,0.20982013402242575
/content/drive/MyDrive/StoneSense-Training/processed_grouped/processed_grouped/test/Normal/Normal- (3749).jpg,1,2,0.03536691417776759,0.3479216227005408,0.41341657986624775,0.20329488325544387
/content/drive/MyDrive/StoneSense-Training/processed_grouped/processed_grouped/test/Normal/Normal- (3750).jpg,1,2,0.027582315785968214,0.3497136880421291,0.3814413438437122,0.24126265232819044
/content/drive/MyDrive/StoneSense-Training/processed_grouped/processed_grouped/test/Normal/Normal- (3751).jpg,1,2,0.02584799686315024,0.33944723594313114,0.4018423863743635,0.23286238081935512
/content/drive/MyDrive/StoneSense-Training/processed_grouped/processed_grouped/test/Normal/Normal- (3752).jpg,1,2,0.035088559789940466,0.3113474289379183,0.4359805490328262,0.21758346223931516
/content/drive/MyDrive/StoneSense-Training/processed_grouped/processed_grouped/test/Normal/Normal- (3753).jpg,1,2,0.05819449836259491,0.2585144725297198,0.4919712604200461,0.19131976868763917
/content/drive/MyDrive/StoneSense-Training/processed_grouped/processed_grouped/test/Normal/Normal- (3754).jpg,1,2,0.049273053164961264,0.2972408175140608,0.4890576543065268,0.16442847501445124
/content/drive/MyDrive/StoneSense-Training/processed_grouped/processed_grouped/test/Normal/Normal- (3861).jpg,1,1,0.058555872531250636,0.42393557024011785,0.14315207651982575,0.37435648070880584
/content/drive/MyDrive/StoneSense-Training/processed_grouped/processed_grouped/test/Normal/Normal- (3862).jpg,1,1,0.07962082965991553,0.4174094473990474,0.13218407089260592,0.3707856520484311
/content/drive/MyDrive/StoneSense-Training/processed_grouped/processed_grouped/test/Normal/Normal- (3863).jpg,1,1,0.045445296679793856,0.4217713658613264,0.1691374194417699,0.36364591801710994
/content/drive/MyDrive/StoneSense-Training/processed_grouped/processed_grouped/test/Normal/Normal- (3864).jpg,1,1,0.039731848226745414,0.41678449237856946,0.19894184591055536,0.3445418134841297
/content/drive/MyDrive/StoneSense-Training/processed_grouped/processed_grouped/test/Normal/Normal- (3865).jpg,1,1,0.03901084289082968,0.4592627048109897,0.30475350124753076,0.19697295105064977
/content/drive/MyDrive/StoneSense-Training/processed_grouped/processed_grouped/test/Normal/Normal- (3866).jpg,1,1,0.036464385529961174,0.48912446940053217,0.375683025061347,0.0987281200081597
/content/drive/MyDrive/StoneSense-Training/processed_grouped/processed_grouped/test/Normal/Normal- (3867).jpg,1,1,0.029592803828287814,0.4637745482681125,0.3872491322514146,0.11938351565218502
/content/drive/MyDrive/StoneSense-Training/processed_grouped/processed_grouped/test/Normal/Normal- (3868).jpg,1,1,0.04119233199078201,0.44156225073929917,0.32717606807976685,0.190069349190152
/content/drive/MyDrive/StoneSense-Training/processed_grouped/processed_grouped/test/Normal/Normal- (3869).jpg,1,2,0.08069686780433896,0.3360723700867025,0.3425309751119557,0.24069978699700295
/content/drive/MyDrive/StoneSense-Training/processed_grouped/processed_grouped/test/Normal/Normal- (3870).jpg,1,1,0.06722740364374245,0.39343236555995537,0.2651406611608042,0.2741995696354981
/content/drive/MyDrive/StoneSense-Training/processed_grouped/processed_grouped/test/Normal/Normal- (3871).jpg,1,1,0.07231529196427898,0.41057208027606557,0.23541957885254186,0.28169304890711366
/content/drive/MyDrive/StoneSense-Training/processed_grouped/processed_grouped/test/Normal/Normal- (3872).jpg,1,1,0.05780288616181375,0.3934260433964109,0.23915448799349762,0.3096165824482776
/content/drive/MyDrive/StoneSense-Training/processed_grouped/processed_grouped/test/Normal/Normal- (3873).jpg,1,1,0.0839865255437877,0.37284865248983884,0.21401311728301306,0.3291517046833604
/content/drive/MyDrive/StoneSense-Training/processed_grouped/processed_grouped/test/Normal/Normal- (3874).jpg,1,1,0.09616859644686408,0.41185099028214395,0.18640678692024382,0.30557362635074803
/content/drive/MyDrive/StoneSense-Training/processed_grouped/processed_grouped/test/Normal/Normal- (3875).jpg,1,1,0.19114631460720813,0.3487640164020225,0.22788179455023036,0.23220787444053892
/content/drive/MyDrive/StoneSense-Training/processed_grouped/processed_grouped/test/Normal/Normal- (3876).jpg,1,2,0.14309075064174892,0.2866065476800161,0.32867992217360564,0.2416227795046294
/content/drive/MyDrive/StoneSense-Training/processed_grouped/processed_grouped/test/Normal/Normal- (3881).jpg,1,3,0.18113310825293305,0.08947747641887512,0.12062187227836779,0.6087675430498242
/content/drive/MyDrive/StoneSense-Training/processed_grouped/processed_grouped/test/Normal/Normal- (3882).jpg,1,3,0.17944044865126876,0.16154979172542974,0.17489225037713338,0.4841175092461681
/content/drive/MyDrive/StoneSense-Training/processed_grouped/processed_grouped/test/Normal/Normal- (3883).jpg,1,3,0.18752900741527048,0.1099444793576419,0.12762524718433021,0.5749012660427574
/content/drive/MyDrive/StoneSense-Training/processed_grouped/processed_grouped/test/Normal/Normal- (3884).jpg,1,3,0.22344326538735584,0.11615485880473753,0.17569606447719313,0.48470581133071344
/content/drive/MyDrive/StoneSense-Training/processed_grouped/processed_grouped/test/Normal/Normal- (3885).jpg,1,3,0.24880433570797053,0.12671660389848594,0.1560218476594284,0.4684572127341152
/content/drive/MyDrive/StoneSense-Training/processed_grouped/processed_grouped/test/Normal/Normal- (3886).jpg,1,3,0.1998993239020437,0.18566755839318344,0.163487002274548,0.45094611543022484
/content/drive/MyDrive/StoneSense-Training/processed_grouped/processed_grouped/test/Normal/Normal- (3887).jpg,1,3,0.1380712217306688,0.2921419714521294,0.1133109773747104,0.4564758294424914
/content/drive/MyDrive/StoneSense-Training/processed_grouped/processed_grouped/test/Normal/Normal- (3902).jpg,1,3,0.15096743499208137,0.3016706163525837,0.22378824497265248,0.3235737036826826
/content/drive/MyDrive/StoneSense-Training/processed_grouped/processed_grouped/test/Normal/Normal- (4085).jpg,1,1,0.048061958134404156,0.4826741136695049,0.33000654680162056,0.1392573813944705
/content/drive/MyDrive/StoneSense-Training/processed_grouped/processed_grouped/test/Normal/Normal- (4086).jpg,1,1,0.03890540287932993,0.4280893922114806,0.38219666930287133,0.15080853560631804
/content/drive/MyDrive/StoneSense-Training/processed_grouped/processed_grouped/test/Normal/Normal- (4087).jpg,1,1,0.034323155931796356,0.41728247422838205,0.37713799769270057,0.17125637214712097
/content/drive/MyDrive/StoneSense-Training/processed_grouped/processed_grouped/test/Normal/Normal- (4088).jpg,1,1,0.04392522500227063,0.42205699107400146,0.33202286662223557,0.20199491730149227
/content/drive/MyDrive/StoneSense-Training/processed_grouped/processed_grouped/test/Normal/Normal- (4133).jpg,1,1,0.09410181560686223,0.46821360485344166,0.11137871614837948,0.32630586339131656
/content/drive/MyDrive/StoneSense-Training/processed_grouped/processed_grouped/test/Normal/Normal- (4134).jpg,1,1,0.10648305170497563,0.45970336790171645,0.1420421231053577,0.2917714572879503
/content/drive/MyDrive/StoneSense-Training/processed_grouped/processed_grouped/test/Normal/Normal- (4135).jpg,1,1,0.12951030715466988,0.43857075782707244,0.15135612435203386,0.28056281066622385
/content/drive/MyDrive/StoneSense-Training/processed_grouped/processed_grouped/test/Normal/Normal- (4136).jpg,1,1,0.08200432897392172,0.44600819903152616,0.10035979070807347,0.37162768128647855
/content/drive/MyDrive/StoneSense-Training/processed_grouped/processed_grouped/test/Normal/Normal- (4137).jpg,1,1,0.1325595218942384,0.40357547184844816,0.1370830726835701,0.32678193357374347
/content/drive/MyDrive/StoneSense-Training/processed_grouped/processed_grouped/test/Normal/Normal- (4138).jpg,1,1,0.11672150528707685,0.42413932147096306,0.13620475174994418,0.322934421492016
/content/drive/MyDrive/StoneSense-Training/processed_grouped/processed_grouped/test/Normal/Normal- (4139).jpg,1,1,0.06939161435591286,0.482559523829526,0.14754081401222438,0.30050804780233675
/content/drive/MyDrive/StoneSense-Training/processed_grouped/processed_grouped/test/Normal/Normal- (4140).jpg,1,1,0.053676373824549116,0.48963585843825297,0.15103738919829812,0.30565037853889976
/content/drive/MyDrive/StoneSense-Training/processed_grouped/processed_grouped/test/Normal/Normal- (4141).jpg,1,1,0.045976357939894415,0.47008736069582113,0.10981622093532857,0.37412006042895585
/content/drive/MyDrive/StoneSense-Training/processed_grouped/processed_grouped/test/Normal/Normal- (4142).jpg,1,1,0.07459007956639928,0.45411096573120596,0.10526255627485004,0.3660363984275447
/content/drive/MyDrive/StoneSense-Training/processed_grouped/processed_grouped/test/Normal/Normal- (4143).jpg,1,1,0.1261704798201651,0.3730887960144945,0.16023481330065642,0.340505910864684
/content/drive/MyDrive/StoneSense-Training/processed_grouped/processed_grouped/test/Normal/Normal- (4227).jpg,1,1,0.06470114836478034,0.3926065046763036,0.3034462015284236,0.2392461454304924
/content/drive/MyDrive/StoneSense-Training/processed_grouped/processed_grouped/test/Normal/Normal- (4228).jpg,1,1,0.0703295100824003,0.3682445972887926,0.3246020262543757,0.23682386637443154
/content/drive/MyDrive/StoneSense-Training/processed_grouped/processed_grouped/test/Normal/Normal- (4229).jpg,1,1,0.0571416605331781,0.3877133332547649,0.3287167885365503,0.22642821767550655
/content/drive/MyDrive/StoneSense-Training/processed_grouped/processed_grouped/test/Normal/Normal- (4230).jpg,1,1,0.046162654939002144,0.39408432574022095,0.32831749263524723,0.23143552668552964
/content/drive/MyDrive/StoneSense-Training/processed_grouped/processed_grouped/test/Normal/Normal- (4231).jpg,1,1,0.04974424363492059,0.38643358055808197,0.32253178938483745,0.24129038642215997
/content/drive/MyDrive/StoneSense-Training/processed_grouped/processed_grouped/test/Normal/Normal- (4232).jpg,1,1,0.060735578875252785,0.3815357741123317,0.3230403363658974,0.23468831064651807
/content/drive/MyDrive/StoneSense-Training/processed_grouped/processed_grouped/test/Normal/Normal- (4233).jpg,1,2,0.1371598204567592,0.36059918014720344,0.3659141155222531,0.13632688387378425
/content/drive/MyDrive/StoneSense-Training/processed_grouped/processed_grouped/test/Normal/Normal- (4234).jpg,1,1,0.16287378029544353,0.364019126405215,0.34137240281545345,0.13173469048388797
/content/drive/MyDrive/StoneSense-Training/processed_grouped/processed_grouped/test/Normal/Normal- (4235).jpg,1,1,0.1093872129741352,0.39983052369256983,0.35740608146446207,0.13337618186883296
/content/drive/MyDrive/StoneSense-Training/processed_grouped/processed_grouped/test/Normal/Normal- (4236).jpg,1,1,0.08841904770259079,0.384914442740918,0.3343248396789697,0.19234166987752155
/content/drive/MyDrive/StoneSense-Training/processed_grouped/processed_grouped/test/Normal/Normal- (4237).jpg,1,1,0.0704277137224271,0.36875601948098957,0.31443307942259807,0.24638318737398504
/content/drive/MyDrive/StoneSense-Training/processed_grouped/processed_grouped/test/Normal/Normal- (4238).jpg,1,1,0.09761574162177579,0.3187897208707869,0.2874720107628154,0.29612252674462197
/content/drive/MyDrive/StoneSense-Training/processed_grouped/processed_grouped/test/Normal/Normal- (4239).jpg,1,3,0.1430019644340871,0.27668243160894784,0.27337553864372205,0.30694006531324297
/content/drive/MyDrive/StoneSense-Training/processed_grouped/processed_grouped/test/Normal/Normal- (4240).jpg,1,2,0.12768263635536645,0.2829426907778817,0.30544117955172917,0.2839334933150227
/content/drive/MyDrive/StoneSense-Training/processed_grouped/processed_grouped/test/Normal/Normal- (4241).jpg,1,1,0.14395350991089065,0.29487932539634804,0.2719820702071398,0.2891850944856214
/content/drive/MyDrive/StoneSense-Training/processed_grouped/processed_grouped/test/Normal/Normal- (4242).jpg,1,1,0.1967063969711533,0.30197975135783106,0.24391731351743767,0.25739653815357805
/content/drive/MyDrive/StoneSense-Training/processed_grouped/processed_grouped/test/Normal/Normal- (4243).jpg,1,1,0.17904349934307445,0.3126991978972854,0.22083876811247113,0.287418534647169
/content/drive/MyDrive/StoneSense-Training/processed_grouped/processed_grouped/test/Normal/Normal- (4244).jpg,1,1,0.12555457248817448,0.33366314970163036,0.22491570648268308,0.3158665713275121
/content/drive/MyDrive/StoneSense-Training/processed_grouped/processed_grouped/test/Normal/Normal- (4245).jpg,1,1,0.10713049760578744,0.34717983117028545,0.24139407961929502,0.30429559160463204
/content/drive/MyDrive/StoneSense-Training/processed_grouped/processed_grouped/test/Normal/Normal- (4246).jpg,1,1,0.10344984466896734,0.3543190490032872,0.24308934874426782,0.2991417575834776
/content/drive/MyDrive/StoneSense-Training/processed_grouped/processed_grouped/test/Normal/Normal- (4247).jpg,1,1,0.09510963679460105,0.3739052883379262,0.2893874450568083,0.24159762981066427
/content/drive/MyDrive/StoneSense-Training/processed_grouped/processed_grouped/test/Normal/Normal- (4248).jpg,1,1,0.14849948958841638,0.32862709330169015,0.2593736916757111,0.2634997254341823
/content/drive/MyDrive/StoneSense-Training/processed_grouped/processed_grouped/test/Normal/Normal- (4249).jpg,1,1,0.187732707117125,0.31716474367211933,0.1998188386033185,0.2952837106074371
/content/drive/MyDrive/StoneSense-Training/processed_grouped/processed_grouped/test/Normal/Normal- (4250).jpg,1,1,0.17760385009666105,0.31790356989420426,0.19562441267197908,0.3088681673371554
/content/drive/MyDrive/StoneSense-Training/processed_grouped/processed_grouped/test/Normal/Normal- (4251).jpg,1,1,0.17311026007256775,0.35222311483354896,0.2108241139294067,0.2638425111644766
/content/drive/MyDrive/StoneSense-Training/processed_grouped/processed_grouped/test/Normal/Normal- (4252).jpg,1,1,0.16527971207909006,0.378831782523696,0.19031180676758275,0.26557669862963124
/content/drive/MyDrive/StoneSense-Training/processed_grouped/processed_grouped/test/Normal/Normal- (4253).jpg,1,1,0.149793835168337,0.38676332992021073,0.20669312243643664,0.2567497124750156
/content/drive/MyDrive/StoneSense-Training/processed_grouped/processed_grouped/test/Normal/Normal- (4254).jpg,1,1,0.20665315532651346,0.3645338297379364,0.18173637958629546,0.24707663534925456
/content/drive/MyDrive/StoneSense-Training/processed_grouped/processed_grouped/test/Normal/Normal- (4255).jpg,1,1,0.21824848344057948,0.34898401057237133,0.16413731903305917,0.26863018695399005
/content/drive/MyDrive/StoneSense-Training/processed_grouped/processed_grouped/test/Normal/Normal- (4256).jpg,1,1,0.1905060136924801,0.3785707190989564,0.17283017426822564,0.258093092940338
/content/drive/MyDrive/StoneSense-Training/processed_grouped/processed_grouped/test/Normal/Normal- (4257).jpg,1,1,0.2215624025531321,0.3684189768952202,0.19483445023716908,0.21518417031447867
/content/drive/MyDrive/StoneSense-Training/processed_grouped/processed_grouped/test/Normal/Normal- (4258).jpg,1,1,0.2648853499524625,0.35716779866283804,0.20141420724242656,0.17653264414227293
/content/drive/MyDrive/StoneSense-Training/processed_grouped/processed_grouped/test/Normal/Normal- (4259).jpg,1,1,0.2589372931754434,0.40466760704724997,0.21713665277241403,0.11925844700489242
/content/drive/MyDrive/StoneSense-Training/processed_grouped/processed_grouped/test/Normal/Normal- (4260).jpg,1,1,0.23726044805740518,0.3983177670489678,0.20892937409925053,0.1554924107943765
/content/drive/MyDrive/StoneSense-Training/processed_grouped/processed_grouped/test/Normal/Normal- (4261).jpg,1,1,0.26822483436117334,0.3678153967110459,0.2008627432317789,0.1630970256960017
/content/drive/MyDrive/StoneSense-Training/processed_grouped/processed_grouped/test/Normal/Normal- (4262).jpg,1,1,0.2796969196280806,0.35408895228870285,0.19317786129290296,0.17303626679031364
/content/drive/MyDrive/StoneSense-Training/processed_grouped/processed_grouped/test/Normal/Normal- (4263).jpg,1,1,0.3259907353944418,0.3315605691911011,0.18213975910158417,0.16030893631287288
/content/drive/MyDrive/StoneSense-Training/processed_grouped/processed_grouped/test/Normal/Normal- (4264).jpg,1,1,0.28453177089036563,0.34625761655533566,0.18193475034225026,0.18727586221204845
/content/drive/MyDrive/StoneSense-Training/processed_grouped/processed_grouped/test/Normal/Normal- (4265).jpg,1,1,0.2670013804792135,0.3553598709824187,0.19496534026034362,0.18267340827802417
/content/drive/MyDrive/StoneSense-Training/processed_grouped/processed_grouped/test/Normal/Normal- (4266).jpg,1,0,0.3535312058443556,0.2791297413977822,0.1786097417197626,0.18872931103809962
/content/drive/MyDrive/StoneSense-Training/processed_grouped/processed_grouped/test/Normal/Normal- (4267).jpg,1,1,0.17670918310882217,0.35485172981075397,0.232609550077086,0.23582953700333795
/content/drive/MyDrive/StoneSense-Training/processed_grouped/processed_grouped/test/Normal/Normal- (4268).jpg,1,1,0.11874446079360465,0.36838864716083486,0.31459720002556146,0.19826969201999908
/content/drive/MyDrive/StoneSense-Training/processed_grouped/processed_grouped/test/Normal/Normal- (4269).jpg,1,1,0.09981047117010032,0.38973430635414913,0.30524877596021194,0.2052064465155385
/content/drive/MyDrive/StoneSense-Training/processed_grouped/processed_grouped/test/Normal/Normal- (4270).jpg,1,1,0.040735049440913586,0.44577530666860926,0.3386375526208863,0.17485209126959095
/content/drive/MyDrive/StoneSense-Training/processed_grouped/processed_grouped/test/Normal/Normal- (4271).jpg,1,1,0.05251219879737049,0.4293338245471027,0.32700602701408993,0.19114794964143697
/content/drive/MyDrive/StoneSense-Training/processed_grouped/processed_grouped/test/Normal/Normal- (4272).jpg,1,1,0.07702288983399944,0.40438446384150356,0.295767105587552,0.22282554073694508
/content/drive/MyDrive/StoneSense-Training/processed_grouped/processed_grouped/test/Normal/Normal- (4273).jpg,1,1,0.07265804148715366,0.41633721874898233,0.3061825586671193,0.20482218109674474
/content/drive/MyDrive/StoneSense-Training/processed_grouped/processed_grouped/test/Normal/Normal- (4274).jpg,1,1,0.09557099276006306,0.432392215436862,0.25930256400263746,0.2127342278004376
/content/drive/MyDrive/StoneSense-Training/processed_grouped/processed_grouped/test/Normal/Normal- (4275).jpg,1,1,0.07699068649378384,0.4161072469184826,0.25337261394866356,0.25352945263907
/content/drive/MyDrive/StoneSense-Training/processed_grouped/processed_grouped/test/Normal/Normal- (4276).jpg,1,1,0.07567387238607792,0.4155906784539956,0.27472339176511806,0.23401205739480843
/content/drive/MyDrive/StoneSense-Training/processed_grouped/processed_grouped/test/Normal/Normal- (4277).jpg,1,1,0.10577000136056605,0.3931001052195489,0.2841063868849173,0.2170235065349677
/content/drive/MyDrive/StoneSense-Training/processed_grouped/processed_grouped/test/Normal/Normal- (4278).jpg,1,1,0.12143301575745591,0.3967259202409671,0.2976200088207648,0.18422105518081233
/content/drive/MyDrive/StoneSense-Training/processed_grouped/processed_grouped/test/Normal/Normal- (4279).jpg,1,1,0.15263040223886776,0.4279592651044658,0.23265923387801604,0.18675109877865037
/content/drive/MyDrive/StoneSense-Training/processed_grouped/processed_grouped/test/Normal/Normal- (4280).jpg,1,1,0.14559052827036073,0.4248042645254522,0.2249598212433314,0.20464538596085566
/content/drive/MyDrive/StoneSense-Training/processed_grouped/processed_grouped/test/Normal/Normal- (4281).jpg,1,1,0.09477802125196214,0.41446802188784276,0.25893225911497575,0.2318216977452194
/content/drive/MyDrive/StoneSense-Training/processed_grouped/processed_grouped/test/Normal/Normal- (4282).jpg,1,1,0.10617771647472647,0.4079793832267656,0.2576801356283638,0.22816276467014424
/content/drive/MyDrive/StoneSense-Training/processed_grouped/processed_grouped/test/Normal/Normal- (4283).jpg,1,1,0.10209400850675121,0.403278727128936,0.27293448853634505,0.2216927758279678
/content/drive/MyDrive/StoneSense-Training/processed_grouped/processed_grouped/test/Normal/Normal- (4307).jpg,1,2,0.08186769174751261,0.33539960935906943,0.3581189631548894,0.22461373573852858
/content/drive/MyDrive/StoneSense-Training/processed_grouped/processed_grouped/test/Normal/Normal- (4308).jpg,1,2,0.11366478739839196,0.30940848036570673,0.40627125498052363,0.1706554772553777
/content/drive/MyDrive/StoneSense-Training/processed_grouped/processed_grouped/test/Normal/Normal- (4309).jpg,1,1,0.06842720215716631,0.37696698036884835,0.31843545575618437,0.23617036171780104
/content/drive/MyDrive/StoneSense-Training/processed_grouped/processed_grouped/test/Normal/Normal- (4310).jpg,1,1,0.06219712898365672,0.4136969205185371,0.262486825562621,0.2616191249351851
/content/drive/MyDrive/StoneSense-Training/processed_grouped/processed_grouped/test/Normal/Normal- (4311).jpg,1,1,0.04212936486249184,0.43142671082382644,0.32064724945118095,0.20579667486250083
/content/drive/MyDrive/StoneSense-Training/processed_grouped/processed_grouped/test/Normal/Normal- (4345).jpg,1,1,0.09221337359535392,0.3929878137475769,0.2821804903153662,0.2326183223417028
/content/drive/MyDrive/StoneSense-Training/processed_grouped/processed_grouped/test/Normal/Normal- (4346).jpg,1,1,0.147481898152435,0.39941437655405887,0.2874034431459384,0.1657002821475678
/content/drive/MyDrive/StoneSense-Training/processed_grouped/processed_grouped/test/Normal/Normal- (4347).jpg,1,1,0.19791265098621744,0.3772138659214081,0.3126886863953211,0.11218479669705331
/content/drive/MyDrive/StoneSense-Training/processed_grouped/processed_grouped/test/Normal/Normal- (4348).jpg,1,1,0.2060701407705076,0.3482026576480909,0.3478772988344101,0.09784990274699139
/content/drive/MyDrive/StoneSense-Training/processed_grouped/processed_grouped/test/Normal/Normal- (4349).jpg,1,2,0.3004636363746375,0.2739014249696947,0.37203022282206955,0.053604715833598195
/content/drive/MyDrive/StoneSense-Training/processed_grouped/processed_grouped/test/Normal/Normal- (4350).jpg,1,0,0.3196465067873169,0.293579717441449,0.31919313997078985,0.06758063580044443
/content/drive/MyDrive/StoneSense-Training/processed_grouped/processed_grouped/test/Normal/Normal- (4351).jpg,1,1,0.29849541263345025,0.3493261993475141,0.2756520980810246,0.07652628993801106
/content/drive/MyDrive/StoneSense-Training/processed_grouped/processed_grouped/test/Normal/Normal- (4352).jpg,1,1,0.23489354267035517,0.34851840918452875,0.32328284890131914,0.0933051992437969
/content/drive/MyDrive/StoneSense-Training/processed_grouped/processed_grouped/test/Normal/Normal- (4353).jpg,1,2,0.33490335367057117,0.2729597760725074,0.34855250651614195,0.0435843637407795
/content/drive/MyDrive/StoneSense-Training/processed_grouped/processed_grouped/test/Normal/Normal- (4354).jpg,1,2,0.24684933802586015,0.33000244523434924,0.3426202473604504,0.08052796937934018
/content/drive/MyDrive/StoneSense-Training/processed_grouped/processed_grouped/test/Normal/Normal- (4355).jpg,1,1,0.2759996324395138,0.3398023200709863,0.3085872958468934,0.0756107516426066
/content/drive/MyDrive/StoneSense-Training/processed_grouped/processed_grouped/test/Normal/Normal- (4356).jpg,1,1,0.24222514992507854,0.3993497217655754,0.25032973111433704,0.10809539719500899
/content/drive/MyDrive/StoneSense-Training/processed_grouped/processed_grouped/test/Normal/Normal- (4357).jpg,1,1,0.20862552507133644,0.41884394399410024,0.24357538918371652,0.12895514175084677
/content/drive/MyDrive/StoneSense-Training/processed_grouped/processed_grouped/test/Normal/Normal- (4358).jpg,1,1,0.24415652499542584,0.345774966225656,0.3037447731836956,0.10632373559522267
/content/drive/MyDrive/StoneSense-Training/processed_grouped/processed_grouped/test/Normal/Normal- (4359).jpg,1,2,0.18508579914022977,0.32662415538291034,0.3779695887443806,0.11032045673247944
/content/drive/MyDrive/StoneSense-Training/processed_grouped/processed_grouped/test/Normal/Normal- (4360).jpg,1,1,0.07492748794625738,0.3926387935758554,0.3318950675882427,0.2005386508896444
/content/drive/MyDrive/StoneSense-Training/processed_grouped/processed_grouped/test/Normal/Normal- (4361).jpg,1,1,0.13824354258277244,0.3822726738240558,0.34157571939846365,0.13790806419470822
/content/drive/MyDrive/StoneSense-Training/processed_grouped/processed_grouped/test/Normal/Normal- (4362).jpg,1,1,0.10326172902883313,0.4019474553974113,0.32990000877857567,0.16489080679518
/content/drive/MyDrive/StoneSense-Training/processed_grouped/processed_grouped/test/Normal/Normal- (4363).jpg,1,1,0.08175246383596768,0.4395890946377048,0.2884289140891541,0.19022952743717345
/content/drive/MyDrive/StoneSense-Training/processed_grouped/processed_grouped/test/Normal/Normal- (4364).jpg,1,1,0.06536674555594806,0.3884295693112018,0.31805931290805184,0.22814437222479833
/content/drive/MyDrive/StoneSense-Training/processed_grouped/processed_grouped/test/Normal/Normal- (4365).jpg,1,2,0.06393855396581703,0.3601722938950072,0.3609236669256177,0.21496548521355807
/content/drive/MyDrive/StoneSense-Training/processed_grouped/processed_grouped/test/Normal/Normal- (4366).jpg,1,2,0.05576585776408203,0.31299649851120104,0.405506216355249,0.22573142736946783
/content/drive/MyDrive/StoneSense-Training/processed_grouped/processed_grouped/test/Normal/Normal- (4367).jpg,1,2,0.06590454700891454,0.2608799246176244,0.4204354308993539,0.2527800974741071
/content/drive/MyDrive/StoneSense-Training/processed_grouped/processed_grouped/test/Normal/Normal- (4368).jpg,1,2,0.041636453908192164,0.27841402649892155,0.4308032841264082,0.24914623546647807
/content/drive/MyDrive/StoneSense-Training/processed_grouped/processed_grouped/test/Normal/Normal- (4369).jpg,1,2,0.033418970369952485,0.29462396180517825,0.4133892892607813,0.2585677785640879
/content/drive/MyDrive/StoneSense-Training/processed_grouped/processed_grouped/test/Normal/Normal- (4370).jpg,1,2,0.03880080931018078,0.2970738441792039,0.4236238013339781,0.24050154517663724
/content/drive/MyDrive/StoneSense-Training/processed_grouped/processed_grouped/test/Normal/Normal- (4371).jpg,1,2,0.05472852348293312,0.3103530127353355,0.43229376053167146,0.2026247032500599
/content/drive/MyDrive/StoneSense-Training/processed_grouped/processed_grouped/test/Normal/Normal- (4372).jpg,1,2,0.04113432933543693,0.32552305428363687,0.42396936021801684,0.20937325616290942
/content/drive/MyDrive/StoneSense-Training/processed_grouped/processed_grouped/test/Normal/Normal- (4373).jpg,1,2,0.04700473589147362,0.27965002960556323,0.4340983502627927,0.2392468842401705
/content/drive/MyDrive/StoneSense-Training/processed_grouped/processed_grouped/test/Normal/Normal- (4374).jpg,1,2,0.04021681153670736,0.30192305725270646,0.4265582389937885,0.23130189221679767
/content/drive/MyDrive/StoneSense-Training/processed_grouped/processed_grouped/test/Normal/Normal- (4375).jpg,1,2,0.03343957645734407,0.3208033979604863,0.39758373604624586,0.2481732895359238
/content/drive/MyDrive/StoneSense-Training/processed_grouped/processed_grouped/test/Normal/Normal- (4376).jpg,1,2,0.031353783433915844,0.34916096298494204,0.4101162795020845,0.20936897407905772
/content/drive/MyDrive/StoneSense-Training/processed_grouped/processed_grouped/test/Normal/Normal- (4377).jpg,1,2,0.027379957075377607,0.37044460805473345,0.39756862970491796,0.204606805164971
/content/drive/MyDrive/StoneSense-Training/processed_grouped/processed_grouped/test/Normal/Normal- (4378).jpg,1,1,0.02253505371489002,0.39351546295035855,0.3873767373612866,0.19657274597346494
/content/drive/MyDrive/StoneSense-Training/processed_grouped/processed_grouped/test/Normal/Normal- (4379).jpg,1,2,0.028372197867664664,0.36443677216051673,0.4083439850082993,0.1988470449635193
/content/drive/MyDrive/StoneSense-Training/processed_grouped/processed_grouped/test/Normal/Normal- (4380).jpg,1,1,0.02675011390989612,0.43989464202124673,0.3785593114040163,0.15479593266484076
/content/drive/MyDrive/StoneSense-Training/processed_grouped/processed_grouped/test/Normal/Normal- (4381).jpg,1,1,0.02030369876697269,0.42695982827727325,0.3560387600326823,0.19669771292307164
/content/drive/MyDrive/StoneSense-Training/processed_grouped/processed_grouped/test/Normal/Normal- (4382).jpg,1,1,0.02894044827746939,0.43401204419683087,0.332818836767076,0.2042286707586236
/content/drive/MyDrive/StoneSense-Training/processed_grouped/processed_grouped/test/Normal/Normal- (4383).jpg,1,1,0.040618272190823194,0.4362190706937742,0.3309080251442502,0.1922546319711524
/content/drive/MyDrive/StoneSense-Training/processed_grouped/processed_grouped/test/Normal/Normal- (4384).jpg,1,1,0.04292289574224885,0.439185729524228,0.3426500017013925,0.1752413730321306
/content/drive/MyDrive/StoneSense-Training/processed_grouped/processed_grouped/test/Normal/Normal- (4385).jpg,1,1,0.04578749371846848,0.4246529027626949,0.3752071195928578,0.15435248392597886
/content/drive/MyDrive/StoneSense-Training/processed_grouped/processed_grouped/test/Normal/Normal- (4386).jpg,1,1,0.05019925741137898,0.41282603639785115,0.41202356315004357,0.12495114304072631
/content/drive/MyDrive/StoneSense-Training/processed_grouped/processed_grouped/test/Normal/Normal- (4438).jpg,1,1,0.032364815328997966,0.5061271602056046,0.3826530640345426,0.07885496043085492
/content/drive/MyDrive/StoneSense-Training/processed_grouped/processed_grouped/test/Normal/Normal- (4439).jpg,1,1,0.04756769197719468,0.46105387572776624,0.3890697023273996,0.10230872996763948
/content/drive/MyDrive/StoneSense-Training/processed_grouped/processed_grouped/test/Normal/Normal- (4688).jpg,1,3,0.11316784349509097,0.10106731351771969,0.2824294763559123,0.5033353666312771
/content/drive/MyDrive/StoneSense-Training/processed_grouped/processed_grouped/test/Normal/Normal- (4689).jpg,1,3,0.14622570879526714,0.12174478712955532,0.21306137186355503,0.5189681322116225
/content/drive/MyDrive/StoneSense-Training/processed_grouped/processed_grouped/test/Normal/Normal- (4690).jpg,1,0,0.3281297686384385,0.21854333054223235,0.134147796339267,0.31917910448006215
/content/drive/MyDrive/StoneSense-Training/processed_grouped/processed_grouped/test/Normal/Normal- (4691).jpg,1,0,0.43970498872894515,0.2623045633846255,0.07130457256237724,0.22668587532405216
/content/drive/MyDrive/StoneSense-Training/processed_grouped/processed_grouped/test/Normal/Normal- (4692).jpg,1,0,0.4199717417055201,0.3313704937260754,0.0694413997400912,0.17921636482831327
/content/drive/MyDrive/StoneSense-Training/processed_grouped/processed_grouped/test/Normal/Normal- (4699).jpg,1,3,0.1379513674335845,0.2518966876207475,0.18313957961085423,0.42701236533481385
/content/drive/MyDrive/StoneSense-Training/processed_grouped/processed_grouped/test/Normal/Normal- (4700).jpg,1,3,0.25240799688202104,0.28632356556594807,0.10292954978951836,0.35833888776251255
/content/drive/MyDrive/StoneSense-Training/processed_grouped/processed_grouped/test/Normal/Normal- (4701).jpg,1,1,0.26523805515109816,0.3486903184227957,0.09976598093479397,0.2863056454913121
/content/drive/MyDrive/StoneSense-Training/processed_grouped/processed_grouped/test/Normal/Normal- (4702).jpg,1,3,0.1680313198475108,0.2164479404199797,0.2862630200221997,0.32925771971030965
/content/drive/MyDrive/StoneSense-Training/processed_grouped/processed_grouped/test/Normal/Normal- (4703).jpg,1,1,0.20495829823880846,0.36175069906065715,0.17432822673288934,0.2589627759676452
/content/drive/MyDrive/StoneSense-Training/processed_grouped/processed_grouped/test/Normal/Normal- (4704).jpg,1,1,0.22582185750195738,0.28596087491850913,0.2757113534885299,0.2125059140910036
/content/drive/MyDrive/StoneSense-Training/processed_grouped/processed_grouped/test/Normal/Normal- (5068).jpg,1,1,0.07251751136799231,0.5072786529966765,0.2228939642522154,0.19730987138311593
/content/drive/MyDrive/StoneSense-Training/processed_grouped/processed_grouped/test/Normal/Normal- (592).jpg,1,1,0.05549548517139551,0.45848726836687304,0.3339757280843143,0.15204151837741722
/content/drive/MyDrive/StoneSense-Training/processed_grouped/processed_grouped/test/Normal/Normal- (593).jpg,1,1,0.05414287889363743,0.47759202155244734,0.3545326833913379,0.1137324161625772
/content/drive/MyDrive/StoneSense-Training/processed_grouped/processed_grouped/test/Normal/Normal- (594).jpg,1,1,0.03974020299401839,0.46495367754532735,0.38727005213315396,0.10803606732750023
/content/drive/MyDrive/StoneSense-Training/processed_grouped/processed_grouped/test/Normal/Normal- (608).jpg,1,1,0.04372272836707426,0.44387648920951656,0.3908945393457637,0.12150624307764538
/content/drive/MyDrive/StoneSense-Training/processed_grouped/processed_grouped/test/Normal/Normal- (681).jpg,1,1,0.22709615752126966,0.40006473696082284,0.1538207581388964,0.21901834737901107
/content/drive/MyDrive/StoneSense-Training/processed_grouped/processed_grouped/test/Normal/Normal- (682).jpg,1,1,0.1767659666994133,0.4161879041875391,0.1400841031328526,0.26696202598019503
/content/drive/MyDrive/StoneSense-Training/processed_grouped/processed_grouped/test/Normal/Normal- (683).jpg,1,1,0.17745705702517633,0.41371001091259507,0.14111693049429225,0.2677160015679364
/content/drive/MyDrive/StoneSense-Training/processed_grouped/processed_grouped/test/Normal/Normal- (684).jpg,1,1,0.20369504943130212,0.33928013517820077,0.14388862755829296,0.3131361878322042
/content/drive/MyDrive/StoneSense-Training/processed_grouped/processed_grouped/test/Normal/Normal- (685).jpg,1,1,0.28375450399808066,0.3307800877609904,0.2216693806404406,0.16379602760048848
/content/drive/MyDrive/StoneSense-Training/processed_grouped/processed_grouped/test/Normal/Normal- (686).jpg,1,2,0.16929583952654148,0.25522894309589533,0.31969487390368456,0.2557803434738786
/content/drive/MyDrive/StoneSense-Training/processed_grouped/processed_grouped/test/Normal/Normal- (687).jpg,1,1,0.2609519364060309,0.4048370206640979,0.20065136277605278,0.1335596801538182
/content/drive/MyDrive/StoneSense-Training/processed_grouped/processed_grouped/test/Normal/Normal- (688).jpg,1,1,0.22301849805039212,0.5020402560385424,0.15483553052431814,0.12010571538674743
/content/drive/MyDrive/StoneSense-Training/processed_grouped/processed_grouped/test/Normal/Normal- (689).jpg,1,1,0.20486172184546814,0.5206149280877684,0.15464658823067076,0.11987676183609264
/content/drive/MyDrive/StoneSense-Training/processed_grouped/processed_grouped/test/Normal/Normal- (690).jpg,1,1,0.15708772963474635,0.4524465171287375,0.2272537421866437,0.1632120110498723
/content/drive/MyDrive/StoneSense-Training/processed_grouped/processed_grouped/test/Normal/Normal- (691).jpg,1,1,0.19392246479862416,0.38012769585418277,0.29175704422970433,0.1341927951174888
/content/drive/MyDrive/StoneSense-Training/processed_grouped/processed_grouped/test/Normal/Normal- (692).jpg,1,1,0.1268384472088243,0.5245331016290277,0.1460945733939079,0.20253387776824008
/content/drive/MyDrive/StoneSense-Training/processed_grouped/processed_grouped/test/Normal/Normal- (693).jpg,1,1,0.1297696625806616,0.5105813244398376,0.10411532039008703,0.2555336925894137
/content/drive/MyDrive/StoneSense-Training/processed_grouped/processed_grouped/test/Normal/Normal- (694).jpg,1,1,0.10877600727027573,0.5181140835573858,0.07833232649022324,0.2947775826821152
/content/drive/MyDrive/StoneSense-Training/processed_grouped/processed_grouped/test/Normal/Normal- (695).jpg,1,1,0.1202301193968162,0.5390438776972002,0.07493436537246143,0.2657916375335221
/content/drive/MyDrive/StoneSense-Training/processed_grouped/processed_grouped/test/Normal/Normal- (696).jpg,1,1,0.13605951409881462,0.5023592567309585,0.186037943915268,0.17554328525495885
/content/drive/MyDrive/StoneSense-Training/processed_grouped/processed_grouped/test/Normal/Normal- (697).jpg,1,1,0.14987562999178208,0.5746709195873435,0.1678471968634629,0.10760625355741153
/content/drive/MyDrive/StoneSense-Training/processed_grouped/processed_grouped/test/Normal/Normal- (698).jpg,1,1,0.157803740863836,0.41598842793536067,0.16476247391557458,0.26144535728522866
/content/drive/MyDrive/StoneSense-Training/processed_grouped/processed_grouped/test/Normal/Normal- (699).jpg,1,1,0.23878874778684217,0.32019435588183454,0.23416420127743412,0.20685269505388912
/content/drive/MyDrive/StoneSense-Training/processed_grouped/processed_grouped/test/Normal/Normal- (700).jpg,1,1,0.16492561761088156,0.3953813227433331,0.190600579942901,0.24909247970288445
/content/drive/MyDrive/StoneSense-Training/processed_grouped/processed_grouped/test/Normal/Normal- (701).jpg,1,1,0.2158877501921375,0.3347646782055395,0.26901076489929276,0.18033680670303018
/content/drive/MyDrive/StoneSense-Training/processed_grouped/processed_grouped/test/Normal/Normal- (702).jpg,1,1,0.18913428648623332,0.37117878489474115,0.2794060636655481,0.1602808649534774
/content/drive/MyDrive/StoneSense-Training/processed_grouped/processed_grouped/test/Normal/Normal- (703).jpg,1,0,0.30149261973051616,0.28188800019506927,0.25270464915574276,0.16391473091867187
/content/drive/MyDrive/StoneSense-Training/processed_grouped/processed_grouped/test/Normal/Normal- (704).jpg,1,1,0.23967719249752809,0.31058562323523675,0.2758521498298016,0.1738850344374337
/content/drive/MyDrive/StoneSense-Training/processed_grouped/processed_grouped/test/Normal/Normal- (705).jpg,1,1,0.1946527917974061,0.3479993767113229,0.226904704445669,0.23044312704560208
/content/drive/MyDrive/StoneSense-Training/processed_grouped/processed_grouped/test/Normal/Normal- (706).jpg,1,1,0.25032345963940433,0.27707257647456307,0.259880432030224,0.2127235318558086
/content/drive/MyDrive/StoneSense-Training/processed_grouped/processed_grouped/test/Normal/Normal- (707).jpg,1,1,0.21388267736560587,0.29377585777541915,0.22247519013843012,0.26986627472054503
/content/drive/MyDrive/StoneSense-Training/processed_grouped/processed_grouped/test/Normal/Normal- (708).jpg,1,3,0.17854860245581763,0.3367118503985083,0.1424580271793159,0.3422815199663582
/content/drive/MyDrive/StoneSense-Training/processed_grouped/processed_grouped/test/Normal/Normal- (709).jpg,1,3,0.19404352672346675,0.3044265285236059,0.17898546598780954,0.3225444787651178
/content/drive/MyDrive/StoneSense-Training/processed_grouped/processed_grouped/test/Normal/Normal- (710).jpg,1,3,0.17314226762869822,0.33000174317690495,0.11959927286152583,0.37725671633287106
/content/drive/MyDrive/StoneSense-Training/processed_grouped/processed_grouped/test/Normal/Normal- (711).jpg,1,3,0.1989304791018248,0.29121372628850417,0.16074931919697946,0.3491064754126915
/content/drive/MyDrive/StoneSense-Training/processed_grouped/processed_grouped/test/Normal/Normal- (712).jpg,1,3,0.19809786498294715,0.28788595506926073,0.16503289776720867,0.34898328218058344
/content/drive/MyDrive/StoneSense-Training/processed_grouped/processed_grouped/test/Normal/Normal- (713).jpg,1,3,0.17134231806536473,0.3361156351889966,0.14804322554136273,0.34449882120427594
/content/drive/MyDrive/StoneSense-Training/processed_grouped/processed_grouped/test/Normal/Normal- (714).jpg,1,3,0.17885562787538692,0.3324762294313014,0.12004744863507247,0.36862069405823933
/content/drive/MyDrive/StoneSense-Training/processed_grouped/processed_grouped/test/Normal/Normal- (715).jpg,1,1,0.19382923870699015,0.320011971796211,0.1914880430450423,0.2946707464517566
/content/drive/MyDrive/StoneSense-Training/processed_grouped/processed_grouped/test/Normal/Normal- (863).jpg,1,2,0.020252928726589972,0.33169725293993835,0.35596533089520244,0.29208448743826937
/content/drive/MyDrive/StoneSense-Training/processed_grouped/processed_grouped/test/Normal/Normal- (864).jpg,1,1,0.020944374463654217,0.3673378214814004,0.32368923187476545,0.28802857218018
/content/drive/MyDrive/StoneSense-Training/processed_grouped/processed_grouped/test/Normal/Normal- (865).jpg,1,1,0.024123391526420818,0.40458192136614757,0.32203787909242415,0.2492568080150076
/content/drive/MyDrive/StoneSense-Training/processed_grouped/processed_grouped/test/Normal/Normal- (866).jpg,1,2,0.01739506617640057,0.35601673090635494,0.36139389674339323,0.26519430617385126
/content/drive/MyDrive/StoneSense-Training/processed_grouped/processed_grouped/test/Normal/Normal- (867).jpg,1,2,0.019247452838834483,0.3405438743167267,0.391499660863227,0.24870901198121173
/content/drive/MyDrive/StoneSense-Training/processed_grouped/processed_grouped/test/Normal/Normal- (868).jpg,1,2,0.019778875290208782,0.34566074941725555,0.3502513199065999,0.28430905538593565
/content/drive/MyDrive/StoneSense-Training/processed_grouped/processed_grouped/test/Normal/Normal- (869).jpg,1,2,0.024601621227022325,0.3065557648596526,0.37108635562846265,0.29775625828486235
/content/drive/MyDrive/StoneSense-Training/processed_grouped/processed_grouped/test/Normal/Normal- (870).jpg,1,2,0.02228166515816666,0.32909369569521457,0.35071711071771383,0.29790752842890494
/content/drive/MyDrive/StoneSense-Training/processed_grouped/processed_grouped/test/Normal/Normal- (871).jpg,1,2,0.025026602427412444,0.31212156439004,0.3812497303963282,0.28160210278621933
/content/drive/MyDrive/StoneSense-Training/processed_grouped/processed_grouped/test/Normal/Normal- (872).jpg,1,2,0.02291550997992872,0.35447716896936493,0.35662540379649427,0.2659819172542121
/content/drive/MyDrive/StoneSense-Training/processed_grouped/processed_grouped/test/Normal/Normal- (873).jpg,1,2,0.02729127308841314,0.3355586420368124,0.3820193049968072,0.25513077987796734
/content/drive/MyDrive/StoneSense-Training/processed_grouped/processed_grouped/test/Normal/Normal- (874).jpg,1,1,0.04636619765560527,0.37171950947560106,0.3539582977203964,0.22795599514839732
/content/drive/MyDrive/StoneSense-Training/processed_grouped/processed_grouped/test/Normal/Normal- (875).jpg,1,1,0.036871368171252035,0.43820806259231093,0.28455354633261776,0.24036702290381917
/content/drive/MyDrive/StoneSense-Training/processed_grouped/processed_grouped/test/Normal/Normal- (876).jpg,1,1,0.03005141655221769,0.4343963899278207,0.31089065389616816,0.2246615396237934
/content/drive/MyDrive/StoneSense-Training/processed_grouped/processed_grouped/test/Normal/Normal- (877).jpg,1,1,0.029084723461928544,0.4572328231880007,0.3107024915406375,0.20297996180943315
/content/drive/MyDrive/StoneSense-Training/processed_grouped/processed_grouped/test/Normal/Normal- (878).jpg,1,1,0.027538991461752475,0.4849125522178352,0.30867903942784736,0.17886941689256483
/content/drive/MyDrive/StoneSense-Training/processed_grouped/processed_grouped/test/Normal/Normal- (879).jpg,1,1,0.028497945426273576,0.5110497506574853,0.3318042135474627,0.12864809036877828
/content/drive/MyDrive/StoneSense-Training/processed_grouped/processed_grouped/test/Normal/Normal- (880).jpg,1,1,0.03631641079964174,0.5229744305425296,0.29350556799679123,0.14720359066103744
/content/drive/MyDrive/StoneSense-Training/processed_grouped/processed_grouped/test/Normal/Normal- (881).jpg,1,1,0.048516609194857674,0.5181278901668268,0.28375582986805586,0.14959967077025957
/content/drive/MyDrive/StoneSense-Training/processed_grouped/processed_grouped/test/Normal/Normal- (882).jpg,1,1,0.05527090253876561,0.4630945497811036,0.22491624963495724,0.2567182980451735
/content/drive/MyDrive/StoneSense-Training/processed_grouped/processed_grouped/test/Normal/Normal- (883).jpg,1,1,0.040678652371870044,0.4509518094333104,0.26837528553816176,0.23999425265665783
/content/drive/MyDrive/StoneSense-Training/processed_grouped/processed_grouped/test/Normal/Normal- (884).jpg,1,1,0.06277314464925303,0.46183758020339466,0.2557680125124666,0.21962126263488563
/content/drive/MyDrive/StoneSense-Training/processed_grouped/processed_grouped/test/Normal/Normal- (885).jpg,1,1,0.08231277562799824,0.41301662612338647,0.1845116884233674,0.320158909825248
/content/drive/MyDrive/StoneSense-Training/processed_grouped/processed_grouped/test/Normal/Normal- (886).jpg,1,1,0.06524294522239694,0.4130198944781819,0.19847754349994176,0.3232596167994794
/content/drive/MyDrive/StoneSense-Training/processed_grouped/processed_grouped/test/Normal/Normal- (887).jpg,1,1,0.06308651569506314,0.3904350420913085,0.21154978149612366,0.33492866071750466
/content/drive/MyDrive/StoneSense-Training/processed_grouped/processed_grouped/test/Normal/Normal- (888).jpg,1,2,0.06632469690339945,0.26885118751628445,0.40436902790141993,0.26045508767889597
/content/drive/MyDrive/StoneSense-Training/processed_grouped/processed_grouped/test/Normal/Normal- (889).jpg,1,2,0.04777809789747541,0.2821517305664685,0.3756884092944339,0.29438176224162227
/content/drive/MyDrive/StoneSense-Training/processed_grouped/processed_grouped/test/Normal/Normal- (890).jpg,1,1,0.030242956054752707,0.34498726126799806,0.3182382115040832,0.3065315711731661
/content/drive/MyDrive/StoneSense-Training/processed_grouped/processed_grouped/test/Normal/Normal- (891).jpg,1,1,0.03641176425354329,0.3708859592221303,0.250256527711326,0.3424457488130005
/content/drive/MyDrive/StoneSense-Training/processed_grouped/processed_grouped/test/Normal/Normal- (892).jpg,1,1,0.030317005438439085,0.39407898985751866,0.2551162806492095,0.3204877240548328
/content/drive/MyDrive/StoneSense-Training/processed_grouped/processed_grouped/test/Normal/Normal- (928).jpg,1,1,0.011426817287844811,0.4909614653723388,0.3236181829619436,0.1739935343778729
/content/drive/MyDrive/StoneSense-Training/processed_grouped/processed_grouped/test/Normal/Normal- (929).jpg,1,1,0.009981041209986637,0.4827216816650866,0.3540529088537579,0.15324436827116886
/content/drive/MyDrive/StoneSense-Training/processed_grouped/processed_grouped/test/Normal/Normal- (930).jpg,1,1,0.010276457186270535,0.4768254443971045,0.35824963659143405,0.15464846182519082
/content/drive/MyDrive/StoneSense-Training/processed_grouped/processed_grouped/test/Normal/Normal- (931).jpg,1,1,0.01284962892347226,0.4889087211348473,0.35716470372343356,0.1410769462182469
/content/drive/MyDrive/StoneSense-Training/processed_grouped/processed_grouped/test/Normal/Normal- (932).jpg,1,1,0.013616951443388963,0.5098469167626665,0.35757082133451423,0.11896531045943044
/content/drive/MyDrive/StoneSense-Training/processed_grouped/processed_grouped/test/Normal/Normal- (933).jpg,1,1,0.014661616271656151,0.5348208177828006,0.33927851750174515,0.11123904844379809
/content/drive/MyDrive/StoneSense-Training/processed_grouped/processed_grouped/test/Normal/Normal- (934).jpg,1,1,0.024328363696319164,0.5610014962894725,0.30143421923045566,0.11323592078375255
/content/drive/MyDrive/StoneSense-Training/processed_grouped/processed_grouped/test/Normal/Normal- (935).jpg,1,1,0.04816460729365798,0.5466618412969185,0.26922831446744255,0.13594523694198096
/content/drive/MyDrive/StoneSense-Training/processed_grouped/processed_grouped/test/Normal/Normal- (936).jpg,1,1,0.08232029208472577,0.5025350351999721,0.21718618819997815,0.19795848451532402
/content/drive/MyDrive/StoneSense-Training/processed_grouped/processed_grouped/test/Normal/Normal- (937).jpg,1,1,0.13364890415812472,0.4588006090504275,0.19486284518020225,0.21268764161124534
/content/drive/MyDrive/StoneSense-Training/processed_grouped/processed_grouped/test/Normal/Normal- (938).jpg,1,1,0.14311367142298723,0.4560626520123312,0.1979169888337899,0.20290668773089177
/content/drive/MyDrive/StoneSense-Training/processed_grouped/processed_grouped/test/Normal/Normal- (939).jpg,1,1,0.08718318230166246,0.5390854837324343,0.2584729328310514,0.11525840113485185
/content/drive/MyDrive/StoneSense-Training/processed_grouped/processed_grouped/test/Normal/Normal- (940).jpg,1,1,0.08588534302300396,0.5351201931372183,0.2542234332339417,0.12477103060583612
/content/drive/MyDrive/StoneSense-Training/processed_grouped/processed_grouped/test/Normal/Normal- (941).jpg,1,1,0.08944634811816554,0.5104916508779535,0.25533122237763917,0.14473077862624184
/content/drive/MyDrive/StoneSense-Training/processed_grouped/processed_grouped/test/Normal/Normal- (942).jpg,1,1,0.031064652668104948,0.5528322283678673,0.2840411626013251,0.1320619563627027
/content/drive/MyDrive/StoneSense-Training/processed_grouped/processed_grouped/test/Normal/Normal- (943).jpg,1,1,0.02099084308281413,0.5658673027097777,0.3147856053912444,0.09835624881616384
/content/drive/MyDrive/StoneSense-Training/processed_grouped/processed_grouped/test/Normal/Normal- (944).jpg,1,1,0.024435877482135868,0.5678157562106328,0.31456016615460874,0.09318820015262261
/content/drive/MyDrive/StoneSense-Training/processed_grouped/processed_grouped/test/Normal/Normal- (945).jpg,1,1,0.024825844762287493,0.5664308661796915,0.31811824705701497,0.09062504200100586
/content/drive/MyDrive/StoneSense-Training/processed_grouped/processed_grouped/test/Normal/Normal- (946).jpg,1,1,0.05000625441176515,0.5758894565719733,0.30679194248564784,0.06731234653061356
/content/drive/MyDrive/StoneSense-Training/processed_grouped/processed_grouped/test/Normal/Normal- (947).jpg,1,1,0.05791870616848041,0.5667313237221776,0.314861975143368,0.06048799496597404
/content/drive/MyDrive/StoneSense-Training/processed_grouped/processed_grouped/test/Normal/Normal- (948).jpg,1,1,0.07556314414423805,0.5403210289129552,0.32870458656813256,0.05541124037467425
/content/drive/MyDrive/StoneSense-Training/processed_grouped/processed_grouped/test/Normal/Normal- (949).jpg,1,1,0.1265170542862951,0.4850985409900391,0.3323182581277763,0.05606614659588943
/content/drive/MyDrive/StoneSense-Training/processed_grouped/processed_grouped/test/Normal/Normal- (950).jpg,1,1,0.1739114305635518,0.454797993858711,0.310382350986632,0.060908224591105356
/content/drive/MyDrive/StoneSense-Training/processed_grouped/processed_grouped/test/Normal/Normal- (951).jpg,1,1,0.13545601113557854,0.48098480055801884,0.33854927150746916,0.045009916798933486
/content/drive/MyDrive/StoneSense-Training/processed_grouped/processed_grouped/test/Normal/Normal- (952).jpg,1,1,0.1255601663677272,0.5098735919146452,0.32050335191966856,0.04406288979795889
/content/drive/MyDrive/StoneSense-Training/processed_grouped/processed_grouped/test/Normal/Normal- (953).jpg,1,1,0.10567496813926887,0.4789876334869771,0.36389587959964076,0.05144151877411329
/content/drive/MyDrive/StoneSense-Training/processed_grouped/processed_grouped/test/Normal/Normal- (954).jpg,1,1,0.08012470437008581,0.4375103703150135,0.4216263212919113,0.060738604022989355
/content/drive/MyDrive/StoneSense-Training/processed_grouped/processed_grouped/test/Normal/Normal- (955).jpg,1,2,0.07045467766319197,0.4306608732286771,0.4569605611660293,0.041923887942101855
/content/drive/MyDrive/StoneSense-Training/processed_grouped/processed_grouped/test/Normal/Normal- (956).jpg,1,2,0.06502898366541529,0.4462266014845047,0.4474013273913804,0.04134308745869962
/content/drive/MyDrive/StoneSense-Training/processed_grouped/processed_grouped/test/Normal/Normal- (957).jpg,1,1,0.045007638795848307,0.4749548528266295,0.4194050126242275,0.06063249575329465
/content/drive/MyDrive/StoneSense-Training/processed_grouped/processed_grouped/test/Normal/Normal- (958).jpg,1,1,0.04868761534772335,0.48269657594221393,0.3920076161181865,0.07660819259187615
/content/drive/MyDrive/StoneSense-Training/processed_grouped/processed_grouped/test/Normal/Normal- (959).jpg,1,1,0.04547316463534421,0.4637413616530485,0.3675653292798086,0.1232201444317987
/content/drive/MyDrive/StoneSense-Training/processed_grouped/processed_grouped/test/Normal/Normal- (960).jpg,1,1,0.0293033718281087,0.4599370823579861,0.3660032956277083,0.14475625018619684
/content/drive/MyDrive/StoneSense-Training/processed_grouped/processed_grouped/test/Normal/Normal- (961).jpg,1,1,0.04164802313129447,0.4570778739573978,0.3319598419400262,0.16931426097128158
/content/drive/MyDrive/StoneSense-Training/processed_grouped/processed_grouped/test/Normal/Normal- (962).jpg,1,1,0.031518541081275234,0.47914059170038387,0.33075385585414163,0.15858701136419925
/content/drive/MyDrive/StoneSense-Training/processed_grouped/processed_grouped/test/Normal/Normal- (963).jpg,1,1,0.028027938915204477,0.4675148153294056,0.35408997704360873,0.15036726871178122
/content/drive/MyDrive/StoneSense-Training/processed_grouped/processed_grouped/test/Normal/Normal- (964).jpg,1,1,0.03631774427925754,0.4685871575503989,0.3329450275453802,0.16215007062496337
/content/drive/MyDrive/StoneSense-Training/processed_grouped/processed_grouped/test/Normal/Normal- (965).jpg,1,1,0.06256789203954095,0.4575301340791758,0.2674035096163825,0.2124984642649006
/content/drive/MyDrive/StoneSense-Training/processed_grouped/processed_grouped/test/Normal/Normal- (966).jpg,1,1,0.07906058459874162,0.4383291382955817,0.26026423347372196,0.22234604363195473
/content/drive/MyDrive/StoneSense-Training/processed_grouped/processed_grouped/test/Normal/Normal- (967).jpg,1,1,0.09557914674891112,0.44266828131360714,0.2432714529999236,0.21848111893755814
/content/drive/MyDrive/StoneSense-Training/processed_grouped/processed_grouped/test/Normal/Normal- (968).jpg,1,1,0.11725087288374529,0.4215054314985813,0.27701914552998147,0.184224550087692
/content/drive/MyDrive/StoneSense-Training/processed_grouped/processed_grouped/test/Normal/Normal- (969).jpg,1,1,0.12904423371029508,0.41996816467289727,0.2832590768071577,0.16772852480965006
/content/drive/MyDrive/StoneSense-Training/processed_grouped/processed_grouped/test/Normal/Normal- (970).jpg,1,1,0.11972880898853794,0.3860273409905828,0.31861417708117645,0.17562967293970297
/content/drive/MyDrive/StoneSense-Training/processed_grouped/processed_grouped/test/Normal/Normal- (971).jpg,1,1,0.07719024257091045,0.41316607934711014,0.34586655326140675,0.16377712482057263
/content/drive/MyDrive/StoneSense-Training/processed_grouped/processed_grouped/test/Normal/Normal- (972).jpg,1,1,0.09522169470978144,0.42283387978805004,0.29321793921601297,0.18872648628615568
/content/drive/MyDrive/StoneSense-Training/processed_grouped/processed_grouped/test/Normal/Normal- (973).jpg,1,1,0.10163621203383195,0.4356193423312805,0.265464030280028,0.19728041535485955
/content/drive/MyDrive/StoneSense-Training/processed_grouped/processed_grouped/test/Normal/Normal- (974).jpg,1,1,0.1263643985873819,0.4119463265513356,0.270143583270974,0.19154569159030857
/content/drive/MyDrive/StoneSense-Training/processed_grouped/processed_grouped/test/Normal/Normal- (975).jpg,1,1,0.18456615455730924,0.3854989327537142,0.2669452899049578,0.16298962278401866
/content/drive/MyDrive/StoneSense-Training/processed_grouped/processed_grouped/test/Normal/Normal- (976).jpg,1,1,0.22375888479122547,0.39597448155959836,0.2547403171223927,0.12552631652678356
/content/drive/MyDrive/StoneSense-Training/processed_grouped/processed_grouped/test/Normal/Normal- (977).jpg,1,1,0.2906993995628159,0.32819115459303405,0.2553148862306004,0.12579455961354966
/content/drive/MyDrive/StoneSense-Training/processed_grouped/processed_grouped/test/Normal/Normal- (978).jpg,1,1,0.28090355287482527,0.3420139721895456,0.24742845067950878,0.12965402425612035
/content/drive/MyDrive/StoneSense-Training/processed_grouped/processed_grouped/test/Normal/Normal- (979).jpg,1,1,0.21238890062730956,0.365023039022985,0.2483001183162903,0.17428794203341522
/content/drive/MyDrive/StoneSense-Training/processed_grouped/processed_grouped/test/Normal/Normal- (980).jpg,1,1,0.1170004915194755,0.43908332007862627,0.2226900224165773,0.221226165985321
/content/drive/MyDrive/StoneSense-Training/processed_grouped/processed_grouped/test/Normal/Normal- (981).jpg,1,1,0.06032648302828339,0.48702825731898647,0.24349793291238112,0.20914732674034905
/content/drive/MyDrive/StoneSense-Training/processed_grouped/processed_grouped/test/Normal/Normal- (982).jpg,1,1,0.033774236597360535,0.4682686296423145,0.35127273389736885,0.146684399862956
/content/drive/MyDrive/StoneSense-Training/processed_grouped/processed_grouped/test/Normal/Normal- (983).jpg,1,1,0.04387396927547527,0.4802904696083726,0.27222760629325976,0.2036079548228924
/content/drive/MyDrive/StoneSense-Training/processed_grouped/processed_grouped/test/Normal/Normal- (984).jpg,1,1,0.05304216081067857,0.4802369102939644,0.23513846188043946,0.23158246701491764
/content/drive/MyDrive/StoneSense-Training/processed_grouped/processed_grouped/test/Normal/Normal- (985).jpg,1,1,0.08030584115738934,0.45550087207162204,0.19360680482476733,0.27058648194622115
/content/drive/MyDrive/StoneSense-Training/processed_grouped/processed_grouped/test/Normal/Normal- (986).jpg,1,1,0.10234277000386141,0.44866457847314845,0.1672469403061435,0.2817457112168467
/content/drive/MyDrive/StoneSense-Training/processed_grouped/processed_grouped/test/Normal/Normal- (987).jpg,1,1,0.1116908939006573,0.45401105493425237,0.16724296613353648,0.267055085031554
/content/drive/MyDrive/StoneSense-Training/processed_grouped/processed_grouped/test/Normal/Normal- (988).jpg,1,1,0.12382467178275948,0.4561245067651389,0.17233848277666752,0.24771233867543407
/content/drive/MyDrive/StoneSense-Training/processed_grouped/processed_grouped/test/Normal/Normal- (989).jpg,1,1,0.14124380989791394,0.4341323853824217,0.1631644846097985,0.26145932010986594
/content/drive/MyDrive/StoneSense-Training/processed_grouped/processed_grouped/test/Normal/Normal- (990).jpg,1,1,0.11342332537331799,0.4669212633216232,0.18397500254880778,0.23568040875625096
/content/drive/MyDrive/StoneSense-Training/processed_grouped/processed_grouped/test/Normal/Normal- (991).jpg,1,1,0.09567898958647952,0.48248231749876425,0.22532570774408175,0.19651298517067448
/content/drive/MyDrive/StoneSense-Training/processed_grouped/processed_grouped/test/Normal/Normal- (992).jpg,1,1,0.09347274857236057,0.4892383770146675,0.24771075088285513,0.16957812353011686
/content/drive/MyDrive/StoneSense-Training/processed_grouped/processed_grouped/test/Normal/Normal- (993).jpg,1,1,0.07008568849244108,0.5134041919298904,0.2753013037871042,0.1412088157905643
/content/drive/MyDrive/StoneSense-Training/processed_grouped/processed_grouped/test/Normal/Normal- (994).jpg,1,1,0.07109083186843192,0.5078888103348517,0.27026550912859826,0.1507548486681182
/content/drive/MyDrive/StoneSense-Training/processed_grouped/processed_grouped/test/Normal/Normal- (995).jpg,1,1,0.03982291930383206,0.5141105432602094,0.27283425777702186,0.17323227965893664
/content/drive/MyDrive/StoneSense-Training/processed_grouped/processed_grouped/test/Normal/Normal- (996).jpg,1,1,0.029504937377611472,0.5132001031301371,0.3229043251753813,0.13439063431687012
/content/drive/MyDrive/StoneSense-Training/processed_grouped/processed_grouped/test/Normal/Normal- (997).jpg,1,1,0.05746577558663499,0.47707830018302094,0.26827754630287975,0.19717837792746448
/content/drive/MyDrive/StoneSense-Training/processed_grouped/processed_grouped/test/Normal/Normal- (998).jpg,1,1,0.10475011048481973,0.3907689023669364,0.25103179244891755,0.2534491946993263
/content/drive/MyDrive/StoneSense-Training/processed_grouped/processed_grouped/test/Normal/Normal- (999).jpg,1,3,0.32471639363932936,0.07405542420534075,0.1088842505859335,0.4923439315693962
/content/drive/MyDrive/StoneSense-Training/processed_grouped/processed_grouped/test/Stone/Stone- (1004).jpg,2,3,0.21458135003585102,0.24004491835007588,0.12129476251724096,0.4240789690968321
/content/drive/MyDrive/StoneSense-Training/processed_grouped/processed_grouped/test/Stone/Stone- (1005).jpg,2,3,0.198014656778312,0.2547523947532552,0.12739914006500425,0.41983380840342854
/content/drive/MyDrive/StoneSense-Training/processed_grouped/processed_grouped/test/Stone/Stone- (1006).jpg,2,3,0.17207827815930168,0.2775078816771876,0.13691281494318736,0.41350102522032334
/content/drive/MyDrive/StoneSense-Training/processed_grouped/processed_grouped/test/Stone/Stone- (1007).jpg,2,3,0.17748648593048863,0.27182783313666287,0.11597979863640286,0.4347058822964456
/content/drive/MyDrive/StoneSense-Training/processed_grouped/processed_grouped/test/Stone/Stone- (1008).jpg,2,3,0.13698824391369802,0.29175973898536595,0.08694711523543575,0.48430490186550024
/content/drive/MyDrive/StoneSense-Training/processed_grouped/processed_grouped/test/Stone/Stone- (1009).jpg,2,3,0.13154112161144405,0.2580107569337532,0.08798919952225807,0.5224589219325447
/content/drive/MyDrive/StoneSense-Training/processed_grouped/processed_grouped/test/Stone/Stone- (1010).jpg,2,3,0.12735832567983033,0.27787815890381046,0.10907059509597307,0.48569292032038613
/content/drive/MyDrive/StoneSense-Training/processed_grouped/processed_grouped/test/Stone/Stone- (1011).jpg,2,3,0.09097113930683881,0.29551885556224783,0.11172655082000411,0.5017834543109093
/content/drive/MyDrive/StoneSense-Training/processed_grouped/processed_grouped/test/Stone/Stone- (1029).jpg,2,3,0.058588291067886315,0.2818290051473518,0.3148855162765409,0.34469718750822104
/content/drive/MyDrive/StoneSense-Training/processed_grouped/processed_grouped/test/Stone/Stone- (1030).jpg,2,2,0.07820293493973397,0.30134288165127354,0.31448465242495666,0.30596953098403595
/content/drive/MyDrive/StoneSense-Training/processed_grouped/processed_grouped/test/Stone/Stone- (1031).jpg,2,2,0.06758594078688508,0.30073830195554163,0.3512662561190412,0.280409501138532
/content/drive/MyDrive/StoneSense-Training/processed_grouped/processed_grouped/test/Stone/Stone- (1092).jpg,2,0,0.36303546333072434,0.23648503925789063,0.21703011473189512,0.18344938267948988
/content/drive/MyDrive/StoneSense-Training/processed_grouped/processed_grouped/test/Stone/Stone- (1093).jpg,2,0,0.39337744954352355,0.17104323105753036,0.2528944754096201,0.18268484398932597
/content/drive/MyDrive/StoneSense-Training/processed_grouped/processed_grouped/test/Stone/Stone- (1094).jpg,2,0,0.33989848334194944,0.2398264919672116,0.1653206765271098,0.2549543481637292
/content/drive/MyDrive/StoneSense-Training/processed_grouped/processed_grouped/test/Stone/Stone- (1095).jpg,2,0,0.3094391961275381,0.21564917072928982,0.18168053949857915,0.2932310936445928
/content/drive/MyDrive/StoneSense-Training/processed_grouped/processed_grouped/test/Stone/Stone- (1096).jpg,2,0,0.35058507065192435,0.23137812170211422,0.18795374174696933,0.23008306589899216
/content/drive/MyDrive/StoneSense-Training/processed_grouped/processed_grouped/test/Stone/Stone- (1177).jpg,2,2,0.21272893069539037,0.10993989144342436,0.4299044340375403,0.2474267438236449
/content/drive/MyDrive/StoneSense-Training/processed_grouped/processed_grouped/test/Stone/Stone- (1178).jpg,2,2,0.17109172640337417,0.11848061391932332,0.42433099832539306,0.28609666135190953
/content/drive/MyDrive/StoneSense-Training/processed_grouped/processed_grouped/test/Stone/Stone- (1179).jpg,2,2,0.16871253749901682,0.08820902940208904,0.4092694562224557,0.3338089768764384
/content/drive/MyDrive/StoneSense-Training/processed_grouped/processed_grouped/test/Stone/Stone- (1180).jpg,2,2,0.17022352028459178,0.06930774878676696,0.42285497880099787,0.3376137521276433
/content/drive/MyDrive/StoneSense-Training/processed_grouped/processed_grouped/test/Stone/Stone- (1181).jpg,2,2,0.18662241406806154,0.07908732144721087,0.42143033640823857,0.31285992807648905
/content/drive/MyDrive/StoneSense-Training/processed_grouped/processed_grouped/test/Stone/Stone- (1182).jpg,2,2,0.15653805282138003,0.09973601247155509,0.42064289814002964,0.3230830365670353
/content/drive/MyDrive/StoneSense-Training/processed_grouped/processed_grouped/test/Stone/Stone- (1183).jpg,2,2,0.2036803852393302,0.07336416335766298,0.43154451245827447,0.2914109389447323
/content/drive/MyDrive/StoneSense-Training/processed_grouped/processed_grouped/test/Stone/Stone- (1184).jpg,2,2,0.24698116476373075,0.05614017386064001,0.42799195315493976,0.2688867082206894
/content/drive/MyDrive/StoneSense-Training/processed_grouped/processed_grouped/test/Stone/Stone- (1185).jpg,2,2,0.31732697638163654,0.04152992435626314,0.4688488597489217,0.1722942395131787
/content/drive/MyDrive/StoneSense-Training/processed_grouped/processed_grouped/test/Stone/Stone- (175).jpg,2,0,0.35739450200614864,0.18127277870604203,0.2137611806059321,0.24757153868187728
/content/drive/MyDrive/StoneSense-Training/processed_grouped/processed_grouped/test/Stone/Stone- (183).jpg,2,0,0.3490999657139753,0.20138168990661223,0.30626697114717105,0.1432513732322415
/content/drive/MyDrive/StoneSense-Training/processed_grouped/processed_grouped/test/Stone/Stone- (184).jpg,2,1,0.2586542335280568,0.3348692192418333,0.20117975748436287,0.20529678974574703
/content/drive/MyDrive/StoneSense-Training/processed_grouped/processed_grouped/test/Stone/Stone- (185).jpg,2,1,0.22412663843435732,0.3239111719764489,0.1999815989051926,0.25198059068400114
/content/drive/MyDrive/StoneSense-Training/processed_grouped/processed_grouped/test/Stone/Stone- (186).jpg,2,1,0.22389386840115855,0.3125336331043974,0.1999330209637176,0.2636394775307265
/content/drive/MyDrive/StoneSense-Training/processed_grouped/processed_grouped/test/Stone/Stone- (187).jpg,2,1,0.25421847803415754,0.2915277906391295,0.23493790383879049,0.21931582748792255
/content/drive/MyDrive/StoneSense-Training/processed_grouped/processed_grouped/test/Stone/Stone- (188).jpg,2,2,0.2772522720642873,0.17005515776663546,0.3312710876576406,0.2214214825114366
/content/drive/MyDrive/StoneSense-Training/processed_grouped/processed_grouped/test/Stone/Stone- (243).jpg,2,3,0.0641847101434608,0.2777628245131264,0.2963691534842234,0.36168331185918934
/content/drive/MyDrive/StoneSense-Training/processed_grouped/processed_grouped/test/Stone/Stone- (244).jpg,2,3,0.0463818327246155,0.3200360635912566,0.22130112486864603,0.412280978815482
/content/drive/MyDrive/StoneSense-Training/processed_grouped/processed_grouped/test/Stone/Stone- (245).jpg,2,3,0.056504753137521124,0.37729546371118716,0.15786626671391377,0.408333516437378
/content/drive/MyDrive/StoneSense-Training/processed_grouped/processed_grouped/test/Stone/Stone- (246).jpg,2,3,0.050598388839952615,0.39957707577458956,0.1396801006219705,0.41014443476348733
/content/drive/MyDrive/StoneSense-Training/processed_grouped/processed_grouped/test/Stone/Stone- (247).jpg,2,3,0.04219708309270612,0.3824771534587752,0.15463480319332626,0.42069096025519237
/content/drive/MyDrive/StoneSense-Training/processed_grouped/processed_grouped/test/Stone/Stone- (248).jpg,2,3,0.07884382204569568,0.3488953134040859,0.17681939174595676,0.39544147280426173
/content/drive/MyDrive/StoneSense-Training/processed_grouped/processed_grouped/test/Stone/Stone- (249).jpg,2,3,0.13365739121516595,0.22333243201615624,0.23682640627357301,0.40618377049510485
/content/drive/MyDrive/StoneSense-Training/processed_grouped/processed_grouped/test/Stone/Stone- (258).jpg,2,0,0.3828437879726262,0.29823722987541285,0.25752687814767267,0.06139210400428824
/content/drive/MyDrive/StoneSense-Training/processed_grouped/processed_grouped/test/Stone/Stone- (259).jpg,2,0,0.35673347106960945,0.2938602660695682,0.26499279256907576,0.08441347029174669
/content/drive/MyDrive/StoneSense-Training/processed_grouped/processed_grouped/test/Stone/Stone- (260).jpg,2,0,0.4085500009903738,0.240009808921921,0.2913839325445252,0.06005625754317997
/content/drive/MyDrive/StoneSense-Training/processed_grouped/processed_grouped/test/Stone/Stone- (261).jpg,2,0,0.43227067357752463,0.21103581902774013,0.2949989813655146,0.061694526029220556
/content/drive/MyDrive/StoneSense-Training/processed_grouped/processed_grouped/test/Stone/Stone- (262).jpg,2,0,0.4497418136302059,0.19272813557828203,0.28220599419643433,0.07532405659507792
/content/drive/MyDrive/StoneSense-Training/processed_grouped/processed_grouped/test/Stone/Stone- (263).jpg,2,0,0.4024541965748769,0.24318973781244752,0.27497193986256496,0.0793841257501106
/content/drive/MyDrive/StoneSense-Training/processed_grouped/processed_grouped/test/Stone/Stone- (264).jpg,2,0,0.3751990965034308,0.32867841062500447,0.19501978344800416,0.10110270942356057
/content/drive/MyDrive/StoneSense-Training/processed_grouped/processed_grouped/test/Stone/Stone- (265).jpg,2,0,0.426485780860043,0.28406847177899447,0.1573185418774409,0.1321272054835215
/content/drive/MyDrive/StoneSense-Training/processed_grouped/processed_grouped/test/Stone/Stone- (266).jpg,2,0,0.46232207569386297,0.2531304881735446,0.14156444934567636,0.1429829867869161
/content/drive/MyDrive/StoneSense-Training/processed_grouped/processed_grouped/test/Stone/Stone- (267).jpg,2,0,0.3399657284331949,0.3387235689395794,0.2205982533359775,0.10071244929124824
/content/drive/MyDrive/StoneSense-Training/processed_grouped/processed_grouped/test/Stone/Stone- (268).jpg,2,0,0.4121418420993133,0.28606407759030694,0.18994711149862897,0.111846968811751
/content/drive/MyDrive/StoneSense-Training/processed_grouped/processed_grouped/test/Stone/Stone- (269).jpg,2,1,0.3500457408238293,0.35703520797435206,0.14255929133125297,0.15035975987056574
/content/drive/MyDrive/StoneSense-Training/processed_grouped/processed_grouped/test/Stone/Stone- (270).jpg,2,0,0.31091200961531273,0.28691276890522194,0.13179628049930428,0.2703789409801611
/content/drive/MyDrive/StoneSense-Training/processed_grouped/processed_grouped/test/Stone/Stone- (28).jpg,2,3,0.0644997241080376,0.32940200392715063,0.1990698985800265,0.40702837338478537
/content/drive/MyDrive/StoneSense-Training/processed_grouped/processed_grouped/test/Stone/Stone- (29).jpg,2,1,0.057170481603874,0.3715458365109798,0.20083680569140724,0.370446876193739
/content/drive/MyDrive/StoneSense-Training/processed_grouped/processed_grouped/test/Stone/Stone- (290).jpg,2,1,0.09684948929579859,0.4955498171178291,0.2687145997163011,0.13888609387007136
/content/drive/MyDrive/StoneSense-Training/processed_grouped/processed_grouped/test/Stone/Stone- (291).jpg,2,1,0.039499553784836335,0.4711425431671403,0.3818815808266466,0.10747632222137671
/content/drive/MyDrive/StoneSense-Training/processed_grouped/processed_grouped/test/Stone/Stone- (292).jpg,2,1,0.0675464328596413,0.4071453816551653,0.39069558462345033,0.13461260086174323
/content/drive/MyDrive/StoneSense-Training/processed_grouped/processed_grouped/test/Stone/Stone- (293).jpg,2,1,0.08766666101738857,0.40723825381101314,0.3530684936928999,0.1520265914786985
/content/drive/MyDrive/StoneSense-Training/processed_grouped/processed_grouped/test/Stone/Stone- (294).jpg,2,1,0.054069090031217244,0.4233257923342432,0.3715527802031592,0.15105233743138033
/content/drive/MyDrive/StoneSense-Training/processed_grouped/processed_grouped/test/Stone/Stone- (295).jpg,2,1,0.0517641943533146,0.4137393475440798,0.37849230953300034,0.15600414856960526
/content/drive/MyDrive/StoneSense-Training/processed_grouped/processed_grouped/test/Stone/Stone- (296).jpg,2,1,0.07193899828125705,0.4380703252433234,0.3564970183039537,0.13349365817146588
/content/drive/MyDrive/StoneSense-Training/processed_grouped/processed_grouped/test/Stone/Stone- (297).jpg,2,1,0.06912457077646482,0.44077903336820057,0.3645834671058476,0.12551292874948708
/content/drive/MyDrive/StoneSense-Training/processed_grouped/processed_grouped/test/Stone/Stone- (298).jpg,2,1,0.0773884120457981,0.41291028575303645,0.3744291522840306,0.13527214991713474
/content/drive/MyDrive/StoneSense-Training/processed_grouped/processed_grouped/test/Stone/Stone- (299).jpg,2,1,0.06153737898713414,0.38124404613518287,0.37977471773931404,0.177443857138369
/content/drive/MyDrive/StoneSense-Training/processed_grouped/processed_grouped/test/Stone/Stone- (30).jpg,2,1,0.036840930410217805,0.3928294256614776,0.2139393637227657,0.3563902802055389
/content/drive/MyDrive/StoneSense-Training/processed_grouped/processed_grouped/test/Stone/Stone- (300).jpg,2,1,0.10440006358991782,0.3674389328385785,0.3423335056323803,0.18582749793912345
/content/drive/MyDrive/StoneSense-Training/processed_grouped/processed_grouped/test/Stone/Stone- (301).jpg,2,2,0.09978763640515444,0.33773273975409357,0.3481843336599547,0.21429529018079738
/content/drive/MyDrive/StoneSense-Training/processed_grouped/processed_grouped/test/Stone/Stone- (302).jpg,2,2,0.06363205342214064,0.3655228166414086,0.3894593670567291,0.18138576287972166
/content/drive/MyDrive/StoneSense-Training/processed_grouped/processed_grouped/test/Stone/Stone- (303).jpg,2,2,0.03996666879112559,0.360288690529997,0.4250096696141274,0.1747349710647501
/content/drive/MyDrive/StoneSense-Training/processed_grouped/processed_grouped/test/Stone/Stone- (304).jpg,2,1,0.022134247242253897,0.4224370428802892,0.3984478927410718,0.15698081713638495
/content/drive/MyDrive/StoneSense-Training/processed_grouped/processed_grouped/test/Stone/Stone- (305).jpg,2,1,0.02494024601861821,0.442508510404893,0.4192320109938881,0.11331923258260067
/content/drive/MyDrive/StoneSense-Training/processed_grouped/processed_grouped/test/Stone/Stone- (306).jpg,2,1,0.02602856600844051,0.487569830027254,0.40135791444605406,0.08504368951825146
/content/drive/MyDrive/StoneSense-Training/processed_grouped/processed_grouped/test/Stone/Stone- (307).jpg,2,1,0.08223541585957293,0.4723991353445262,0.27778387276340527,0.1675815760324955
/content/drive/MyDrive/StoneSense-Training/processed_grouped/processed_grouped/test/Stone/Stone- (308).jpg,2,1,0.1146382485592287,0.453566853159191,0.2905890950426453,0.14120580323893506
/content/drive/MyDrive/StoneSense-Training/processed_grouped/processed_grouped/test/Stone/Stone- (309).jpg,2,1,0.09977059304349364,0.5131673017570074,0.2665479797457126,0.12051412545378644
/content/drive/MyDrive/StoneSense-Training/processed_grouped/processed_grouped/test/Stone/Stone- (31).jpg,2,3,0.04337481729052298,0.3456926262119954,0.1891993634787087,0.4217331930187728
/content/drive/MyDrive/StoneSense-Training/processed_grouped/processed_grouped/test/Stone/Stone- (310).jpg,2,1,0.09556780867507977,0.5203030738276136,0.24799051150866558,0.13613860598864097
/content/drive/MyDrive/StoneSense-Training/processed_grouped/processed_grouped/test/Stone/Stone- (311).jpg,2,1,0.07666028533937562,0.5058117606851468,0.29329803370120333,0.12422992027427426
/content/drive/MyDrive/StoneSense-Training/processed_grouped/processed_grouped/test/Stone/Stone- (312).jpg,2,1,0.048485631778130346,0.49121573940590907,0.3495624723432061,0.11073615647275459
/content/drive/MyDrive/StoneSense-Training/processed_grouped/processed_grouped/test/Stone/Stone- (313).jpg,2,1,0.07229066328825372,0.4571013274261582,0.3808076971856919,0.08980031209989607
/content/drive/MyDrive/StoneSense-Training/processed_grouped/processed_grouped/test/Stone/Stone- (314).jpg,2,1,0.03810104532564956,0.47951550772299467,0.3875008319983493,0.09488261495300646
/content/drive/MyDrive/StoneSense-Training/processed_grouped/processed_grouped/test/Stone/Stone- (315).jpg,2,1,0.04839129662099171,0.44792007027360226,0.41463333750376713,0.08905529560163901
/content/drive/MyDrive/StoneSense-Training/processed_grouped/processed_grouped/test/Stone/Stone- (316).jpg,2,1,0.03596169332142694,0.46942987652189105,0.3998720414065793,0.09473638875010285
/content/drive/MyDrive/StoneSense-Training/processed_grouped/processed_grouped/test/Stone/Stone- (317).jpg,2,1,0.020172467333154313,0.4752708858671836,0.3885141361284157,0.11604251067124648
/content/drive/MyDrive/StoneSense-Training/processed_grouped/processed_grouped/test/Stone/Stone- (318).jpg,2,1,0.0319573882920429,0.470733542027123,0.39241219366906516,0.10489687601176899
/content/drive/MyDrive/StoneSense-Training/processed_grouped/processed_grouped/test/Stone/Stone- (319).jpg,2,1,0.05687304027845209,0.4530684031321382,0.3732459504060853,0.11681260618332438
/content/drive/MyDrive/StoneSense-Training/processed_grouped/processed_grouped/test/Stone/Stone- (32).jpg,2,1,0.053144578634759805,0.3933554637514689,0.20374998597623442,0.349749971637537
/content/drive/MyDrive/StoneSense-Training/processed_grouped/processed_grouped/test/Stone/Stone- (320).jpg,2,1,0.07083317720106365,0.43459721221039055,0.3840237848083131,0.11054582578023275
/content/drive/MyDrive/StoneSense-Training/processed_grouped/processed_grouped/test/Stone/Stone- (463).jpg,2,1,0.1053823092541517,0.4687005506286361,0.2661231389345574,0.1597940011826549
/content/drive/MyDrive/StoneSense-Training/processed_grouped/processed_grouped/test/Stone/Stone- (464).jpg,2,1,0.0618398525759934,0.45576515348129165,0.35215777752250144,0.13023721642021352
/content/drive/MyDrive/StoneSense-Training/processed_grouped/processed_grouped/test/Stone/Stone- (465).jpg,2,1,0.09543554340718817,0.3976741305740865,0.37704613645526097,0.1298441895634644
/content/drive/MyDrive/StoneSense-Training/processed_grouped/processed_grouped/test/Stone/Stone- (466).jpg,2,1,0.12406493901687689,0.3803472650056071,0.33252970390467945,0.16305809207283647
/content/drive/MyDrive/StoneSense-Training/processed_grouped/processed_grouped/test/Stone/Stone- (467).jpg,2,1,0.07413835683265718,0.4138394516858022,0.3577328356090367,0.15428935587250392
/content/drive/MyDrive/StoneSense-Training/processed_grouped/processed_grouped/test/Stone/Stone- (468).jpg,2,1,0.08226613809602132,0.3888133778627298,0.35717021220557144,0.1717502718356775
/content/drive/MyDrive/StoneSense-Training/processed_grouped/processed_grouped/test/Stone/Stone- (469).jpg,2,1,0.1095429541733241,0.39544538902918414,0.331392140395554,0.16361951640193761
/content/drive/MyDrive/StoneSense-Training/processed_grouped/processed_grouped/test/Stone/Stone- (470).jpg,2,1,0.09465785716852797,0.4023100597801311,0.35100864867297826,0.15202343437836277
/content/drive/MyDrive/StoneSense-Training/processed_grouped/processed_grouped/test/Stone/Stone- (471).jpg,2,1,0.104905970301921,0.3781597613169821,0.3502965290752595,0.16663773930583736
/content/drive/MyDrive/StoneSense-Training/processed_grouped/processed_grouped/test/Stone/Stone- (472).jpg,2,1,0.09749288509843528,0.3502120673991863,0.32959583368451434,0.22269921381786406
/content/drive/MyDrive/StoneSense-Training/processed_grouped/processed_grouped/test/Stone/Stone- (473).jpg,2,1,0.15821864319491577,0.33031499750448784,0.27355132376628194,0.23791503553431448
/content/drive/MyDrive/StoneSense-Training/processed_grouped/processed_grouped/test/Stone/Stone- (474).jpg,2,1,0.14772776889459002,0.31739201256431493,0.279225601222994,0.2556546173181011
/content/drive/MyDrive/StoneSense-Training/processed_grouped/processed_grouped/test/Stone/Stone- (475).jpg,2,2,0.09771718631058751,0.3305480531264367,0.34144134907561513,0.2302934114873607
/content/drive/MyDrive/StoneSense-Training/processed_grouped/processed_grouped/test/Stone/Stone- (476).jpg,2,2,0.06025849659635183,0.3429790464018474,0.3759284820186056,0.22083397498319512
/content/drive/MyDrive/StoneSense-Training/processed_grouped/processed_grouped/test/Stone/Stone- (477).jpg,2,1,0.05425830370036595,0.38645699707051934,0.35118251174799164,0.20810218748112286
/content/drive/MyDrive/StoneSense-Training/processed_grouped/processed_grouped/test/Stone/Stone- (478).jpg,2,1,0.032949102062174024,0.41871627334218037,0.4026049044325209,0.1457297201631248
/content/drive/MyDrive/StoneSense-Training/processed_grouped/processed_grouped/test/Stone/Stone- (479).jpg,2,1,0.03779619048279016,0.45346224878451025,0.368904238456644,0.13983732227605575
/content/drive/MyDrive/StoneSense-Training/processed_grouped/processed_grouped/test/Stone/Stone- (480).jpg,2,1,0.12122448217077955,0.4109788156467423,0.23607461073625835,0.23172209144621972
/content/drive/MyDrive/StoneSense-Training/processed_grouped/processed_grouped/test/Stone/Stone- (481).jpg,2,1,0.11753236769908743,0.4168324568096763,0.27653727931766553,0.18909789617357065
/content/drive/MyDrive/StoneSense-Training/processed_grouped/processed_grouped/test/Stone/Stone- (482).jpg,2,1,0.14049947489327885,0.4500527639011059,0.24963414985280832,0.15981361135280692
/content/drive/MyDrive/StoneSense-Training/processed_grouped/processed_grouped/test/Stone/Stone- (483).jpg,2,1,0.17999452540971567,0.417119302228614,0.20567268520696513,0.19721348715470513
/content/drive/MyDrive/StoneSense-Training/processed_grouped/processed_grouped/test/Stone/Stone- (484).jpg,2,1,0.19710946639845064,0.39026812442846703,0.19641158281571314,0.21621082635736916
/content/drive/MyDrive/StoneSense-Training/processed_grouped/processed_grouped/test/Stone/Stone- (485).jpg,2,1,0.1483896389698233,0.4146720673865138,0.21828611018738361,0.21865218345627924
/content/drive/MyDrive/StoneSense-Training/processed_grouped/processed_grouped/test/Stone/Stone- (486).jpg,2,1,0.10311773337680374,0.4386336894655671,0.26805842038657673,0.1901901567710523
/content/drive/MyDrive/StoneSense-Training/processed_grouped/processed_grouped/test/Stone/Stone- (487).jpg,2,1,0.06119253093963522,0.4404293563140176,0.34346265922386393,0.1549154535224832
/content/drive/MyDrive/StoneSense-Training/processed_grouped/processed_grouped/test/Stone/Stone- (488).jpg,2,1,0.06574877298820754,0.4165755791291295,0.35544018799504395,0.1622354598876191
/content/drive/MyDrive/StoneSense-Training/processed_grouped/processed_grouped/test/Stone/Stone- (489).jpg,2,1,0.05354641090628456,0.43732317081651007,0.34862519267249664,0.16050522560470878
/content/drive/MyDrive/StoneSense-Training/processed_grouped/processed_grouped/test/Stone/Stone- (490).jpg,2,1,0.02458837336838083,0.4620398986388561,0.3659311928292662,0.14744053516349684
/content/drive/MyDrive/StoneSense-Training/processed_grouped/processed_grouped/test/Stone/Stone- (491).jpg,2,1,0.017833158275307473,0.47175471082980225,0.3848059130873466,0.12560621780754366
/content/drive/MyDrive/StoneSense-Training/processed_grouped/processed_grouped/test/Stone/Stone- (492).jpg,2,1,0.024638760354056363,0.4557559411780532,0.3930717837143166,0.12653351475357377
/content/drive/MyDrive/StoneSense-Training/processed_grouped/processed_grouped/test/Stone/Stone- (493).jpg,2,1,0.03821269564875816,0.4350634794814953,0.4114680342226882,0.11525579064705836
/content/drive/MyDrive/StoneSense-Training/processed_grouped/processed_grouped/test/Stone/Stone- (494).jpg,2,1,0.04228090845629449,0.4402291323022042,0.3902232477837592,0.12726671145774215
/content/drive/MyDrive/StoneSense-Training/processed_grouped/processed_grouped/test/Stone/Stone- (495).jpg,2,1,0.03460625245264792,0.4480182601436449,0.38185000736016617,0.13552548004354115
/content/drive/MyDrive/StoneSense-Training/processed_grouped/processed_grouped/test/Stone/Stone- (496).jpg,2,1,0.028788110226320454,0.4486441392104366,0.39433885684229586,0.12822889372094706
/content/drive/MyDrive/StoneSense-Training/processed_grouped/processed_grouped/test/Stone/Stone- (497).jpg,2,1,0.024087156034987692,0.41091796055347746,0.40210604464368027,0.1628888387678546
/content/drive/MyDrive/StoneSense-Training/processed_grouped/processed_grouped/test/Stone/Stone- (498).jpg,2,1,0.01978203128828907,0.41423081382659094,0.3933162123612946,0.17267094252382537
/content/drive/MyDrive/StoneSense-Training/processed_grouped/processed_grouped/test/Stone/Stone- (499).jpg,2,1,0.01508382132320059,0.45133950349254065,0.36201630909369437,0.17156036609056452
/content/drive/MyDrive/StoneSense-Training/processed_grouped/processed_grouped/test/Stone/Stone- (500).jpg,2,1,0.017543441700173145,0.4052652867545665,0.3819475526694396,0.19524371887582068
/content/drive/MyDrive/StoneSense-Training/processed_grouped/processed_grouped/test/Stone/Stone- (501).jpg,2,2,0.028545650220180935,0.38561340164681723,0.3979458892029408,0.18789505893006095
/content/drive/MyDrive/StoneSense-Training/processed_grouped/processed_grouped/test/Stone/Stone- (502).jpg,2,2,0.027625173734177656,0.3934869328744163,0.39350876363685805,0.18537912975454796
/content/drive/MyDrive/StoneSense-Training/processed_grouped/processed_grouped/test/Stone/Stone- (503).jpg,2,2,0.02662177131591412,0.3812551680351566,0.3996390470864575,0.1924840135624718
/content/drive/MyDrive/StoneSense-Training/processed_grouped/processed_grouped/test/Stone/Stone- (504).jpg,2,2,0.024665637589851158,0.3972200411314501,0.4031225709973983,0.17499175028130048
/content/drive/MyDrive/StoneSense-Training/processed_grouped/processed_grouped/test/Stone/Stone- (505).jpg,2,1,0.02831400251968847,0.4313054095521485,0.37586733837991887,0.16451324954824395
/content/drive/MyDrive/StoneSense-Training/processed_grouped/processed_grouped/test/Stone/Stone- (506).jpg,2,1,0.02996534159095044,0.46849757629089356,0.3678556105702053,0.13368147154795068
/content/drive/MyDrive/StoneSense-Training/processed_grouped/processed_grouped/test/Stone/Stone- (507).jpg,2,1,0.04869473506173339,0.4350298352868683,0.36960318444616924,0.14667224520522903
/content/drive/MyDrive/StoneSense-Training/processed_grouped/processed_grouped/test/Stone/Stone- (508).jpg,2,1,0.061366688736545695,0.3811997453467774,0.3764762073047901,0.1809573586118867
/content/drive/MyDrive/StoneSense-Training/processed_grouped/processed_grouped/test/Stone/Stone- (509).jpg,2,1,0.053032716150434256,0.40430059475873487,0.3796795130751737,0.16298717601565715
/content/drive/MyDrive/StoneSense-Training/processed_grouped/processed_grouped/test/Stone/Stone- (624).jpg,2,2,0.07129291719734418,0.37922185650165097,0.4884941879745326,0.06099103832647233
/content/drive/MyDrive/StoneSense-Training/processed_grouped/processed_grouped/test/Stone/Stone- (625).jpg,2,2,0.05873825172155915,0.3984837134093713,0.45916914248639595,0.0836088923826737
/content/drive/MyDrive/StoneSense-Training/processed_grouped/processed_grouped/test/Stone/Stone- (626).jpg,2,2,0.04034560731721053,0.42887836882236186,0.4317903847566711,0.09898563910375659
/content/drive/MyDrive/StoneSense-Training/processed_grouped/processed_grouped/test/Stone/Stone- (627).jpg,2,2,0.059710975743376735,0.4062895356768719,0.47025181835915,0.06374767022060145
/content/drive/MyDrive/StoneSense-Training/processed_grouped/processed_grouped/test/Stone/Stone- (673).jpg,2,1,0.06948244385244545,0.5262354624316595,0.30618588840548333,0.09809620531041151
/content/drive/MyDrive/StoneSense-Training/processed_grouped/processed_grouped/test/Stone/Stone- (674).jpg,2,1,0.08342474251804069,0.4755742988899348,0.3339758474908688,0.1070251111011557
/content/drive/MyDrive/StoneSense-Training/processed_grouped/processed_grouped/test/Stone/Stone- (675).jpg,2,1,0.09476672162245367,0.46910995155210955,0.32755716149656383,0.10856616532887296
/content/drive/MyDrive/StoneSense-Training/processed_grouped/processed_grouped/test/Stone/Stone- (676).jpg,2,1,0.10534078382624842,0.4960408138709708,0.28134682938973776,0.11727157291304298
/content/drive/MyDrive/StoneSense-Training/processed_grouped/processed_grouped/test/Stone/Stone- (677).jpg,2,1,0.07354337849155587,0.533742673124586,0.3042297950947781,0.08848415328908003
/content/drive/MyDrive/StoneSense-Training/processed_grouped/processed_grouped/test/Stone/Stone- (678).jpg,2,1,0.02883317383049103,0.5358135695663283,0.34495602985327417,0.09039722674990655
/content/drive/MyDrive/StoneSense-Training/processed_grouped/processed_grouped/test/Stone/Stone- (679).jpg,2,1,0.02625717185246643,0.4951103124345705,0.36888439281048263,0.10974812290248058
/content/drive/MyDrive/StoneSense-Training/processed_grouped/processed_grouped/test/Stone/Stone- (680).jpg,2,1,0.06073311924123473,0.5029047689343852,0.2669012007754412,0.16946091104893884
/content/drive/MyDrive/StoneSense-Training/processed_grouped/processed_grouped/test/Stone/Stone- (681).jpg,2,1,0.08639087125162381,0.47549594458855127,0.2253635771203913,0.21274960703943366
/content/drive/MyDrive/StoneSense-Training/processed_grouped/processed_grouped/test/Stone/Stone- (682).jpg,2,1,0.08914958979697848,0.49343431151548944,0.20596928794377126,0.2114468107437608
/content/drive/MyDrive/StoneSense-Training/processed_grouped/processed_grouped/test/Stone/Stone- (683).jpg,2,1,0.08350890254745731,0.5106150458005887,0.2216798687901413,0.18419618286181264
/content/drive/MyDrive/StoneSense-Training/processed_grouped/processed_grouped/test/Stone/Stone- (684).jpg,2,1,0.06712607995247126,0.49607121229670437,0.23301080910555594,0.20379189864526845
/content/drive/MyDrive/StoneSense-Training/processed_grouped/processed_grouped/test/Stone/Stone- (685).jpg,2,1,0.058568893432894426,0.5135876244926982,0.2628630331628842,0.16498044891152316
/content/drive/MyDrive/StoneSense-Training/processed_grouped/processed_grouped/test/Stone/Stone- (686).jpg,2,1,0.03412633801021147,0.5547604888893366,0.31100979017501135,0.10010338292544078
/content/drive/MyDrive/StoneSense-Training/processed_grouped/processed_grouped/test/Stone/Stone- (687).jpg,2,1,0.04905375201245801,0.49181615234615234,0.2666243499981392,0.19250574564325032
/content/drive/MyDrive/StoneSense-Training/processed_grouped/processed_grouped/test/Stone/Stone- (688).jpg,2,1,0.07029950227287439,0.454299097901333,0.21150478614547635,0.2638966136803163
/content/drive/MyDrive/StoneSense-Training/processed_grouped/processed_grouped/test/Stone/Stone- (72).jpg,2,2,0.33249516052205486,0.1492510728970734,0.39696988811039,0.1212838784704817
/content/drive/MyDrive/StoneSense-Training/processed_grouped/processed_grouped/test/Stone/Stone- (726).jpg,2,0,0.7205532415068535,0.08561718190683762,0.16308699700530263,0.0307425795810063
/content/drive/MyDrive/StoneSense-Training/processed_grouped/processed_grouped/test/Stone/Stone- (729).jpg,2,2,0.2698429334645869,0.17115815088570743,0.40970804894226676,0.14929086670743896
/content/drive/MyDrive/StoneSense-Training/processed_grouped/processed_grouped/test/Stone/Stone- (73).jpg,2,2,0.2570935337836138,0.15239673735467388,0.3219497986806487,0.26855993018106367
/content/drive/MyDrive/StoneSense-Training/processed_grouped/processed_grouped/test/Stone/Stone- (730).jpg,2,0,0.37454855570068457,0.12964324955739118,0.33425418608094204,0.16155400866098216
/content/drive/MyDrive/StoneSense-Training/processed_grouped/processed_grouped/test/Stone/Stone- (731).jpg,2,0,0.4612871757241575,0.13261737888781808,0.2762775770686715,0.1298178683193529
/content/drive/MyDrive/StoneSense-Training/processed_grouped/processed_grouped/test/Stone/Stone- (732).jpg,2,0,0.4217916866937809,0.1505542971698756,0.29919315077030184,0.1284608653660416
/content/drive/MyDrive/StoneSense-Training/processed_grouped/processed_grouped/test/Stone/Stone- (733).jpg,2,0,0.5005715289690096,0.16890837403215467,0.20593852121003756,0.12458157578879818
/content/drive/MyDrive/StoneSense-Training/processed_grouped/processed_grouped/test/Stone/Stone- (734).jpg,2,0,0.7822223129751643,0.11563790777463148,0.07007110408313447,0.032068675167069814
/content/drive/MyDrive/StoneSense-Training/processed_grouped/processed_grouped/test/Stone/Stone- (735).jpg,2,2,0.2698429334645869,0.17115815088570743,0.40970804894226676,0.14929086670743896
/content/drive/MyDrive/StoneSense-Training/processed_grouped/processed_grouped/test/Stone/Stone- (736).jpg,2,0,0.37454855570068457,0.12964324955739118,0.33425418608094204,0.16155400866098216
/content/drive/MyDrive/StoneSense-Training/processed_grouped/processed_grouped/test/Stone/Stone- (737).jpg,2,0,0.4612871757241575,0.13261737888781808,0.2762775770686715,0.1298178683193529
/content/drive/MyDrive/StoneSense-Training/processed_grouped/processed_grouped/test/Stone/Stone- (738).jpg,2,0,0.4217916866937809,0.1505542971698756,0.29919315077030184,0.1284608653660416
/content/drive/MyDrive/StoneSense-Training/processed_grouped/processed_grouped/test/Stone/Stone- (739).jpg,2,0,0.5005715289690096,0.16890837403215467,0.20593852121003756,0.12458157578879818
/content/drive/MyDrive/StoneSense-Training/processed_grouped/processed_grouped/test/Stone/Stone- (74).jpg,2,2,0.26447542152549147,0.20303429854698324,0.30869529638942284,0.2237949835381024
/content/drive/MyDrive/StoneSense-Training/processed_grouped/processed_grouped/test/Stone/Stone- (740).jpg,2,0,0.7822223129751643,0.11563790777463148,0.07007110408313447,0.032068675167069814
/content/drive/MyDrive/StoneSense-Training/processed_grouped/processed_grouped/test/Stone/Stone- (75).jpg,2,3,0.18182400294100864,0.2741562253103659,0.14444388156536164,0.3995758901832638
/content/drive/MyDrive/StoneSense-Training/processed_grouped/processed_grouped/test/Stone/Stone- (76).jpg,2,3,0.20890060194545407,0.24400681161521512,0.13299644763299323,0.4140961388063376
/content/drive/MyDrive/StoneSense-Training/processed_grouped/processed_grouped/test/Stone/Stone- (77).jpg,2,3,0.22780674749804983,0.2332691012468054,0.12582048941491986,0.41310366184022496
/content/drive/MyDrive/StoneSense-Training/processed_grouped/processed_grouped/test/Stone/Stone- (78).jpg,2,3,0.1407329794833418,0.2791349549007558,0.16590320493869243,0.41422886067720993
/content/drive/MyDrive/StoneSense-Training/processed_grouped/processed_grouped/test/Stone/Stone- (79).jpg,2,3,0.16488132881956338,0.29406594535924424,0.15461939631694513,0.38643332950424725
/content/drive/MyDrive/StoneSense-Training/processed_grouped/processed_grouped/test/Stone/Stone- (80).jpg,2,3,0.17031827583093417,0.286492938645879,0.09680482038083829,0.44638396514234857
/content/drive/MyDrive/StoneSense-Training/processed_grouped/processed_grouped/test/Stone/Stone- (81).jpg,2,3,0.1494812447758427,0.27631638857242186,0.22833683634230437,0.345865530309431
/content/drive/MyDrive/StoneSense-Training/processed_grouped/processed_grouped/test/Stone/Stone- (818).jpg,2,3,0.09728236907567155,0.31422233123109,0.2707998638898373,0.3176954358034012
/content/drive/MyDrive/StoneSense-Training/processed_grouped/processed_grouped/test/Stone/Stone- (819).jpg,2,1,0.11589531706806387,0.3074449740114617,0.30030027116385716,0.2763594377566173
/content/drive/MyDrive/StoneSense-Training/processed_grouped/processed_grouped/test/Stone/Stone- (82).jpg,2,3,0.18142577025823112,0.24731230668758633,0.265538782771276,0.3057231402829066
/content/drive/MyDrive/StoneSense-Training/processed_grouped/processed_grouped/test/Stone/Stone- (820).jpg,2,2,0.11869439989317378,0.29780303680829706,0.2995271203029641,0.2839754429955651
/content/drive/MyDrive/StoneSense-Training/processed_grouped/processed_grouped/test/Stone/Stone- (821).jpg,2,2,0.13476957976133996,0.26660034091209794,0.3245045004135932,0.27412557891296874
/content/drive/MyDrive/StoneSense-Training/processed_grouped/processed_grouped/test/Stone/Stone- (822).jpg,2,2,0.13545359407321578,0.22960895349854935,0.41543546404196885,0.219501988386266
/content/drive/MyDrive/StoneSense-Training/processed_grouped/processed_grouped/test/Stone/Stone- (823).jpg,2,2,0.1474425881202066,0.21481859219239202,0.4421530546396792,0.19558576504772215
/content/drive/MyDrive/StoneSense-Training/processed_grouped/processed_grouped/test/Stone/Stone- (824).jpg,2,3,0.14111458566690116,0.32982329263107296,0.11698873354260186,0.412073388159424
/content/drive/MyDrive/StoneSense-Training/processed_grouped/processed_grouped/test/Stone/Stone- (825).jpg,2,3,0.21797517027437183,0.28364386462599694,0.15518765628143996,0.3431933088181912
/content/drive/MyDrive/StoneSense-Training/processed_grouped/processed_grouped/test/Stone/Stone- (83).jpg,2,3,0.21732194253117984,0.21664166725641004,0.2810485755603403,0.2849878146520699
/content/drive/MyDrive/StoneSense-Training/processed_grouped/processed_grouped/test/Stone/Stone- (84).jpg,2,2,0.19021052693873322,0.21968774179052641,0.3512433518543966,0.23885837941634375
/content/drive/MyDrive/StoneSense-Training/processed_grouped/processed_grouped/test/Stone/Stone- (85).jpg,2,2,0.17588652612405517,0.26938615123439463,0.2923035519538433,0.2624237706877069
/content/drive/MyDrive/StoneSense-Training/processed_grouped/processed_grouped/test/Stone/Stone- (86).jpg,2,2,0.13644681423327626,0.263675931701956,0.3586958070586726,0.2411814470060951
/content/drive/MyDrive/StoneSense-Training/processed_grouped/processed_grouped/test/Stone/Stone- (87).jpg,2,2,0.10411161122743333,0.2680557357583236,0.40894341807570617,0.21888923493853701
/content/drive/MyDrive/StoneSense-Training/processed_grouped/processed_grouped/test/Stone/Stone- (879).jpg,2,2,0.18615476476221185,0.3332374852770761,0.3386022492683511,0.142005500692361
/content/drive/MyDrive/StoneSense-Training/processed_grouped/processed_grouped/test/Stone/Stone- (88).jpg,2,2,0.16084118717820464,0.24671034398793287,0.40130475754566947,0.191143711288193
/content/drive/MyDrive/StoneSense-Training/processed_grouped/processed_grouped/test/Stone/Stone- (89).jpg,2,2,0.0909486714584384,0.19783415739796517,0.5412119730448535,0.17000519809874304
/content/drive/MyDrive/StoneSense-Training/processed_grouped/processed_grouped/test/Stone/Stone- (896).jpg,2,2,0.09904377802177047,0.3049492135142433,0.4771682958605344,0.11883871260345187
/content/drive/MyDrive/StoneSense-Training/processed_grouped/processed_grouped/test/Stone/Stone- (897).jpg,2,2,0.2881331673401586,0.312180354315553,0.33296480836779807,0.06672166997649043
/content/drive/MyDrive/StoneSense-Training/processed_grouped/processed_grouped/test/Stone/Stone- (898).jpg,2,2,0.2793085204417891,0.2855049785467434,0.36987655295144484,0.06530994806002272
/content/drive/MyDrive/StoneSense-Training/processed_grouped/processed_grouped/test/Stone/Stone- (899).jpg,2,2,0.2061498241848836,0.3060680143522474,0.4202519469917708,0.06753021447109807
/content/drive/MyDrive/StoneSense-Training/processed_grouped/processed_grouped/test/Stone/Stone- (90).jpg,2,2,0.0830184081676826,0.19892961178381727,0.583418407009155,0.13463357303934514
/content/drive/MyDrive/StoneSense-Training/processed_grouped/processed_grouped/test/Stone/Stone- (900).jpg,2,2,0.15374007894483868,0.3031650717092141,0.48416703653410476,0.05892781281184249
/content/drive/MyDrive/StoneSense-Training/processed_grouped/processed_grouped/test/Stone/Stone- (91).jpg,2,2,0.11520489201269882,0.2128005948514048,0.5526979442779593,0.11929656885793714
/content/drive/MyDrive/StoneSense-Training/processed_grouped/processed_grouped/test/Stone/Stone- (92).jpg,2,2,0.10029361496995699,0.25014799217019673,0.48494702832336184,0.1646113645364845
/content/drive/MyDrive/StoneSense-Training/processed_grouped/processed_grouped/test/Stone/Stone- (93).jpg,2,2,0.10749919459200316,0.23833291390727562,0.446315836833022,0.2078520546676991
/content/drive/MyDrive/StoneSense-Training/processed_grouped/processed_grouped/test/Stone/Stone- (94).jpg,2,2,0.13674773513038557,0.2388839982525266,0.41734762855031204,0.20702063806677584
/content/drive/MyDrive/StoneSense-Training/processed_grouped/processed_grouped/test/Stone/Stone- (95).jpg,2,2,0.198688382940204,0.16652971510825865,0.47701623103527285,0.15776567091626462
/content/drive/MyDrive/StoneSense-Training/processed_grouped/processed_grouped/test/Stone/Stone- (96).jpg,2,2,0.20845657573239296,0.17891710062563068,0.47865454814751385,0.13397177549446246
/content/drive/MyDrive/StoneSense-Training/processed_grouped/processed_grouped/test/Tumor/Tumor- (1070).jpg,3,0,0.5022316394556879,0.11433276533583057,0.26673874045354534,0.11669685475493628
/content/drive/MyDrive/StoneSense-Training/processed_grouped/processed_grouped/test/Tumor/Tumor- (1073).jpg,3,0,0.4705772321624704,0.09698451655800468,0.3862831165891165,0.046155134690408495
/content/drive/MyDrive/StoneSense-Training/processed_grouped/processed_grouped/test/Tumor/Tumor- (1162).jpg,3,0,0.42675623496096354,0.17742234853909525,0.15458542054996682,0.24123599594997447
/content/drive/MyDrive/StoneSense-Training/processed_grouped/processed_grouped/test/Tumor/Tumor- (1163).jpg,3,0,0.405542623768445,0.195164874979615,0.17494534204529388,0.22434715920664614
/content/drive/MyDrive/StoneSense-Training/processed_grouped/processed_grouped/test/Tumor/Tumor- (1164).jpg,3,0,0.5111560856403345,0.16019022127286753,0.15011561838225285,0.17853807470454505
/content/drive/MyDrive/StoneSense-Training/processed_grouped/processed_grouped/test/Tumor/Tumor- (1216).jpg,3,2,0.14521516955421734,0.20933318479894045,0.4633575330487357,0.18209411259810637
/content/drive/MyDrive/StoneSense-Training/processed_grouped/processed_grouped/test/Tumor/Tumor- (1217).jpg,3,2,0.11154996431028807,0.23943190843872783,0.41611242927430075,0.23290569797668342
/content/drive/MyDrive/StoneSense-Training/processed_grouped/processed_grouped/test/Tumor/Tumor- (1218).jpg,3,2,0.11566515095664574,0.2188792932918588,0.4656165242694019,0.1998390314820936
/content/drive/MyDrive/StoneSense-Training/processed_grouped/processed_grouped/test/Tumor/Tumor- (1219).jpg,3,2,0.13076014057910476,0.2336186734210871,0.47608655681701045,0.1595346291827977
/content/drive/MyDrive/StoneSense-Training/processed_grouped/processed_grouped/test/Tumor/Tumor- (1220).jpg,3,2,0.10577296603482897,0.26652414740411834,0.4651907467426799,0.16251213981837284
/content/drive/MyDrive/StoneSense-Training/processed_grouped/processed_grouped/test/Tumor/Tumor- (1254).jpg,3,0,0.6977361374704751,0.13818121462721708,0.012923641237754637,0.15115900666455317
/content/drive/MyDrive/StoneSense-Training/processed_grouped/processed_grouped/test/Tumor/Tumor- (1255).jpg,3,0,0.6686619617979592,0.13096209113892962,0.03711769818214149,0.16325824888096957
/content/drive/MyDrive/StoneSense-Training/processed_grouped/processed_grouped/test/Tumor/Tumor- (1256).jpg,3,0,0.7426616477617306,0.06398623444640605,0.07580010375571111,0.1175520140361523
/content/drive/MyDrive/StoneSense-Training/processed_grouped/processed_grouped/test/Tumor/Tumor- (1257).jpg,3,0,0.7729399445917934,0.08307140723019855,0.04836221830057303,0.09562642987743515
/content/drive/MyDrive/StoneSense-Training/processed_grouped/processed_grouped/test/Tumor/Tumor- (1258).jpg,3,0,0.6833011256897982,0.1033232687917549,0.09599409912326337,0.11738150639518352
/content/drive/MyDrive/StoneSense-Training/processed_grouped/processed_grouped/test/Tumor/Tumor- (1259).jpg,3,0,0.6443028592470676,0.1041360072896534,0.11610784181860073,0.13545329164467815
/content/drive/MyDrive/StoneSense-Training/processed_grouped/processed_grouped/test/Tumor/Tumor- (1260).jpg,3,0,0.5961316422858771,0.10545897615225905,0.12943485154285322,0.1689745300190107
/content/drive/MyDrive/StoneSense-Training/processed_grouped/processed_grouped/test/Tumor/Tumor- (1261).jpg,3,0,0.5106760542702409,0.10967586315522475,0.192644204060503,0.18700387851403139
/content/drive/MyDrive/StoneSense-Training/processed_grouped/processed_grouped/test/Tumor/Tumor- (1262).jpg,3,0,0.5142297025732067,0.12397090441091757,0.17018233647681089,0.19161705653906486
/content/drive/MyDrive/StoneSense-Training/processed_grouped/processed_grouped/test/Tumor/Tumor- (1263).jpg,3,0,0.4966412962796656,0.1495822597253466,0.16127560994613,0.1925008340488578
/content/drive/MyDrive/StoneSense-Training/processed_grouped/processed_grouped/test/Tumor/Tumor- (1264).jpg,3,0,0.4342859620554251,0.12530545507385574,0.21435602427230868,0.2260525585984106
/content/drive/MyDrive/StoneSense-Training/processed_grouped/processed_grouped/test/Tumor/Tumor- (1275).jpg,3,0,0.40424443685828365,0.21061037418680714,0.09293913975773761,0.29220604919717175
/content/drive/MyDrive/StoneSense-Training/processed_grouped/processed_grouped/test/Tumor/Tumor- (1276).jpg,3,3,0.2758209374913853,0.266357767222698,0.11003011826965621,0.3477911770162605
/content/drive/MyDrive/StoneSense-Training/processed_grouped/processed_grouped/test/Tumor/Tumor- (1277).jpg,3,3,0.21256071904209822,0.2794239042817919,0.12567740774604672,0.3823379689300632
/content/drive/MyDrive/StoneSense-Training/processed_grouped/processed_grouped/test/Tumor/Tumor- (1278).jpg,3,3,0.19571742096539793,0.2686837399176698,0.1317319763849689,0.40386686273196337
/content/drive/MyDrive/StoneSense-Training/processed_grouped/processed_grouped/test/Tumor/Tumor- (1279).jpg,3,3,0.19413520042198484,0.22258774568322418,0.16669045030784654,0.4165866035869444
/content/drive/MyDrive/StoneSense-Training/processed_grouped/processed_grouped/test/Tumor/Tumor- (1280).jpg,3,3,0.20295344762144357,0.26259811042518244,0.14481823811368696,0.389630203839687
/content/drive/MyDrive/StoneSense-Training/processed_grouped/processed_grouped/test/Tumor/Tumor- (1281).jpg,3,3,0.19093028038123683,0.090501794078839,0.20091832705165208,0.5176495984882721
/content/drive/MyDrive/StoneSense-Training/processed_grouped/processed_grouped/test/Tumor/Tumor- (1282).jpg,3,3,0.20480921787758452,0.11963454648737869,0.13467267650854456,0.5408835591264922
/content/drive/MyDrive/StoneSense-Training/processed_grouped/processed_grouped/test/Tumor/Tumor- (1283).jpg,3,3,0.2343732004881196,0.22010318180284746,0.12738650201516907,0.41813711569386386
/content/drive/MyDrive/StoneSense-Training/processed_grouped/processed_grouped/test/Tumor/Tumor- (1284).jpg,3,3,0.22613234897953075,0.2000291373808484,0.13190285538101032,0.44193565825861053
/content/drive/MyDrive/StoneSense-Training/processed_grouped/processed_grouped/test/Tumor/Tumor- (1285).jpg,3,3,0.21525210128118463,0.22350402023922233,0.14145640787043215,0.4197874706091609
/content/drive/MyDrive/StoneSense-Training/processed_grouped/processed_grouped/test/Tumor/Tumor- (1286).jpg,3,3,0.21750416162220496,0.15227894545473702,0.13770027405940527,0.4925166188636528
/content/drive/MyDrive/StoneSense-Training/processed_grouped/processed_grouped/test/Tumor/Tumor- (1287).jpg,3,3,0.22998541183863558,0.15104128887857202,0.12115820275446287,0.49781509652832956
/content/drive/MyDrive/StoneSense-Training/processed_grouped/processed_grouped/test/Tumor/Tumor- (1288).jpg,3,3,0.2572732969388661,0.12357147050178253,0.13206858248899753,0.48708665007035384
/content/drive/MyDrive/StoneSense-Training/processed_grouped/processed_grouped/test/Tumor/Tumor- (1363).jpg,3,2,0.22204426054393323,0.22389211332848846,0.4318583380179252,0.12220528810965309
/content/drive/MyDrive/StoneSense-Training/processed_grouped/processed_grouped/test/Tumor/Tumor- (1364).jpg,3,2,0.18568689160071866,0.24991821114523455,0.40459181776359865,0.15980307949044797
/content/drive/MyDrive/StoneSense-Training/processed_grouped/processed_grouped/test/Tumor/Tumor- (1365).jpg,3,2,0.17038578395810464,0.2584251147585716,0.4281299514053878,0.143059149877936
/content/drive/MyDrive/StoneSense-Training/processed_grouped/processed_grouped/test/Tumor/Tumor- (1366).jpg,3,2,0.17247523436085938,0.2558437836298742,0.430477944281693,0.14120303772757342
/content/drive/MyDrive/StoneSense-Training/processed_grouped/processed_grouped/test/Tumor/Tumor- (1471).jpg,3,2,0.04738099030511332,0.2107190808246337,0.41649921363287984,0.3254007152373732
/content/drive/MyDrive/StoneSense-Training/processed_grouped/processed_grouped/test/Tumor/Tumor- (1472).jpg,3,2,0.06384017327860977,0.2695708457058349,0.37160886448849306,0.29498011652706224
/content/drive/MyDrive/StoneSense-Training/processed_grouped/processed_grouped/test/Tumor/Tumor- (1473).jpg,3,1,0.09177071298505304,0.3278165809489541,0.32499320319830094,0.2554195028676921
/content/drive/MyDrive/StoneSense-Training/processed_grouped/processed_grouped/test/Tumor/Tumor- (1474).jpg,3,2,0.08490016234145836,0.30488384126570234,0.35535142340868836,0.2548645729841509
/content/drive/MyDrive/StoneSense-Training/processed_grouped/processed_grouped/test/Tumor/Tumor- (1475).jpg,3,2,0.12962194174694003,0.30004562682244146,0.35951769858658733,0.21081473284403124
/content/drive/MyDrive/StoneSense-Training/processed_grouped/processed_grouped/test/Tumor/Tumor- (1476).jpg,3,2,0.11044013728226902,0.26733887141315854,0.3983071882541247,0.22391380305044767
/content/drive/MyDrive/StoneSense-Training/processed_grouped/processed_grouped/test/Tumor/Tumor- (1477).jpg,3,2,0.08282879176275613,0.255476081760562,0.4241966816769591,0.2374984447997227
/content/drive/MyDrive/StoneSense-Training/processed_grouped/processed_grouped/test/Tumor/Tumor- (1478).jpg,3,2,0.0762034300120762,0.2737482549300638,0.4250139532258526,0.22503436183200723
/content/drive/MyDrive/StoneSense-Training/processed_grouped/processed_grouped/test/Tumor/Tumor- (1479).jpg,3,2,0.06368599061773676,0.24581469418783264,0.43992800244214736,0.2505713127522833
/content/drive/MyDrive/StoneSense-Training/processed_grouped/processed_grouped/test/Tumor/Tumor- (1480).jpg,3,2,0.07372527855375344,0.2550495779376515,0.43757205283983774,0.2336530906687573
/content/drive/MyDrive/StoneSense-Training/processed_grouped/processed_grouped/test/Tumor/Tumor- (1481).jpg,3,2,0.10479321777251877,0.25977669582875873,0.44275450377295955,0.19267558262576287
/content/drive/MyDrive/StoneSense-Training/processed_grouped/processed_grouped/test/Tumor/Tumor- (1482).jpg,3,2,0.13152863964997802,0.2692710088876475,0.4439595806008128,0.15524077086156163
/content/drive/MyDrive/StoneSense-Training/processed_grouped/processed_grouped/test/Tumor/Tumor- (1483).jpg,3,2,0.15244068433659963,0.2813177947012059,0.43220198278240524,0.13403953817978928
/content/drive/MyDrive/StoneSense-Training/processed_grouped/processed_grouped/test/Tumor/Tumor- (1484).jpg,3,2,0.24142119731675823,0.2623647289609241,0.39319383496783394,0.10302023875448368
/content/drive/MyDrive/StoneSense-Training/processed_grouped/processed_grouped/test/Tumor/Tumor- (1485).jpg,3,0,0.3849884818276701,0.19434696280064162,0.3465807988031655,0.07408375656852267
/content/drive/MyDrive/StoneSense-Training/processed_grouped/processed_grouped/test/Tumor/Tumor- (1486).jpg,3,0,0.37734377574716177,0.16401616358422924,0.33875432142892203,0.11988573923968689
/content/drive/MyDrive/StoneSense-Training/processed_grouped/processed_grouped/test/Tumor/Tumor- (1487).jpg,3,0,0.3254760754799646,0.17579048105354408,0.3154949044578623,0.18323853900862905
/content/drive/MyDrive/StoneSense-Training/processed_grouped/processed_grouped/test/Tumor/Tumor- (1488).jpg,3,0,0.32920906656042315,0.1535661573286736,0.3057651563830338,0.2114596197278694
/content/drive/MyDrive/StoneSense-Training/processed_grouped/processed_grouped/test/Tumor/Tumor- (1489).jpg,3,0,0.3568206863311249,0.11569325150577113,0.2996041355229878,0.22788192664011608
/content/drive/MyDrive/StoneSense-Training/processed_grouped/processed_grouped/test/Tumor/Tumor- (1490).jpg,3,0,0.36055787959578167,0.11861614301760619,0.2800810749043413,0.2407449024822708
/content/drive/MyDrive/StoneSense-Training/processed_grouped/processed_grouped/test/Tumor/Tumor- (1491).jpg,3,0,0.34509914115047335,0.12290854260038162,0.2524349421094435,0.2795573741397016
/content/drive/MyDrive/StoneSense-Training/processed_grouped/processed_grouped/test/Tumor/Tumor- (1492).jpg,3,0,0.3210918237926858,0.1456528358014739,0.21639157728157013,0.3168637631242702
/content/drive/MyDrive/StoneSense-Training/processed_grouped/processed_grouped/test/Tumor/Tumor- (1493).jpg,3,0,0.32560089334430203,0.164598316851185,0.20690831795649373,0.3028924718480193
/content/drive/MyDrive/StoneSense-Training/processed_grouped/processed_grouped/test/Tumor/Tumor- (1494).jpg,3,0,0.33177708631624764,0.17706103361689124,0.21739455107031247,0.2737673289965487
/content/drive/MyDrive/StoneSense-Training/processed_grouped/processed_grouped/test/Tumor/Tumor- (1495).jpg,3,0,0.33074845210844,0.14519598194408165,0.2557586940319494,0.2682968719155289
/content/drive/MyDrive/StoneSense-Training/processed_grouped/processed_grouped/test/Tumor/Tumor- (1496).jpg,3,0,0.3288727134388783,0.13071301182310585,0.31061921319015323,0.22979506154786256
/content/drive/MyDrive/StoneSense-Training/processed_grouped/processed_grouped/test/Tumor/Tumor- (1497).jpg,3,0,0.333546657097454,0.16110199845830445,0.3092041658590203,0.19614717858522127
/content/drive/MyDrive/StoneSense-Training/processed_grouped/processed_grouped/test/Tumor/Tumor- (1498).jpg,3,0,0.29862675555931295,0.24472664179459486,0.2979686256246622,0.15867797702143002
/content/drive/MyDrive/StoneSense-Training/processed_grouped/processed_grouped/test/Tumor/Tumor- (1499).jpg,3,2,0.25195814126028176,0.29326569682244735,0.2956889769311262,0.15908718498614466
/content/drive/MyDrive/StoneSense-Training/processed_grouped/processed_grouped/test/Tumor/Tumor- (1500).jpg,3,2,0.2675736424518387,0.23694248500072754,0.3222068779577698,0.17327699458966395
/content/drive/MyDrive/StoneSense-Training/processed_grouped/processed_grouped/test/Tumor/Tumor- (1501).jpg,3,2,0.2665471035684483,0.22455571169277602,0.3274456308345896,0.18145155390418605
/content/drive/MyDrive/StoneSense-Training/processed_grouped/processed_grouped/test/Tumor/Tumor- (1502).jpg,3,2,0.2694711956945449,0.2490944575030263,0.31713309705758286,0.16430124974484597
/content/drive/MyDrive/StoneSense-Training/processed_grouped/processed_grouped/test/Tumor/Tumor- (1503).jpg,3,2,0.28740802697832685,0.22980529225872906,0.3120640354447314,0.17072264531821268
/content/drive/MyDrive/StoneSense-Training/processed_grouped/processed_grouped/test/Tumor/Tumor- (1504).jpg,3,2,0.2960579157650591,0.2012940601084121,0.3024931566364145,0.20015486749011424
/content/drive/MyDrive/StoneSense-Training/processed_grouped/processed_grouped/test/Tumor/Tumor- (1505).jpg,3,2,0.29925498842791687,0.14952500551295148,0.34086661145941033,0.2103533945997214
/content/drive/MyDrive/StoneSense-Training/processed_grouped/processed_grouped/test/Tumor/Tumor- (1506).jpg,3,2,0.29005648410719326,0.14136813762581468,0.38790349582219397,0.18067188244479815
/content/drive/MyDrive/StoneSense-Training/processed_grouped/processed_grouped/test/Tumor/Tumor- (1507).jpg,3,2,0.2780550610059663,0.15202907444458139,0.39797461466154194,0.17194124988791049
/content/drive/MyDrive/StoneSense-Training/processed_grouped/processed_grouped/test/Tumor/Tumor- (1508).jpg,3,2,0.2746574888415709,0.15101163536403903,0.3841122341727014,0.1902186416216886
/content/drive/MyDrive/StoneSense-Training/processed_grouped/processed_grouped/test/Tumor/Tumor- (1509).jpg,3,2,0.2912944313192544,0.15681831551717232,0.38577281454253426,0.16611443862103908
/content/drive/MyDrive/StoneSense-Training/processed_grouped/processed_grouped/test/Tumor/Tumor- (1510).jpg,3,2,0.3002457852015467,0.16911849306022717,0.3775032163663819,0.15313250537184425
/content/drive/MyDrive/StoneSense-Training/processed_grouped/processed_grouped/test/Tumor/Tumor- (1511).jpg,3,2,0.29165761778374716,0.16418750074439567,0.3758055388335645,0.16834934263829263
/content/drive/MyDrive/StoneSense-Training/processed_grouped/processed_grouped/test/Tumor/Tumor- (1512).jpg,3,2,0.29015697232218396,0.13839817613386043,0.3913012829754833,0.1801435685684724
/content/drive/MyDrive/StoneSense-Training/processed_grouped/processed_grouped/test/Tumor/Tumor- (1513).jpg,3,2,0.27038225371745844,0.11270907766059976,0.37896117513619026,0.23794749348575148
/content/drive/MyDrive/StoneSense-Training/processed_grouped/processed_grouped/test/Tumor/Tumor- (1514).jpg,3,2,0.2370779817296493,0.11505184765006711,0.33517412942016866,0.312696041200115
/content/drive/MyDrive/StoneSense-Training/processed_grouped/processed_grouped/test/Tumor/Tumor- (1515).jpg,3,3,0.22465928822610998,0.14683695616099393,0.2914533072958828,0.3370504483170132
/content/drive/MyDrive/StoneSense-Training/processed_grouped/processed_grouped/test/Tumor/Tumor- (1516).jpg,3,3,0.21254700849012798,0.15964109157584214,0.22299167622320365,0.40482022371082627
/content/drive/MyDrive/StoneSense-Training/processed_grouped/processed_grouped/test/Tumor/Tumor- (1517).jpg,3,3,0.23621071259762577,0.14951690029934486,0.1622462634766965,0.4520261236263329
/content/drive/MyDrive/StoneSense-Training/processed_grouped/processed_grouped/test/Tumor/Tumor- (1518).jpg,3,3,0.2145983249597867,0.19425652281617603,0.1310697171486016,0.46007543507543575
/content/drive/MyDrive/StoneSense-Training/processed_grouped/processed_grouped/test/Tumor/Tumor- (1519).jpg,3,3,0.14582753149147493,0.26566301909159745,0.12092009353700742,0.46758935587992034
/content/drive/MyDrive/StoneSense-Training/processed_grouped/processed_grouped/test/Tumor/Tumor- (1520).jpg,3,3,0.10034094072338649,0.33962289831971365,0.10733563006316077,0.45270053089373913
/content/drive/MyDrive/StoneSense-Training/processed_grouped/processed_grouped/test/Tumor/Tumor- (1521).jpg,3,3,0.10052692514702358,0.3455149728658592,0.1255651878217391,0.42839291416537806
/content/drive/MyDrive/StoneSense-Training/processed_grouped/processed_grouped/test/Tumor/Tumor- (1596).jpg,3,3,0.2308848687775883,0.24622672551660982,0.2574845141199222,0.2654038915858797
/content/drive/MyDrive/StoneSense-Training/processed_grouped/processed_grouped/test/Tumor/Tumor- (1661).jpg,3,3,0.0601385123311302,0.2213718088130412,0.3503830734984698,0.3681066053573588
/content/drive/MyDrive/StoneSense-Training/processed_grouped/processed_grouped/test/Tumor/Tumor- (1662).jpg,3,1,0.05625857434826305,0.36951908691993296,0.23887662607570054,0.33534571265610347
/content/drive/MyDrive/StoneSense-Training/processed_grouped/processed_grouped/test/Tumor/Tumor- (1663).jpg,3,3,0.08471073057696145,0.33210136808228896,0.2447857874243361,0.3384021139164136
/content/drive/MyDrive/StoneSense-Training/processed_grouped/processed_grouped/test/Tumor/Tumor- (1664).jpg,3,3,0.09035809197472651,0.33099532709302554,0.23307795260148023,0.34556862833076785
/content/drive/MyDrive/StoneSense-Training/processed_grouped/processed_grouped/test/Tumor/Tumor- (1665).jpg,3,3,0.06849809244647781,0.24366929764848777,0.3375194909858139,0.35031311891922046
/content/drive/MyDrive/StoneSense-Training/processed_grouped/processed_grouped/test/Tumor/Tumor- (1666).jpg,3,2,0.0825873494436822,0.27744388561100386,0.3363377909944883,0.30363097395082567
/content/drive/MyDrive/StoneSense-Training/processed_grouped/processed_grouped/test/Tumor/Tumor- (1667).jpg,3,2,0.060160088039766045,0.24050739423733417,0.352897286869901,0.3464352308529987
/content/drive/MyDrive/StoneSense-Training/processed_grouped/processed_grouped/test/Tumor/Tumor- (1668).jpg,3,1,0.13697961598209263,0.3015084826770198,0.27604570530587946,0.28546619603500817
/content/drive/MyDrive/StoneSense-Training/processed_grouped/processed_grouped/test/Tumor/Tumor- (1669).jpg,3,3,0.15076066812189212,0.2832732061653394,0.26949681058313796,0.29646931512963054
/content/drive/MyDrive/StoneSense-Training/processed_grouped/processed_grouped/test/Tumor/Tumor- (1670).jpg,3,3,0.09440508321152369,0.2722741727012026,0.27652126178876646,0.35679948229850733
/content/drive/MyDrive/StoneSense-Training/processed_grouped/processed_grouped/test/Tumor/Tumor- (1671).jpg,3,3,0.07644833400319469,0.26674695697354667,0.28747266614533334,0.3693320428779253
/content/drive/MyDrive/StoneSense-Training/processed_grouped/processed_grouped/test/Tumor/Tumor- (1672).jpg,3,3,0.10221476946798363,0.3077154919688543,0.2509184879695144,0.33915125059364776
/content/drive/MyDrive/StoneSense-Training/processed_grouped/processed_grouped/test/Tumor/Tumor- (1673).jpg,3,3,0.16456045626292717,0.31766412109845066,0.19261246214101213,0.32516296049760995
/content/drive/MyDrive/StoneSense-Training/processed_grouped/processed_grouped/test/Tumor/Tumor- (1674).jpg,3,3,0.1342856026726214,0.30874521973883157,0.213128124636862,0.34384105295168504
/content/drive/MyDrive/StoneSense-Training/processed_grouped/processed_grouped/test/Tumor/Tumor- (1675).jpg,3,3,0.06198917701627355,0.24961298133826348,0.28107969271156963,0.4073181489338934
/content/drive/MyDrive/StoneSense-Training/processed_grouped/processed_grouped/test/Tumor/Tumor- (1676).jpg,3,3,0.06471116001939765,0.2097054477849645,0.325919407895478,0.3996639843001598
/content/drive/MyDrive/StoneSense-Training/processed_grouped/processed_grouped/test/Tumor/Tumor- (1677).jpg,3,3,0.07066492273290163,0.1955171147698045,0.33887893134332736,0.3949390311539664
/content/drive/MyDrive/StoneSense-Training/processed_grouped/processed_grouped/test/Tumor/Tumor- (1678).jpg,3,3,0.10044107402364945,0.13167094729525058,0.3795656919325287,0.3883222867485714
/content/drive/MyDrive/StoneSense-Training/processed_grouped/processed_grouped/test/Tumor/Tumor- (1679).jpg,3,3,0.09556614444973636,0.1311369598574934,0.37709654680607885,0.3962003488866914
/content/drive/MyDrive/StoneSense-Training/processed_grouped/processed_grouped/test/Tumor/Tumor- (1680).jpg,3,3,0.07445349214781216,0.2129495690320213,0.3046061005983002,0.40799083822186627
/content/drive/MyDrive/StoneSense-Training/processed_grouped/processed_grouped/test/Tumor/Tumor- (1684).jpg,3,3,0.06324168792078552,0.21196341552725592,0.3283487703473593,0.39644612620459924
/content/drive/MyDrive/StoneSense-Training/processed_grouped/processed_grouped/test/Tumor/Tumor- (1685).jpg,3,2,0.06076673118148862,0.27854550816363244,0.331175252318992,0.32951250833588697
/content/drive/MyDrive/StoneSense-Training/processed_grouped/processed_grouped/test/Tumor/Tumor- (1686).jpg,3,2,0.10019835883822456,0.30685133647933094,0.32646411454446034,0.2664861901379842
/content/drive/MyDrive/StoneSense-Training/processed_grouped/processed_grouped/test/Tumor/Tumor- (1687).jpg,3,1,0.15438819728015385,0.31525508985430306,0.2839200607950035,0.24643665207053955
/content/drive/MyDrive/StoneSense-Training/processed_grouped/processed_grouped/test/Tumor/Tumor- (1688).jpg,3,2,0.216140927988028,0.27920261577515026,0.326768972907853,0.17788748332896878
/content/drive/MyDrive/StoneSense-Training/processed_grouped/processed_grouped/test/Tumor/Tumor- (1689).jpg,3,3,0.11537406116215944,0.273596778461926,0.296711374028319,0.3143177863475955
/content/drive/MyDrive/StoneSense-Training/processed_grouped/processed_grouped/test/Tumor/Tumor- (1690).jpg,3,3,0.0716486719421211,0.1824925349205005,0.32575324283678203,0.4201055503005964
/content/drive/MyDrive/StoneSense-Training/processed_grouped/processed_grouped/test/Tumor/Tumor- (1691).jpg,3,3,0.07698452503285665,0.17370751118984393,0.34479514044542603,0.4045128233318734
/content/drive/MyDrive/StoneSense-Training/processed_grouped/processed_grouped/test/Tumor/Tumor- (1692).jpg,3,3,0.11278559878430519,0.13169428516191362,0.3499645438916518,0.4055555721621294
/content/drive/MyDrive/StoneSense-Training/processed_grouped/processed_grouped/test/Tumor/Tumor- (1693).jpg,3,3,0.13144076819687786,0.13631694244013493,0.31051421883127345,0.42172807053171363
/content/drive/MyDrive/StoneSense-Training/processed_grouped/processed_grouped/test/Tumor/Tumor- (1853).jpg,3,3,0.06239389233574489,0.2264595927827744,0.28338127660241974,0.427765238279061
/content/drive/MyDrive/StoneSense-Training/processed_grouped/processed_grouped/test/Tumor/Tumor- (1854).jpg,3,3,0.04655139636319549,0.3075769065477956,0.30543227529267025,0.3404394217963386
/content/drive/MyDrive/StoneSense-Training/processed_grouped/processed_grouped/test/Tumor/Tumor- (1855).jpg,3,3,0.071960901275976,0.2697766789591812,0.281849280319516,0.3764131394453268
/content/drive/MyDrive/StoneSense-Training/processed_grouped/processed_grouped/test/Tumor/Tumor- (1856).jpg,3,1,0.043283673608549775,0.35970439336860793,0.27279854009967497,0.3242133929231674
/content/drive/MyDrive/StoneSense-Training/processed_grouped/processed_grouped/test/Tumor/Tumor- (1967).jpg,3,3,0.3288147374337577,0.18554598457942337,0.103246034354567,0.38239324363225197
/content/drive/MyDrive/StoneSense-Training/processed_grouped/processed_grouped/test/Tumor/Tumor- (1968).jpg,3,3,0.3245537525943677,0.21705772309058396,0.12056715942918823,0.33782136488585995
/content/drive/MyDrive/StoneSense-Training/processed_grouped/processed_grouped/test/Tumor/Tumor- (1969).jpg,3,0,0.34780723028413785,0.22300372024847553,0.13669481017386428,0.29249423929352225
/content/drive/MyDrive/StoneSense-Training/processed_grouped/processed_grouped/test/Tumor/Tumor- (1970).jpg,3,3,0.23479387711122543,0.18582309697684002,0.2212752025928195,0.35810782331911506
/content/drive/MyDrive/StoneSense-Training/processed_grouped/processed_grouped/test/Tumor/Tumor- (1971).jpg,3,0,0.35959646940619716,0.24956390341856644,0.15395283700150247,0.23688679017373393
/content/drive/MyDrive/StoneSense-Training/processed_grouped/processed_grouped/test/Tumor/Tumor- (1972).jpg,3,1,0.2951617664225378,0.3130556173263407,0.16637909210644175,0.2254035241446799
/content/drive/MyDrive/StoneSense-Training/processed_grouped/processed_grouped/test/Tumor/Tumor- (1973).jpg,3,1,0.25032305785643055,0.3002208186040016,0.17378369589223622,0.2756724276473317
/content/drive/MyDrive/StoneSense-Training/processed_grouped/processed_grouped/test/Tumor/Tumor- (1974).jpg,3,1,0.2589697089789596,0.3041646202914142,0.16157379950801895,0.27529187122160714
/content/drive/MyDrive/StoneSense-Training/processed_grouped/processed_grouped/test/Tumor/Tumor- (1975).jpg,3,0,0.31218858165306174,0.2839172739707427,0.14738108076162404,0.2565130636145715
/content/drive/MyDrive/StoneSense-Training/processed_grouped/processed_grouped/test/Tumor/Tumor- (1976).jpg,3,0,0.36928516180522936,0.24461808111458608,0.1503011165623119,0.23579564051787272
/content/drive/MyDrive/StoneSense-Training/processed_grouped/processed_grouped/test/Tumor/Tumor- (1977).jpg,3,0,0.4087835626168461,0.24731792856923793,0.13349384160097919,0.21040466721293674
/content/drive/MyDrive/StoneSense-Training/processed_grouped/processed_grouped/test/Tumor/Tumor- (1978).jpg,3,0,0.3559245158572671,0.27633475809610697,0.147797186821666,0.21994353922496002
/content/drive/MyDrive/StoneSense-Training/processed_grouped/processed_grouped/test/Tumor/Tumor- (1979).jpg,3,3,0.2092256194753268,0.26158618420920476,0.23401535747079552,0.2951728388446729
/content/drive/MyDrive/StoneSense-Training/processed_grouped/processed_grouped/test/Tumor/Tumor- (1980).jpg,3,3,0.2534203562936602,0.25675231591400566,0.1932661727593143,0.2965611550330198
/content/drive/MyDrive/StoneSense-Training/processed_grouped/processed_grouped/test/Tumor/Tumor- (1981).jpg,3,3,0.2786809527604265,0.2711639166734439,0.14668998980616052,0.30346514075996905
/content/drive/MyDrive/StoneSense-Training/processed_grouped/processed_grouped/test/Tumor/Tumor- (1982).jpg,3,3,0.2662748323390318,0.26572058160480644,0.16013004798409938,0.3078745380720624
/content/drive/MyDrive/StoneSense-Training/processed_grouped/processed_grouped/test/Tumor/Tumor- (202).jpg,3,3,0.16126731251106202,0.19403176378156725,0.16584252860574097,0.47885839510162975
/content/drive/MyDrive/StoneSense-Training/processed_grouped/processed_grouped/test/Tumor/Tumor- (203).jpg,3,2,0.27617358734497255,0.12746260338814988,0.37849790950511575,0.2178658997617619
/content/drive/MyDrive/StoneSense-Training/processed_grouped/processed_grouped/test/Tumor/Tumor- (306).jpg,3,0,0.5486811704897757,0.111291296705862,0.23901250112182157,0.1010150316825407
/content/drive/MyDrive/StoneSense-Training/processed_grouped/processed_grouped/test/Tumor/Tumor- (307).jpg,3,0,0.48990225546913846,0.12411194535261058,0.19906733691601136,0.1869184622622396
/content/drive/MyDrive/StoneSense-Training/processed_grouped/processed_grouped/test/Tumor/Tumor- (308).jpg,3,0,0.35260241681468707,0.19542857752313506,0.21151221663754805,0.24045678902462986
/content/drive/MyDrive/StoneSense-Training/processed_grouped/processed_grouped/test/Tumor/Tumor- (309).jpg,3,0,0.349398320338729,0.1950979028021734,0.22734270773502235,0.22816106912407527
/content/drive/MyDrive/StoneSense-Training/processed_grouped/processed_grouped/test/Tumor/Tumor- (310).jpg,3,3,0.22957944335486608,0.15249418949023538,0.2630423015846965,0.35488406557020197
/content/drive/MyDrive/StoneSense-Training/processed_grouped/processed_grouped/test/Tumor/Tumor- (311).jpg,3,3,0.16545125694722596,0.1366327673100172,0.28489093641647817,0.41302503932627876
/content/drive/MyDrive/StoneSense-Training/processed_grouped/processed_grouped/test/Tumor/Tumor- (312).jpg,3,3,0.14894278018137044,0.14401181788475106,0.30531095242555945,0.401734449508319
/content/drive/MyDrive/StoneSense-Training/processed_grouped/processed_grouped/test/Tumor/Tumor- (313).jpg,3,3,0.22056367419254783,0.16275793452666243,0.25236447531846073,0.3643139159623291
/content/drive/MyDrive/StoneSense-Training/processed_grouped/processed_grouped/test/Tumor/Tumor- (314).jpg,3,0,0.36978101418026704,0.18070969410378557,0.22232878094040967,0.2271805107755377
/content/drive/MyDrive/StoneSense-Training/processed_grouped/processed_grouped/test/Tumor/Tumor- (315).jpg,3,2,0.23911525260383887,0.15191388396968833,0.31156373039916657,0.2974071330273062
/content/drive/MyDrive/StoneSense-Training/processed_grouped/processed_grouped/test/Tumor/Tumor- (316).jpg,3,0,0.39009504591809124,0.11482575410790147,0.24897860203498481,0.24610059793902236
/content/drive/MyDrive/StoneSense-Training/processed_grouped/processed_grouped/test/Tumor/Tumor- (317).jpg,3,0,0.5035776402471924,0.14805228670180354,0.1611060586143603,0.18726401443664387
/content/drive/MyDrive/StoneSense-Training/processed_grouped/processed_grouped/test/Tumor/Tumor- (318).jpg,3,0,0.35329882187495526,0.19209904353858956,0.21136964975069103,0.24323248483576412
/content/drive/MyDrive/StoneSense-Training/processed_grouped/processed_grouped/test/Tumor/Tumor- (319).jpg,3,3,0.16578386347462434,0.1522104175627022,0.328861566719532,0.3531441522431415
/content/drive/MyDrive/StoneSense-Training/processed_grouped/processed_grouped/test/Tumor/Tumor- (320).jpg,3,3,0.0886086139872018,0.11747775220772004,0.35172605382855027,0.4421875799765279
/content/drive/MyDrive/StoneSense-Training/processed_grouped/processed_grouped/test/Tumor/Tumor- (321).jpg,3,3,0.0982914561428079,0.16237450548305965,0.2942815468155194,0.44505249155861315
/content/drive/MyDrive/StoneSense-Training/processed_grouped/processed_grouped/test/Tumor/Tumor- (322).jpg,3,3,0.11154421756730037,0.16793968332374348,0.30450788521680777,0.41600821389214837
/content/drive/MyDrive/StoneSense-Training/processed_grouped/processed_grouped/test/Tumor/Tumor- (323).jpg,3,3,0.11724110896383144,0.15532457659104384,0.2699626681620084,0.45747164628311626
/content/drive/MyDrive/StoneSense-Training/processed_grouped/processed_grouped/test/Tumor/Tumor- (324).jpg,3,3,0.1089701084931707,0.15916267483104377,0.2669979344792924,0.4648692821964931
/content/drive/MyDrive/StoneSense-Training/processed_grouped/processed_grouped/test/Tumor/Tumor- (325).jpg,3,3,0.10710639521669985,0.16182879773013575,0.3153217973477019,0.41574300970546246
/content/drive/MyDrive/StoneSense-Training/processed_grouped/processed_grouped/test/Tumor/Tumor- (326).jpg,3,3,0.10585984205800285,0.20162182339951004,0.3080416254008828,0.3844767091416043
/content/drive/MyDrive/StoneSense-Training/processed_grouped/processed_grouped/test/Tumor/Tumor- (327).jpg,3,3,0.13652637936086004,0.18926588318107415,0.26718583164765963,0.4070219058104062
/content/drive/MyDrive/StoneSense-Training/processed_grouped/processed_grouped/test/Tumor/Tumor- (328).jpg,3,3,0.09937122077720884,0.12041244634137915,0.26777531117593917,0.5124410217054729
/content/drive/MyDrive/StoneSense-Training/processed_grouped/processed_grouped/test/Tumor/Tumor- (329).jpg,3,3,0.11353485522137625,0.08643303786648884,0.2890366233233773,0.5109954835887576
/content/drive/MyDrive/StoneSense-Training/processed_grouped/processed_grouped/test/Tumor/Tumor- (330).jpg,3,3,0.09458542470419758,0.1246933402393822,0.3116284012257607,0.46909283383065953
/content/drive/MyDrive/StoneSense-Training/processed_grouped/processed_grouped/test/Tumor/Tumor- (331).jpg,3,3,0.10500511704391426,0.18583635998360148,0.29503210452037465,0.41412641845210973
/content/drive/MyDrive/StoneSense-Training/processed_grouped/processed_grouped/test/Tumor/Tumor- (332).jpg,3,3,0.14940139228780222,0.2025171066334758,0.24189751879267557,0.40618398228604646
/content/drive/MyDrive/StoneSense-Training/processed_grouped/processed_grouped/test/Tumor/Tumor- (333).jpg,3,3,0.09590103360511594,0.14513247226084902,0.28163966299635135,0.47732683113768376
/content/drive/MyDrive/StoneSense-Training/processed_grouped/processed_grouped/test/Tumor/Tumor- (334).jpg,3,3,0.09067260144734204,0.10321963128676828,0.3516522266582477,0.45445554060764193
/content/drive/MyDrive/StoneSense-Training/processed_grouped/processed_grouped/test/Tumor/Tumor- (335).jpg,3,3,0.09431057292772653,0.11277621303264686,0.32983326347256153,0.46307995056706497
/content/drive/MyDrive/StoneSense-Training/processed_grouped/processed_grouped/test/Tumor/Tumor- (336).jpg,3,3,0.08988758687858311,0.12836236550009902,0.30126776158122465,0.4804822860400932
/content/drive/MyDrive/StoneSense-Training/processed_grouped/processed_grouped/test/Tumor/Tumor- (337).jpg,3,3,0.10041392337087134,0.1284163733602711,0.2804810954692746,0.490688607799583
/content/drive/MyDrive/StoneSense-Training/processed_grouped/processed_grouped/test/Tumor/Tumor- (338).jpg,3,3,0.08990752504017485,0.11763863023413919,0.3248067226317237,0.46764712209396214
/content/drive/MyDrive/StoneSense-Training/processed_grouped/processed_grouped/test/Tumor/Tumor- (339).jpg,3,3,0.09879695605649215,0.1169893918030544,0.2835496724309317,0.5006639797095217
/content/drive/MyDrive/StoneSense-Training/processed_grouped/processed_grouped/test/Tumor/Tumor- (34).jpg,3,1,0.02871053260429521,0.42206220135054034,0.31894909408192956,0.23027817196323486
/content/drive/MyDrive/StoneSense-Training/processed_grouped/processed_grouped/test/Tumor/Tumor- (340).jpg,3,3,0.10488618586259764,0.09517102269169911,0.321734765924339,0.4782080255213642
/content/drive/MyDrive/StoneSense-Training/processed_grouped/processed_grouped/test/Tumor/Tumor- (341).jpg,3,3,0.10294342023267057,0.11733338497867542,0.35762521913324913,0.4220979756554049
/content/drive/MyDrive/StoneSense-Training/processed_grouped/processed_grouped/test/Tumor/Tumor- (342).jpg,3,3,0.08625395015113357,0.1729458862377247,0.34373774056407547,0.3970624230470662
/content/drive/MyDrive/StoneSense-Training/processed_grouped/processed_grouped/test/Tumor/Tumor- (35).jpg,3,1,0.037900855791220676,0.4476296892460834,0.33257509777654165,0.18189435718615418
/content/drive/MyDrive/StoneSense-Training/processed_grouped/processed_grouped/test/Tumor/Tumor- (36).jpg,3,1,0.037134950210857214,0.42449151942706953,0.31377553112385115,0.22459799923822205
/content/drive/MyDrive/StoneSense-Training/processed_grouped/processed_grouped/test/Tumor/Tumor- (37).jpg,3,1,0.0352599422856069,0.42592921045416493,0.33640252361364364,0.20240832364658462
/content/drive/MyDrive/StoneSense-Training/processed_grouped/processed_grouped/test/Tumor/Tumor- (38).jpg,3,1,0.04692455024156859,0.42583071634084435,0.3366490638837016,0.1905956695338855
/content/drive/MyDrive/StoneSense-Training/processed_grouped/processed_grouped/test/Tumor/Tumor- (39).jpg,3,1,0.03418084956285113,0.4137218637809316,0.3360639537657389,0.21603333289047838
/content/drive/MyDrive/StoneSense-Training/processed_grouped/processed_grouped/test/Tumor/Tumor- (40).jpg,3,1,0.02529811612400428,0.4434289624722681,0.32245319434643094,0.2088197270572967
/content/drive/MyDrive/StoneSense-Training/processed_grouped/processed_grouped/test/Tumor/Tumor- (436).jpg,3,1,0.2227845484731506,0.39253048489267645,0.216894660827135,0.16779030580703788
/content/drive/MyDrive/StoneSense-Training/processed_grouped/processed_grouped/test/Tumor/Tumor- (437).jpg,3,1,0.18425591567055438,0.36539147938842126,0.2075567401522028,0.24279586478882165
/content/drive/MyDrive/StoneSense-Training/processed_grouped/processed_grouped/test/Tumor/Tumor- (438).jpg,3,1,0.15237572173653324,0.4100974135557386,0.20365802251553322,0.2338688421921949
/content/drive/MyDrive/StoneSense-Training/processed_grouped/processed_grouped/test/Tumor/Tumor- (439).jpg,3,1,0.11933774800488178,0.42329087742381033,0.2457261869670423,0.2116451876042656
/content/drive/MyDrive/StoneSense-Training/processed_grouped/processed_grouped/test/Tumor/Tumor- (440).jpg,3,1,0.11897588696256772,0.4397007171840648,0.2355524673048857,0.20577092854848175
/content/drive/MyDrive/StoneSense-Training/processed_grouped/processed_grouped/test/Tumor/Tumor- (441).jpg,3,1,0.1174528959658901,0.36701028462644053,0.2692581906033983,0.24627862880427112
/content/drive/MyDrive/StoneSense-Training/processed_grouped/processed_grouped/test/Tumor/Tumor- (442).jpg,3,1,0.1899324557746049,0.33286653321288334,0.24593841530383387,0.23126259570867794
/content/drive/MyDrive/StoneSense-Training/processed_grouped/processed_grouped/test/Tumor/Tumor- (443).jpg,3,1,0.19147133575545885,0.3424381821517822,0.2537163827776549,0.212374099315104
/content/drive/MyDrive/StoneSense-Training/processed_grouped/processed_grouped/test/Tumor/Tumor- (444).jpg,3,1,0.19476313611339113,0.31497220575711615,0.21813837284687188,0.27212628528262084
/content/drive/MyDrive/StoneSense-Training/processed_grouped/processed_grouped/test/Tumor/Tumor- (445).jpg,3,1,0.1898253725396176,0.3153865642815102,0.2147019515832406,0.28008611159563157
/content/drive/MyDrive/StoneSense-Training/processed_grouped/processed_grouped/test/Tumor/Tumor- (446).jpg,3,1,0.18871364953555753,0.3278887746725216,0.22198054773566542,0.26141702805625544
/content/drive/MyDrive/StoneSense-Training/processed_grouped/processed_grouped/test/Tumor/Tumor- (447).jpg,3,1,0.24391770607487628,0.3354107021933676,0.20371428526097785,0.21695730647077838
/content/drive/MyDrive/StoneSense-Training/processed_grouped/processed_grouped/test/Tumor/Tumor- (448).jpg,3,1,0.2536768303166878,0.3224220830965296,0.19170767783490467,0.23219340875187794
/content/drive/MyDrive/StoneSense-Training/processed_grouped/processed_grouped/test/Tumor/Tumor- (449).jpg,3,1,0.20835864522024355,0.3435441935430112,0.18046842802388885,0.26762873321285635
/content/drive/MyDrive/StoneSense-Training/processed_grouped/processed_grouped/test/Tumor/Tumor- (450).jpg,3,1,0.21789698744310604,0.3436619656277003,0.20280688420335785,0.23563416272583576
/content/drive/MyDrive/StoneSense-Training/processed_grouped/processed_grouped/test/Tumor/Tumor- (451).jpg,3,1,0.26881663068053874,0.325866425741674,0.18996590244681782,0.21535104113096928
/content/drive/MyDrive/StoneSense-Training/processed_grouped/processed_grouped/test/Tumor/Tumor- (452).jpg,3,0,0.33828113863707043,0.2937898911801494,0.17387460324129855,0.19405436694148168
/content/drive/MyDrive/StoneSense-Training/processed_grouped/processed_grouped/test/Tumor/Tumor- (453).jpg,3,0,0.3290376120649642,0.2968378125020972,0.15883527934254357,0.2152892960903951
/content/drive/MyDrive/StoneSense-Training/processed_grouped/processed_grouped/test/Tumor/Tumor- (454).jpg,3,1,0.23945814504249918,0.3503254497328176,0.1800194298831236,0.23019697534155967
/content/drive/MyDrive/StoneSense-Training/processed_grouped/processed_grouped/test/Tumor/Tumor- (455).jpg,3,1,0.224509800615716,0.35726980904516303,0.17653689687217725,0.24168349346694387
/content/drive/MyDrive/StoneSense-Training/processed_grouped/processed_grouped/test/Tumor/Tumor- (456).jpg,3,1,0.1698440679304802,0.3864177354892804,0.19095008533907115,0.25278811124116835
/content/drive/MyDrive/StoneSense-Training/processed_grouped/processed_grouped/test/Tumor/Tumor- (457).jpg,3,3,0.11391888491244985,0.3046347222535867,0.2568705209638725,0.3245758718700911
/content/drive/MyDrive/StoneSense-Training/processed_grouped/processed_grouped/test/Tumor/Tumor- (458).jpg,3,1,0.3015494614852129,0.3042738152899645,0.1842416889241774,0.20993503430064528
/content/drive/MyDrive/StoneSense-Training/processed_grouped/processed_grouped/test/Tumor/Tumor- (459).jpg,3,0,0.29339241204695876,0.2873090005324606,0.2146363622852988,0.20466222513528184
/content/drive/MyDrive/StoneSense-Training/processed_grouped/processed_grouped/test/Tumor/Tumor- (460).jpg,3,0,0.34103222269875005,0.29667157717724324,0.17785603407184197,0.18444016605216484
/content/drive/MyDrive/StoneSense-Training/processed_grouped/processed_grouped/test/Tumor/Tumor- (465).jpg,3,3,0.18122766820886657,0.3179032629053771,0.15759461777395142,0.3432744511118049
/content/drive/MyDrive/StoneSense-Training/processed_grouped/processed_grouped/test/Tumor/Tumor- (466).jpg,3,1,0.23329699684711935,0.3106216327775124,0.17088046629679587,0.28520090407857224
/content/drive/MyDrive/StoneSense-Training/processed_grouped/processed_grouped/test/Tumor/Tumor- (467).jpg,3,0,0.3455014806154046,0.2565622180984238,0.14729251084162828,0.25064379044454344
/content/drive/MyDrive/StoneSense-Training/processed_grouped/processed_grouped/test/Tumor/Tumor- (468).jpg,3,3,0.15498742573701338,0.27548781381027493,0.24084258992543758,0.3286821705272741
/content/drive/MyDrive/StoneSense-Training/processed_grouped/processed_grouped/test/Tumor/Tumor- (469).jpg,3,1,0.1821486052400229,0.3331428421736412,0.1963734628445506,0.28833508974178546
/content/drive/MyDrive/StoneSense-Training/processed_grouped/processed_grouped/test/Tumor/Tumor- (470).jpg,3,3,0.13701864688350504,0.2764268793931626,0.24991498032960296,0.3366394933937293
/content/drive/MyDrive/StoneSense-Training/processed_grouped/processed_grouped/test/Tumor/Tumor- (471).jpg,3,3,0.09130491096714952,0.2267783451644481,0.320948075165553,0.3609686687028493
/content/drive/MyDrive/StoneSense-Training/processed_grouped/processed_grouped/test/Tumor/Tumor- (493).jpg,3,1,0.10173346462995611,0.46579300738798024,0.27207559254675756,0.16039793543530595
/content/drive/MyDrive/StoneSense-Training/processed_grouped/processed_grouped/test/Tumor/Tumor- (494).jpg,3,1,0.12547650349689182,0.4642491980533245,0.264859584977466,0.14541471347231766
/content/drive/MyDrive/StoneSense-Training/processed_grouped/processed_grouped/test/Tumor/Tumor- (495).jpg,3,1,0.27650524574682045,0.3543901179662585,0.25223941296196584,0.11686522332495528
/content/drive/MyDrive/StoneSense-Training/processed_grouped/processed_grouped/test/Tumor/Tumor- (496).jpg,3,1,0.33829292940635913,0.3716684587691463,0.20490724181340517,0.08513137001108947
/content/drive/MyDrive/StoneSense-Training/processed_grouped/processed_grouped/test/Tumor/Tumor- (497).jpg,3,1,0.2111904975283061,0.3795416534581512,0.3007226925500569,0.10854515646348571
/content/drive/MyDrive/StoneSense-Training/processed_grouped/processed_grouped/test/Tumor/Tumor- (498).jpg,3,1,0.09724629981185971,0.44276475641096813,0.34958463626069963,0.1104043075164725
/content/drive/MyDrive/StoneSense-Training/processed_grouped/processed_grouped/test/Tumor/Tumor- (499).jpg,3,1,0.1110284594042905,0.4707313180325595,0.3081801680463672,0.11006005451678273
/content/drive/MyDrive/StoneSense-Training/processed_grouped/processed_grouped/test/Tumor/Tumor- (500).jpg,3,1,0.26467083378584444,0.39125904813912077,0.2191091251964226,0.12496099287861227
/content/drive/MyDrive/StoneSense-Training/processed_grouped/processed_grouped/test/Tumor/Tumor- (501).jpg,3,0,0.460905885461318,0.25055591471645644,0.2147959375091279,0.07374226231309759
/content/drive/MyDrive/StoneSense-Training/processed_grouped/processed_grouped/test/Tumor/Tumor- (502).jpg,3,0,0.5404183762029979,0.160214799326625,0.24223692729139945,0.05712989717897774
/content/drive/MyDrive/StoneSense-Training/processed_grouped/processed_grouped/test/Tumor/Tumor- (503).jpg,3,0,0.5284897293483719,0.19367391425805636,0.2044861806327549,0.07335017576081682
/content/drive/MyDrive/StoneSense-Training/processed_grouped/processed_grouped/test/Tumor/Tumor- (504).jpg,3,0,0.5107624154832101,0.19974866293656052,0.22881039855380367,0.06067852302642576
/content/drive/MyDrive/StoneSense-Training/processed_grouped/processed_grouped/test/Tumor/Tumor- (505).jpg,3,0,0.3979266683875398,0.25342919217182,0.2528515757777989,0.09579256366284128
/content/drive/MyDrive/StoneSense-Training/processed_grouped/processed_grouped/test/Tumor/Tumor- (506).jpg,3,0,0.3460314303126332,0.284557700950868,0.2568123199790917,0.11259854875740694
/content/drive/MyDrive/StoneSense-Training/processed_grouped/processed_grouped/test/Tumor/Tumor- (507).jpg,3,0,0.4150547555405282,0.25482460413289393,0.24185399829138376,0.08826664203519419
/content/drive/MyDrive/StoneSense-Training/processed_grouped/processed_grouped/test/Tumor/Tumor- (508).jpg,3,0,0.4988928413201789,0.24974111974140756,0.1910286285366492,0.060337410401764345
/content/drive/MyDrive/StoneSense-Training/processed_grouped/processed_grouped/test/Tumor/Tumor- (509).jpg,3,0,0.45552712055583144,0.2815153640366408,0.20426558363548722,0.05869193177204054
/content/drive/MyDrive/StoneSense-Training/processed_grouped/processed_grouped/test/Tumor/Tumor- (510).jpg,3,1,0.21206135878182591,0.38330739467112124,0.3024440471057621,0.10218719944129075
/content/drive/MyDrive/StoneSense-Training/processed_grouped/processed_grouped/test/Tumor/Tumor- (511).jpg,3,1,0.17690459646345452,0.40941235424421724,0.30425718753585385,0.10942586175647438
/content/drive/MyDrive/StoneSense-Training/processed_grouped/processed_grouped/test/Tumor/Tumor- (512).jpg,3,1,0.2359560262483501,0.37449265917175106,0.29421619466876303,0.09533511991113577
/content/drive/MyDrive/StoneSense-Training/processed_grouped/processed_grouped/test/Tumor/Tumor- (513).jpg,3,0,0.3457296937402586,0.2559599833597794,0.3001639720467219,0.09814635085324011
/content/drive/MyDrive/StoneSense-Training/processed_grouped/processed_grouped/test/Tumor/Tumor- (514).jpg,3,0,0.48457836581505026,0.18237265947763398,0.2630476305124809,0.0700013441948348
/content/drive/MyDrive/StoneSense-Training/processed_grouped/processed_grouped/test/Tumor/Tumor- (515).jpg,3,0,0.44598254400339526,0.2299924290044191,0.24647959296294109,0.07754543402924462
/content/drive/MyDrive/StoneSense-Training/processed_grouped/processed_grouped/test/Tumor/Tumor- (516).jpg,3,0,0.41184722236648,0.24789680493054744,0.26474677522592416,0.07550919747704843
/content/drive/MyDrive/StoneSense-Training/processed_grouped/processed_grouped/test/Tumor/Tumor- (517).jpg,3,0,0.33710572623039553,0.26489049665240927,0.30387706609159754,0.09412671102559772
/content/drive/MyDrive/StoneSense-Training/processed_grouped/processed_grouped/test/Tumor/Tumor- (518).jpg,3,1,0.1764965807414927,0.38206829455787195,0.30418849109698287,0.1372466336036525
/content/drive/MyDrive/StoneSense-Training/processed_grouped/processed_grouped/test/Tumor/Tumor- (519).jpg,3,1,0.14683156105051104,0.3948687635122375,0.28165527134808416,0.1766444040891674
/content/drive/MyDrive/StoneSense-Training/processed_grouped/processed_grouped/test/Tumor/Tumor- (520).jpg,3,1,0.134566961351445,0.36123752662295594,0.28642858068347604,0.21776693134212302
/content/drive/MyDrive/StoneSense-Training/processed_grouped/processed_grouped/test/Tumor/Tumor- (521).jpg,3,1,0.18329924793944855,0.3441591002208153,0.28457028486334335,0.18797136697639263
/content/drive/MyDrive/StoneSense-Training/processed_grouped/processed_grouped/test/Tumor/Tumor- (522).jpg,3,2,0.07570404231636438,0.28706236281657926,0.3806510333868792,0.2565825614801771
/content/drive/MyDrive/StoneSense-Training/processed_grouped/processed_grouped/test/Tumor/Tumor- (523).jpg,3,2,0.06998058029263855,0.2253228041094904,0.3606460365994685,0.3440505789984025
/content/drive/MyDrive/StoneSense-Training/processed_grouped/processed_grouped/test/Tumor/Tumor- (524).jpg,3,2,0.05432302255353434,0.2558072438556181,0.38020422404915094,0.30966550954169675
/content/drive/MyDrive/StoneSense-Training/processed_grouped/processed_grouped/test/Tumor/Tumor- (525).jpg,3,2,0.06033079836278933,0.26591407886398555,0.3922538852209658,0.28150123755225925
/content/drive/MyDrive/StoneSense-Training/processed_grouped/processed_grouped/test/Tumor/Tumor- (526).jpg,3,2,0.07898678401821493,0.25863035023623954,0.38413312749232165,0.2782497382532239
/content/drive/MyDrive/StoneSense-Training/processed_grouped/processed_grouped/test/Tumor/Tumor- (527).jpg,3,1,0.0752590613742069,0.35624461267964375,0.3247552539550739,0.24374107199107553
/content/drive/MyDrive/StoneSense-Training/processed_grouped/processed_grouped/test/Tumor/Tumor- (528).jpg,3,1,0.12183588998840933,0.336567181388653,0.3354448011180773,0.2061521275048603
/content/drive/MyDrive/StoneSense-Training/processed_grouped/processed_grouped/test/Tumor/Tumor- (529).jpg,3,1,0.11347903174248823,0.3384576205198862,0.32123392678893353,0.22682942094869196
/content/drive/MyDrive/StoneSense-Training/processed_grouped/processed_grouped/test/Tumor/Tumor- (530).jpg,3,1,0.15431057465828593,0.436107353262224,0.2918892050469833,0.11769286703250668
/content/drive/MyDrive/StoneSense-Training/processed_grouped/processed_grouped/test/Tumor/Tumor- (531).jpg,3,1,0.2147605337258506,0.40475856691232526,0.2832314052553835,0.0972494941064408
/content/drive/MyDrive/StoneSense-Training/processed_grouped/processed_grouped/test/Tumor/Tumor- (532).jpg,3,1,0.11876183430558593,0.48282416320420996,0.28395228331435857,0.11446171917584551
/content/drive/MyDrive/StoneSense-Training/processed_grouped/processed_grouped/test/Tumor/Tumor- (533).jpg,3,1,0.07423596809302879,0.5105831112625678,0.2692104724251264,0.14597044821927688
/content/drive/MyDrive/StoneSense-Training/processed_grouped/processed_grouped/test/Tumor/Tumor- (534).jpg,3,1,0.07845006300199178,0.5059516231001489,0.2932752821599988,0.12232303173786037
/content/drive/MyDrive/StoneSense-Training/processed_grouped/processed_grouped/test/Tumor/Tumor- (535).jpg,3,1,0.07785373518549032,0.49552195006537325,0.2942351967259063,0.13238911802323003
/content/drive/MyDrive/StoneSense-Training/processed_grouped/processed_grouped/test/Tumor/Tumor- (536).jpg,3,1,0.03821512793074758,0.4786323317400027,0.27828951792507656,0.20486302240417323
/content/drive/MyDrive/StoneSense-Training/processed_grouped/processed_grouped/test/Tumor/Tumor- (537).jpg,3,1,0.06921833521914801,0.5267988779101122,0.2528195932809557,0.1511631935897841
/content/drive/MyDrive/StoneSense-Training/processed_grouped/processed_grouped/test/Tumor/Tumor- (538).jpg,3,1,0.19406041945095084,0.4264697499222832,0.2729764253203345,0.10649340530643144
/content/drive/MyDrive/StoneSense-Training/processed_grouped/processed_grouped/test/Tumor/Tumor- (539).jpg,3,2,0.20582025980628887,0.2707599760300675,0.33650185396432236,0.1869179101993211
/content/drive/MyDrive/StoneSense-Training/processed_grouped/processed_grouped/test/Tumor/Tumor- (540).jpg,3,2,0.09159396699392733,0.192632740562831,0.4197096637859129,0.29606362865732866
/content/drive/MyDrive/StoneSense-Training/processed_grouped/processed_grouped/test/Tumor/Tumor- (541).jpg,3,2,0.052792065900943666,0.2913631969084157,0.3607241911784446,0.29512054601219584
/content/drive/MyDrive/StoneSense-Training/processed_grouped/processed_grouped/test/Tumor/Tumor- (542).jpg,3,2,0.04906395875269888,0.20211788951089263,0.4221999093199723,0.32661824241643606
/content/drive/MyDrive/StoneSense-Training/processed_grouped/processed_grouped/test/Tumor/Tumor- (543).jpg,3,2,0.055646254147944205,0.18471717549124003,0.45197323784881827,0.30766333251199757
/content/drive/MyDrive/StoneSense-Training/processed_grouped/processed_grouped/test/Tumor/Tumor- (544).jpg,3,2,0.047143504060464976,0.20127643178228086,0.44480597470848066,0.30677408944877343
/content/drive/MyDrive/StoneSense-Training/processed_grouped/processed_grouped/test/Tumor/Tumor- (545).jpg,3,2,0.028924714129417214,0.24214463940693215,0.4219242063416495,0.30700644012200123
/content/drive/MyDrive/StoneSense-Training/processed_grouped/processed_grouped/test/Tumor/Tumor- (546).jpg,3,2,0.03537288020992048,0.24015411586971613,0.4200951924102786,0.30437781151008486
/content/drive/MyDrive/StoneSense-Training/processed_grouped/processed_grouped/test/Tumor/Tumor- (547).jpg,3,2,0.019580508389175088,0.31764011342942655,0.36729525555986237,0.2954841226215361
/content/drive/MyDrive/StoneSense-Training/processed_grouped/processed_grouped/test/Tumor/Tumor- (548).jpg,3,2,0.03535666983959818,0.24706719812599964,0.41228706292694905,0.30528906910745307
/content/drive/MyDrive/StoneSense-Training/processed_grouped/processed_grouped/test/Tumor/Tumor- (549).jpg,3,2,0.03758467654664771,0.22273429516484136,0.4189809743609208,0.32070005392759016
/content/drive/MyDrive/StoneSense-Training/processed_grouped/processed_grouped/test/Tumor/Tumor- (550).jpg,3,2,0.04853813565427186,0.18470338430069877,0.42755648084423636,0.339201999200793
/content/drive/MyDrive/StoneSense-Training/processed_grouped/processed_grouped/test/Tumor/Tumor- (551).jpg,3,2,0.05572784803702201,0.17700843831381846,0.4291631319681726,0.33810058168098694
/content/drive/MyDrive/StoneSense-Training/processed_grouped/processed_grouped/test/Tumor/Tumor- (552).jpg,3,2,0.03445171369663928,0.22222321319888294,0.4268571674811401,0.3164679056233376
/content/drive/MyDrive/StoneSense-Training/processed_grouped/processed_grouped/test/Tumor/Tumor- (553).jpg,3,2,0.0426084919683735,0.21482505982340955,0.44002386842740565,0.3025425797808113
/content/drive/MyDrive/StoneSense-Training/processed_grouped/processed_grouped/test/Tumor/Tumor- (554).jpg,3,2,0.05450540507387003,0.20764215197573752,0.45125191026665923,0.2866005326837332
/content/drive/MyDrive/StoneSense-Training/processed_grouped/processed_grouped/test/Tumor/Tumor- (555).jpg,3,2,0.059761816858841035,0.2068947367531124,0.4524789723728287,0.2808644740152178
/content/drive/MyDrive/StoneSense-Training/processed_grouped/processed_grouped/test/Tumor/Tumor- (556).jpg,3,2,0.05187489485544618,0.23178282718751678,0.4469676869203699,0.2693745910366671
/content/drive/MyDrive/StoneSense-Training/processed_grouped/processed_grouped/test/Tumor/Tumor- (557).jpg,3,2,0.06394459384205327,0.20379395316414306,0.4457322038518326,0.28652924914197103
/content/drive/MyDrive/StoneSense-Training/processed_grouped/processed_grouped/test/Tumor/Tumor- (558).jpg,3,2,0.07200076850324556,0.18526382571841227,0.44498645540529136,0.2977489503730508
/content/drive/MyDrive/StoneSense-Training/processed_grouped/processed_grouped/test/Tumor/Tumor- (559).jpg,3,2,0.04444452876985552,0.2261751663699901,0.4300260475548154,0.29935425730533893
/content/drive/MyDrive/StoneSense-Training/processed_grouped/processed_grouped/test/Tumor/Tumor- (560).jpg,3,2,0.038157358794477514,0.24992082897410933,0.41540880747252984,0.2965130047588833
/content/drive/MyDrive/StoneSense-Training/processed_grouped/processed_grouped/test/Tumor/Tumor- (561).jpg,3,2,0.07867153174717528,0.26794599085524873,0.4068252987228765,0.24655717867469962
/content/drive/MyDrive/StoneSense-Training/processed_grouped/processed_grouped/test/Tumor/Tumor- (562).jpg,3,2,0.07673755542206653,0.2916528776284184,0.3622036230805692,0.26940594386894595
/content/drive/MyDrive/StoneSense-Training/processed_grouped/processed_grouped/test/Tumor/Tumor- (563).jpg,3,2,0.05682755474838655,0.2715035484514042,0.3832474805321837,0.2884214162680257
/content/drive/MyDrive/StoneSense-Training/processed_grouped/processed_grouped/test/Tumor/Tumor- (564).jpg,3,2,0.0925674189535921,0.26519632289235584,0.37268861982966445,0.26954763832438744
/content/drive/MyDrive/StoneSense-Training/processed_grouped/processed_grouped/test/Tumor/Tumor- (565).jpg,3,2,0.13000067215178904,0.2688992598434722,0.3140382895391331,0.2870617784656056
/content/drive/MyDrive/StoneSense-Training/processed_grouped/processed_grouped/test/Tumor/Tumor- (566).jpg,3,2,0.10824290617222004,0.2652263673158235,0.3182561508634919,0.30827457564846444
/content/drive/MyDrive/StoneSense-Training/processed_grouped/processed_grouped/test/Tumor/Tumor- (567).jpg,3,2,0.1186175213980537,0.24357549744715595,0.35367084570263757,0.28413613545215266
/content/drive/MyDrive/StoneSense-Training/processed_grouped/processed_grouped/test/Tumor/Tumor- (568).jpg,3,2,0.20889171620022084,0.23845034902208959,0.33591710799023555,0.216740826787454
/content/drive/MyDrive/StoneSense-Training/processed_grouped/processed_grouped/test/Tumor/Tumor- (569).jpg,3,2,0.11735947129123613,0.26684744726141824,0.338019955920657,0.27777312552668865
/content/drive/MyDrive/StoneSense-Training/processed_grouped/processed_grouped/test/Tumor/Tumor- (570).jpg,3,2,0.10761499849604507,0.28035297813700905,0.3425296813623367,0.26950234200460926
/content/drive/MyDrive/StoneSense-Training/processed_grouped/processed_grouped/test/Tumor/Tumor- (571).jpg,3,1,0.10197628390207909,0.30776064544308185,0.28818189730833826,0.3020811733465008
/content/drive/MyDrive/StoneSense-Training/processed_grouped/processed_grouped/test/Tumor/Tumor- (572).jpg,3,1,0.09175663658353354,0.38259590530993876,0.23894857280971166,0.2866988852968161
/content/drive/MyDrive/StoneSense-Training/processed_grouped/processed_grouped/test/Tumor/Tumor- (573).jpg,3,1,0.05391749564474075,0.3969934989059618,0.2431646265996829,0.30592437884961465
/content/drive/MyDrive/StoneSense-Training/processed_grouped/processed_grouped/test/Tumor/Tumor- (574).jpg,3,3,0.04364982290343879,0.28781180992385746,0.3087623870457206,0.359775980126983
/content/drive/MyDrive/StoneSense-Training/processed_grouped/processed_grouped/test/Tumor/Tumor- (575).jpg,3,3,0.09887154874669994,0.29496548597027983,0.27974937846835,0.3264135868146702
/content/drive/MyDrive/StoneSense-Training/processed_grouped/processed_grouped/test/Tumor/Tumor- (576).jpg,3,1,0.14780542454457857,0.3327767386274107,0.27272951771440446,0.24668831911360636
/content/drive/MyDrive/StoneSense-Training/processed_grouped/processed_grouped/test/Tumor/Tumor- (577).jpg,3,1,0.21657214213792658,0.3277164297737083,0.2992722352269982,0.15643919286136698
/content/drive/MyDrive/StoneSense-Training/processed_grouped/processed_grouped/test/Tumor/Tumor- (578).jpg,3,1,0.05334510468908183,0.3546373842541642,0.3055923612812352,0.28642514977551886
/content/drive/MyDrive/StoneSense-Training/processed_grouped/processed_grouped/test/Tumor/Tumor- (579).jpg,3,1,0.08499039486439607,0.3899101075408174,0.2840776609646648,0.2410218366301217
/content/drive/MyDrive/StoneSense-Training/processed_grouped/processed_grouped/test/Tumor/Tumor- (580).jpg,3,2,0.02999830840578795,0.3372676984499315,0.3381369546546111,0.2945970384896696
/content/drive/MyDrive/StoneSense-Training/processed_grouped/processed_grouped/test/Tumor/Tumor- (581).jpg,3,2,0.02342190526643662,0.318849327771024,0.340863774696067,0.3168649922664725
/content/drive/MyDrive/StoneSense-Training/processed_grouped/processed_grouped/test/Tumor/Tumor- (582).jpg,3,3,0.02595921965229204,0.2899645046174022,0.3376442099583676,0.34643206577193825
/content/drive/MyDrive/StoneSense-Training/processed_grouped/processed_grouped/test/Tumor/Tumor- (583).jpg,3,2,0.02914939790331652,0.25391154762535545,0.37050071773342647,0.34643833673790153
/content/drive/MyDrive/StoneSense-Training/processed_grouped/processed_grouped/test/Tumor/Tumor- (584).jpg,3,2,0.03131937467213274,0.24566507351505443,0.3778066552189379,0.3452088965938749
/content/drive/MyDrive/StoneSense-Training/processed_grouped/processed_grouped/test/Tumor/Tumor- (585).jpg,3,2,0.02522638504004169,0.25811271899151006,0.3893639984247083,0.32729689754374
/content/drive/MyDrive/StoneSense-Training/processed_grouped/processed_grouped/test/Tumor/Tumor- (586).jpg,3,2,0.04408464849423712,0.22849221785495427,0.43893708502091733,0.28848604862989125
/content/drive/MyDrive/StoneSense-Training/processed_grouped/processed_grouped/test/Tumor/Tumor- (587).jpg,3,2,0.03838832923791081,0.25985782697655563,0.4087446649028449,0.29300917888268857
/content/drive/MyDrive/StoneSense-Training/processed_grouped/processed_grouped/test/Tumor/Tumor- (588).jpg,3,2,0.043146022456984956,0.2510382855023859,0.40599733629038337,0.29981835575024585
/content/drive/MyDrive/StoneSense-Training/processed_grouped/processed_grouped/test/Tumor/Tumor- (589).jpg,3,2,0.030261547386599287,0.2821637737871918,0.3803385449702782,0.3072361338559308
/content/drive/MyDrive/StoneSense-Training/processed_grouped/processed_grouped/test/Tumor/Tumor- (590).jpg,3,2,0.043908524148610364,0.26412746231956,0.40547329816922273,0.2864907153626069
/content/drive/MyDrive/StoneSense-Training/processed_grouped/processed_grouped/test/Tumor/Tumor- (591).jpg,3,2,0.04898892329028916,0.24178075747139505,0.4295535687559746,0.27967675048234136
/content/drive/MyDrive/StoneSense-Training/processed_grouped/processed_grouped/test/Tumor/Tumor- (592).jpg,3,2,0.03304447355058003,0.281918641481035,0.3977867534560753,0.2872501315123096
/content/drive/MyDrive/StoneSense-Training/processed_grouped/processed_grouped/test/Tumor/Tumor- (593).jpg,3,2,0.03010208562351618,0.3179559880222138,0.38706367405269854,0.26487825230157147
/content/drive/MyDrive/StoneSense-Training/processed_grouped/processed_grouped/test/Tumor/Tumor- (594).jpg,3,2,0.029991959007389924,0.3101773585221539,0.42037287236371895,0.23945781010673722
/content/drive/MyDrive/StoneSense-Training/processed_grouped/processed_grouped/test/Tumor/Tumor- (595).jpg,3,2,0.019943355669744024,0.3032204647581422,0.39293107107120434,0.2839051085009094
/content/drive/MyDrive/StoneSense-Training/processed_grouped/processed_grouped/test/Tumor/Tumor- (596).jpg,3,2,0.032616723518133835,0.2803948474283826,0.4291174705630793,0.25787095849040415
/content/drive/MyDrive/StoneSense-Training/processed_grouped/processed_grouped/test/Tumor/Tumor- (597).jpg,3,2,0.04140642772585457,0.2828370771950296,0.44126703920497,0.2344894558741457
/content/drive/MyDrive/StoneSense-Training/processed_grouped/processed_grouped/test/Tumor/Tumor- (598).jpg,3,2,0.03252426085782625,0.2884514576038638,0.4289407079297553,0.25008357360855465
/content/drive/MyDrive/StoneSense-Training/processed_grouped/processed_grouped/test/Tumor/Tumor- (599).jpg,3,2,0.0243794188243525,0.3016420263103704,0.3986761812345825,0.2753023736306946
/content/drive/MyDrive/StoneSense-Training/processed_grouped/processed_grouped/test/Tumor/Tumor- (600).jpg,3,2,0.02255520819621591,0.29887971245028655,0.38318340205908535,0.2953816772944121
/content/drive/MyDrive/StoneSense-Training/processed_grouped/processed_grouped/test/Tumor/Tumor- (601).jpg,3,2,0.04489941674819582,0.25154128560363875,0.3994651868591156,0.3040941107890498
/content/drive/MyDrive/StoneSense-Training/processed_grouped/processed_grouped/test/Tumor/Tumor- (602).jpg,3,2,0.07486121052971613,0.22347292471235455,0.4059410171728917,0.29572484758503753
/content/drive/MyDrive/StoneSense-Training/processed_grouped/processed_grouped/test/Tumor/Tumor- (603).jpg,3,2,0.13077238889025622,0.17374507187247235,0.41135222999599785,0.28413030924127364
/content/drive/MyDrive/StoneSense-Training/processed_grouped/processed_grouped/test/Tumor/Tumor- (604).jpg,3,2,0.08211208842334848,0.1840242706370691,0.46549285325432166,0.2683707876852609
/content/drive/MyDrive/StoneSense-Training/processed_grouped/processed_grouped/test/Tumor/Tumor- (900).jpg,3,3,0.10649176571008112,0.3159167016945217,0.20578327013898604,0.3718082624564112
/content/drive/MyDrive/StoneSense-Training/processed_grouped/processed_grouped/test/Tumor/Tumor- (901).jpg,3,3,0.15510566181748517,0.2857575892056975,0.20055342650811236,0.3585833224687051
/content/drive/MyDrive/StoneSense-Training/processed_grouped/processed_grouped/test/Tumor/Tumor- (902).jpg,3,1,0.16705402352675808,0.2984650291723986,0.2907635853546756,0.24371736194616767
/content/drive/MyDrive/StoneSense-Training/processed_grouped/processed_grouped/test/Tumor/Tumor- (911).jpg,3,1,0.13857272762096323,0.3295080738255825,0.26004242350095896,0.2718767750524952
/content/drive/MyDrive/StoneSense-Training/processed_grouped/processed_grouped/test/Tumor/Tumor- (912).jpg,3,3,0.1863234261926076,0.281361148443003,0.23602210221212755,0.2962933231522618
/content/drive/MyDrive/StoneSense-Training/processed_grouped/processed_grouped/test/Tumor/Tumor- (913).jpg,3,3,0.162011502798271,0.2934926784935733,0.2086155471758012,0.3358802715323546
/content/drive/MyDrive/StoneSense-Training/processed_grouped/processed_grouped/test/Tumor/Tumor- (914).jpg,3,1,0.16357901899251484,0.2973750957311795,0.26683958271833147,0.27220630255797423
/content/drive/MyDrive/StoneSense-Training/processed_grouped/processed_grouped/test/Tumor/Tumor- (915).jpg,3,1,0.16607573693111757,0.31000274148560414,0.27495290606258277,0.24896861552069557
/content/drive/MyDrive/StoneSense-Training/processed_grouped/processed_grouped/test/Tumor/Tumor- (916).jpg,3,1,0.2300462228169285,0.28962806739043506,0.2678687666942649,0.2124569430983716
/content/drive/MyDrive/StoneSense-Training/processed_grouped/processed_grouped/test/Tumor/Tumor- (917).jpg,3,1,0.2663679924753641,0.26639900604750855,0.25006084442481824,0.21717215705230908
/content/drive/MyDrive/StoneSense-Training/processed_grouped/processed_grouped/test/Tumor/Tumor- (918).jpg,3,0,0.2849474121925578,0.23087593625188346,0.22938137421282542,0.2547952773427333
/content/drive/MyDrive/StoneSense-Training/processed_grouped/processed_grouped/test/Tumor/Tumor- (919).jpg,3,3,0.24898420371859684,0.25290235156190743,0.22559144088879513,0.2725220038307005
