path,true_label,predicted_label,p_cyst,p_normal,p_stone,p_tumor
/content/yolo_view/test/Cyst/Cyst- (1).jpg,0,0,1.0,5.393729463065711e-09,8.122914563202244e-10,2.8533887492382393e-12
/content/yolo_view/test/Cyst/Cyst- (1031).jpg,0,0,0.9978541731834412,3.9991693512320126e-08,0.0021442975848913193,1.472364829169237e-06
/content/yolo_view/test/Cyst/Cyst- (1032).jpg,0,0,0.9972678422927856,4.203164394311898e-08,0.0027302487287670374,1.8421674212731887e-06
/content/yolo_view/test/Cyst/Cyst- (1058).jpg,0,0,0.9999727010726929,2.5690727852634154e-05,1.5878964632065617e-06,6.304393451728174e-08
/content/yolo_view/test/Cyst/Cyst- (1364).jpg,0,0,0.9994307160377502,5.173986239448425e-11,0.000569226045627147,4.4592535219933893e-10
/content/yolo_view/test/Cyst/Cyst- (1365).jpg,0,0,0.9981410503387451,8.042230076332757e-11,0.0018589524552226067,4.1803252526229073e-10
/content/yolo_view/test/Cyst/Cyst- (1366).jpg,0,0,0.9960359930992126,4.6498038752673665e-10,0.003963990602642298,1.3493305361933494e-09
/content/yolo_view/test/Cyst/Cyst- (1367).jpg,0,0,0.992890477180481,8.699224673947015e-10,0.007109536789357662,8.660038797181357e-10
/content/yolo_view/test/Cyst/Cyst- (1368).jpg,0,0,0.9973437190055847,9.220361696371526e-10,0.0026562826242297888,1.6798451518695856e-09
/content/yolo_view/test/Cyst/Cyst- (1369).jpg,0,0,0.9962520003318787,2.5540161652237714e-10,0.0037480213213711977,7.762098186425703e-10
/content/yolo_view/test/Cyst/Cyst- (1370).jpg,0,0,0.9984939098358154,6.590727269495389e-11,0.001506097032688558,1.1819983880556606e-09
/content/yolo_view/test/Cyst/Cyst- (1371).jpg,0,0,0.9993171691894531,7.418838460226951e-11,0.0006828183541074395,7.174573712909194e-10
/content/yolo_view/test/Cyst/Cyst- (1372).jpg,0,0,0.9992215633392334,3.1558555768640417e-10,0.0007784790941514075,2.2638324548296396e-09
/content/yolo_view/test/Cyst/Cyst- (1373).jpg,0,0,0.999285876750946,3.425608130491753e-10,0.0007141191745176911,2.7583253459084744e-09
/content/yolo_view/test/Cyst/Cyst- (1374).jpg,0,0,0.9992289543151855,2.736144089077186e-10,0.0007710813079029322,1.5937559050271943e-09
/content/yolo_view/test/Cyst/Cyst- (1375).jpg,0,0,0.9973957538604736,4.523919572285706e-10,0.0026042775716632605,9.62888524469463e-09
/content/yolo_view/test/Cyst/Cyst- (1376).jpg,0,0,0.5949026942253113,6.424929921422518e-08,0.40509650111198425,7.363278200500645e-07
/content/yolo_view/test/Cyst/Cyst- (1377).jpg,0,0,0.598970890045166,8.21787722316003e-08,0.40102797746658325,1.0710209608078003e-06
/content/yolo_view/test/Cyst/Cyst- (1378).jpg,0,2,0.4401114881038666,1.6563780036449316e-07,0.5598872900009155,1.1212378012714908e-06
/content/yolo_view/test/Cyst/Cyst- (1379).jpg,0,2,0.20444603264331818,1.0516934167981162e-07,0.7955535650253296,2.9647279120581516e-07
/content/yolo_view/test/Cyst/Cyst- (1380).jpg,0,2,0.12310284376144409,4.748069670768018e-08,0.8768969774246216,6.659170281864135e-08
/content/yolo_view/test/Cyst/Cyst- (1381).jpg,0,2,0.24529510736465454,3.893107702879206e-08,0.7547047734260559,3.793664760110005e-08
/content/yolo_view/test/Cyst/Cyst- (1382).jpg,0,0,0.5587208271026611,1.5203774239580525e-08,0.4412790834903717,5.644601230869739e-08
/content/yolo_view/test/Cyst/Cyst- (1383).jpg,0,0,0.5847365856170654,1.1129520416375271e-08,0.4152633845806122,2.4727123459911127e-08
/content/yolo_view/test/Cyst/Cyst- (1384).jpg,0,2,0.3709784746170044,1.7039287314446483e-08,0.6290214657783508,2.100201967891735e-08
/content/yolo_view/test/Cyst/Cyst- (1385).jpg,0,0,0.5223806500434875,4.445598733582301e-08,0.47761934995651245,1.385544656784532e-08
/content/yolo_view/test/Cyst/Cyst- (1386).jpg,0,0,0.6769441962242126,6.479043435092535e-08,0.3230556845664978,2.362226148022728e-08
/content/yolo_view/test/Cyst/Cyst- (1387).jpg,0,2,0.47896385192871094,4.8784183803718406e-08,0.5210360884666443,4.4249976127730406e-08
/content/yolo_view/test/Cyst/Cyst- (1388).jpg,0,2,0.47238320112228394,2.3677362293028636e-08,0.5276166796684265,7.286418934882022e-08
/content/yolo_view/test/Cyst/Cyst- (1389).jpg,0,0,0.7252719402313232,7.902071885723672e-09,0.274728000164032,1.6816789738527405e-08
/content/yolo_view/test/Cyst/Cyst- (1390).jpg,0,0,0.9288155436515808,5.951482640043082e-10,0.071184441447258,3.2472851074771825e-09
/content/yolo_view/test/Cyst/Cyst- (1391).jpg,0,0,0.8799991607666016,1.6193978102929663e-10,0.12000080943107605,1.2210579214411155e-09
/content/yolo_view/test/Cyst/Cyst- (1392).jpg,0,0,0.9696428179740906,1.6243151268469092e-10,0.030357176437973976,3.141405191531277e-10
/content/yolo_view/test/Cyst/Cyst- (1393).jpg,0,0,0.9776482582092285,3.3694244616633284e-10,0.02235177904367447,6.371594363230315e-10
/content/yolo_view/test/Cyst/Cyst- (1394).jpg,0,0,0.9993355870246887,4.992372834577985e-11,0.0006644302047789097,2.989500869077233e-09
/content/yolo_view/test/Cyst/Cyst- (1395).jpg,0,0,0.9973602890968323,1.0097047503654366e-10,0.002639740239828825,1.5034645528544388e-08
/content/yolo_view/test/Cyst/Cyst- (1583).jpg,0,0,0.9851822257041931,2.385292496853708e-08,0.014816335402429104,1.3516986427930533e-06
/content/yolo_view/test/Cyst/Cyst- (1584).jpg,0,0,0.9828273057937622,2.2565593837953202e-08,0.017171939834952354,6.817193707320257e-07
/content/yolo_view/test/Cyst/Cyst- (1585).jpg,0,0,0.9982342720031738,3.9723975220340435e-09,0.0017651483649387956,6.21817036972061e-07
/content/yolo_view/test/Cyst/Cyst- (1662).jpg,0,0,0.9999998807907104,3.8629453910817013e-13,8.371409876417601e-08,2.760131397527496e-14
/content/yolo_view/test/Cyst/Cyst- (1663).jpg,0,0,0.9999998807907104,4.937927779342932e-13,1.546758028325712e-07,5.118544544918842e-14
/content/yolo_view/test/Cyst/Cyst- (1664).jpg,0,0,0.9999996423721313,1.8968689466380972e-12,4.0463359596287773e-07,8.253141415724349e-14
/content/yolo_view/test/Cyst/Cyst- (1665).jpg,0,0,1.0,3.654879065953347e-14,1.723158149502524e-08,1.4733089490699854e-14
/content/yolo_view/test/Cyst/Cyst- (1666).jpg,0,0,1.0,2.3473695318250443e-13,1.9650727267617185e-08,2.554278945472721e-13
/content/yolo_view/test/Cyst/Cyst- (1667).jpg,0,0,0.9999992847442627,9.796332148259701e-12,7.29051862435881e-07,5.115966786491122e-13
/content/yolo_view/test/Cyst/Cyst- (1668).jpg,0,0,0.9999998807907104,6.993222190568305e-13,6.789713324906188e-08,2.32960406607724e-13
/content/yolo_view/test/Cyst/Cyst- (1706).jpg,0,0,0.9999998807907104,3.8629453910817013e-13,8.371409876417601e-08,2.760131397527496e-14
/content/yolo_view/test/Cyst/Cyst- (1707).jpg,0,0,0.9999998807907104,4.937927779342932e-13,1.546758028325712e-07,5.118544544918842e-14
/content/yolo_view/test/Cyst/Cyst- (1708).jpg,0,0,0.9999996423721313,1.8968689466380972e-12,4.0463359596287773e-07,8.253141415724349e-14
/content/yolo_view/test/Cyst/Cyst- (1709).jpg,0,0,1.0,3.654879065953347e-14,1.723158149502524e-08,1.4733089490699854e-14
/content/yolo_view/test/Cyst/Cyst- (1710).jpg,0,0,1.0,2.3473695318250443e-13,1.9650727267617185e-08,2.554278945472721e-13
/content/yolo_view/test/Cyst/Cyst- (1711).jpg,0,0,0.9999992847442627,9.796332148259701e-12,7.29051862435881e-07,5.115966786491122e-13
/content/yolo_view/test/Cyst/Cyst- (1712).jpg,0,0,0.9999998807907104,6.993222190568305e-13,6.789713324906188e-08,2.32960406607724e-13
/content/yolo_view/test/Cyst/Cyst- (1731).jpg,0,2,0.001654221909120679,0.01856941543519497,0.9797763228416443,2.209164229327598e-08
/content/yolo_view/test/Cyst/Cyst- (1732).jpg,0,2,0.000723449164070189,0.011344041675329208,0.9879325032234192,7.666147716633986e-09
/content/yolo_view/test/Cyst/Cyst- (1733).jpg,0,2,0.0008625471964478493,0.010403735563158989,0.9887337684631348,8.869595724547708e-09
/content/yolo_view/test/Cyst/Cyst- (1734).jpg,0,2,0.0031399668660014868,0.013104984536767006,0.9837550520896912,1.8349535224615465e-08
/content/yolo_view/test/Cyst/Cyst- (1735).jpg,0,2,0.0019967888947576284,0.022376330569386482,0.9756268262863159,1.3971393819645073e-08
/content/yolo_view/test/Cyst/Cyst- (1736).jpg,0,2,0.0021616374142467976,0.022121408954262733,0.9757170081138611,1.9785842297892486e-08
/content/yolo_view/test/Cyst/Cyst- (1737).jpg,0,2,0.0016308014746755362,0.010376900434494019,0.9879922866821289,1.1032994962079101e-08
/content/yolo_view/test/Cyst/Cyst- (1738).jpg,0,2,0.0013611412141472101,0.004831236321479082,0.9938076138496399,5.535614189255966e-09
/content/yolo_view/test/Cyst/Cyst- (1739).jpg,0,2,0.0005806927219964564,0.005663569085299969,0.9937556982040405,2.488426797953025e-09
/content/yolo_view/test/Cyst/Cyst- (1740).jpg,0,2,0.0009448560304008424,0.005223046522587538,0.9938321113586426,6.975563238142968e-09
/content/yolo_view/test/Cyst/Cyst- (1741).jpg,0,2,0.0011949718464165926,0.016863113269209862,0.9819419384002686,2.7588233919573213e-08
/content/yolo_view/test/Cyst/Cyst- (1742).jpg,0,2,0.0006668089190497994,0.01977519318461418,0.9795580506324768,2.2773880559157078e-08
/content/yolo_view/test/Cyst/Cyst- (1743).jpg,0,2,0.0008863129769451916,0.007182374130934477,0.9919312596321106,4.315266011190033e-08
/content/yolo_view/test/Cyst/Cyst- (1744).jpg,0,2,0.00034358707489445806,0.004301993642002344,0.995354413986206,1.1133477251235036e-08
/content/yolo_view/test/Cyst/Cyst- (1745).jpg,0,2,0.00031322441645897925,0.006081178784370422,0.9936056137084961,5.180966322626546e-09
/content/yolo_view/test/Cyst/Cyst- (1746).jpg,0,2,0.0002859542437363416,0.0043365792371332645,0.9953774213790894,2.835769619125017e-09
/content/yolo_view/test/Cyst/Cyst- (1747).jpg,0,2,0.00024324844707734883,0.0032000578939914703,0.9965566396713257,4.185920943200472e-09
/content/yolo_view/test/Cyst/Cyst- (1748).jpg,0,2,0.00023527623852714896,0.00240816967561841,0.9973565340042114,1.845342323392174e-09
/content/yolo_view/test/Cyst/Cyst- (1749).jpg,0,2,0.00022995710605755448,0.005399789195507765,0.9943702816963196,1.8292395376207082e-09
/content/yolo_view/test/Cyst/Cyst- (1750).jpg,0,2,0.00021363414998631924,0.007307413499802351,0.9924788475036621,2.2519297537826333e-09
/content/yolo_view/test/Cyst/Cyst- (1751).jpg,0,2,0.00011091151100117713,0.007403058465570211,0.9924860000610352,1.8143623270461262e-09
/content/yolo_view/test/Cyst/Cyst- (1752).jpg,0,2,0.0001675015373621136,0.03460708633065224,0.9652253985404968,5.9149738440567035e-09
/content/yolo_view/test/Cyst/Cyst- (1753).jpg,0,2,3.949535675928928e-05,0.17984987795352936,0.8201106190681458,2.0501108366488552e-08
/content/yolo_view/test/Cyst/Cyst- (1754).jpg,0,2,7.952861778903753e-05,0.34480294585227966,0.655117392539978,1.2424740702954296e-07
/content/yolo_view/test/Cyst/Cyst- (1755).jpg,0,2,0.00022922038624528795,0.44318687915802,0.5565837621688843,1.1953376599649346e-07
/content/yolo_view/test/Cyst/Cyst- (1756).jpg,0,1,0.0002930191403720528,0.5237745642662048,0.47593215107917786,2.4721941827010596e-07
/content/yolo_view/test/Cyst/Cyst- (1757).jpg,0,2,0.00034193709143437445,0.42094701528549194,0.5787108540534973,2.320008860579037e-07
/content/yolo_view/test/Cyst/Cyst- (1758).jpg,0,2,0.00035806698724627495,0.34225502610206604,0.6573866009712219,2.7545434022613335e-07
/content/yolo_view/test/Cyst/Cyst- (1759).jpg,0,2,3.3028667530743405e-05,0.47499799728393555,0.5249689221382141,4.353815086233226e-08
/content/yolo_view/test/Cyst/Cyst- (1760).jpg,0,2,9.764103015186265e-05,0.44055768847465515,0.559344470500946,1.5343030668191204e-07
/content/yolo_view/test/Cyst/Cyst- (1761).jpg,0,2,9.02313768165186e-05,0.33392542600631714,0.6659840941429138,1.6423800275333633e-07
/content/yolo_view/test/Cyst/Cyst- (1762).jpg,0,2,0.0001761644525686279,0.2011014223098755,0.7987222671508789,8.826763320257669e-08
/content/yolo_view/test/Cyst/Cyst- (1763).jpg,0,2,0.0004114912007935345,0.2853544056415558,0.7142338752746582,2.3377639024602104e-07
/content/yolo_view/test/Cyst/Cyst- (1764).jpg,0,2,0.0005367466947063804,0.4654155373573303,0.5340472459793091,4.952037784278218e-07
/content/yolo_view/test/Cyst/Cyst- (1765).jpg,0,1,0.0006579483742825687,0.5065107941627502,0.49282926321029663,1.9644796793727437e-06
/content/yolo_view/test/Cyst/Cyst- (1766).jpg,0,2,0.00010161417594645172,0.4662799537181854,0.533618152141571,3.33834435650715e-07
/content/yolo_view/test/Cyst/Cyst- (1767).jpg,0,1,7.206860755104572e-05,0.6731237769126892,0.3268037438392639,3.798400314281025e-07
/content/yolo_view/test/Cyst/Cyst- (1768).jpg,0,1,6.202028453117236e-05,0.776305079460144,0.22363261878490448,2.5238455236831214e-07
/content/yolo_view/test/Cyst/Cyst- (1769).jpg,0,1,0.00043019087752327323,0.7866386771202087,0.21292990446090698,1.1804193036368815e-06
/content/yolo_view/test/Cyst/Cyst- (1770).jpg,0,1,0.0013880655169487,0.8148394823074341,0.18376891314983368,3.5347445646038977e-06
/content/yolo_view/test/Cyst/Cyst- (1771).jpg,0,1,0.0013023247011005878,0.7342023849487305,0.2644915282726288,3.728138835867867e-06
/content/yolo_view/test/Cyst/Cyst- (1772).jpg,0,1,0.0007699630805291235,0.7637275457382202,0.23550064861774445,1.830754285947478e-06
/content/yolo_view/test/Cyst/Cyst- (1773).jpg,0,1,0.0018097623251378536,0.5419818162918091,0.456205815076828,2.6178961434197845e-06
/content/yolo_view/test/Cyst/Cyst- (1774).jpg,0,1,0.0017841620137915015,0.588384211063385,0.4098290801048279,2.559109361754963e-06
/content/yolo_view/test/Cyst/Cyst- (1775).jpg,0,1,0.0035458076745271683,0.6729389429092407,0.32350942492485046,5.830788722960278e-06
/content/yolo_view/test/Cyst/Cyst- (1776).jpg,0,1,0.010694378986954689,0.5779656767845154,0.41133058071136475,9.393477739649825e-06
/content/yolo_view/test/Cyst/Cyst- (1777).jpg,0,2,0.0504673570394516,0.3757762908935547,0.5737342238426208,2.21071040868992e-05
/content/yolo_view/test/Cyst/Cyst- (1778).jpg,0,1,0.08082155138254166,0.5142035484313965,0.4049539268016815,2.0935649445164017e-05
/content/yolo_view/test/Cyst/Cyst- (1779).jpg,0,1,0.02423594333231449,0.6821871399879456,0.2935692369937897,7.685774107812904e-06
/content/yolo_view/test/Cyst/Cyst- (1780).jpg,0,1,0.007094277534633875,0.8252865076065063,0.16761356592178345,5.69162557439995e-06
/content/yolo_view/test/Cyst/Cyst- (1781).jpg,0,1,0.021494366228580475,0.6800149083137512,0.29848185181617737,8.819853064778727e-06
/content/yolo_view/test/Cyst/Cyst- (1782).jpg,0,1,0.03689970821142197,0.7014555335044861,0.26160311698913574,4.162030745646916e-05
/content/yolo_view/test/Cyst/Cyst- (1783).jpg,0,1,0.02251569554209709,0.6895169615745544,0.287902295589447,6.49974390398711e-05
/content/yolo_view/test/Cyst/Cyst- (1784).jpg,0,1,0.012375918217003345,0.7951371669769287,0.19238437712192535,0.00010254463995806873
/content/yolo_view/test/Cyst/Cyst- (1785).jpg,0,1,0.005835024639964104,0.8301625847816467,0.16391535103321075,8.697589510120451e-05
/content/yolo_view/test/Cyst/Cyst- (1786).jpg,0,1,0.0026757640298455954,0.8759146928787231,0.12137621641159058,3.3335687476210296e-05
/content/yolo_view/test/Cyst/Cyst- (1787).jpg,0,1,0.000783704046625644,0.9482607841491699,0.050924696028232574,3.085906064370647e-05
/content/yolo_view/test/Cyst/Cyst- (1788).jpg,0,1,0.0024610785767436028,0.9206721782684326,0.0768333151936531,3.338844908284955e-05
/content/yolo_view/test/Cyst/Cyst- (1789).jpg,0,1,0.013041713275015354,0.8202424645423889,0.1665686070919037,0.00014727728557772934
/content/yolo_view/test/Cyst/Cyst- (1790).jpg,0,1,0.013266379944980145,0.7645670771598816,0.22182442247867584,0.00034215455525554717
/content/yolo_view/test/Cyst/Cyst- (1791).jpg,0,1,0.029167551547288895,0.6901008486747742,0.28030917048454285,0.0004224464064463973
/content/yolo_view/test/Cyst/Cyst- (1792).jpg,0,1,0.01652899570763111,0.6563135981559753,0.3269752860069275,0.00018216940225102007
/content/yolo_view/test/Cyst/Cyst- (1793).jpg,0,1,0.014024271629750729,0.6522660255432129,0.3335917294025421,0.0001179446408059448
/content/yolo_view/test/Cyst/Cyst- (1794).jpg,0,1,0.030591769143939018,0.594871997833252,0.37427395582199097,0.00026223211898468435
/content/yolo_view/test/Cyst/Cyst- (1795).jpg,0,1,0.07130710780620575,0.5378119945526123,0.39033153653144836,0.0005493987700901926
/content/yolo_view/test/Cyst/Cyst- (1796).jpg,0,1,0.04503234848380089,0.6823375821113586,0.2717099189758301,0.0009201499633491039
/content/yolo_view/test/Cyst/Cyst- (1797).jpg,0,1,0.011350861750543118,0.7676343321800232,0.2205723077058792,0.00044249306665733457
/content/yolo_view/test/Cyst/Cyst- (1798).jpg,0,1,0.005042646080255508,0.8340514898300171,0.16058030724525452,0.00032553408527746797
/content/yolo_view/test/Cyst/Cyst- (1799).jpg,0,1,0.011086035519838333,0.7907596826553345,0.19766385853290558,0.0004904656670987606
/content/yolo_view/test/Cyst/Cyst- (1800).jpg,0,1,0.011092248372733593,0.7263860702514648,0.2622705101966858,0.0002510984777472913
/content/yolo_view/test/Cyst/Cyst- (1801).jpg,0,1,0.02006722055375576,0.6323992609977722,0.34727567434310913,0.00025784975150600076
/content/yolo_view/test/Cyst/Cyst- (1802).jpg,0,1,0.055133357644081116,0.540820837020874,0.40344321727752686,0.0006026356131769717
/content/yolo_view/test/Cyst/Cyst- (1803).jpg,0,1,0.01674630120396614,0.590916097164154,0.39164090156555176,0.0006967680528759956
/content/yolo_view/test/Cyst/Cyst- (1804).jpg,0,2,0.05459589511156082,0.31903547048568726,0.6257331371307373,0.0006354841752909124
/content/yolo_view/test/Cyst/Cyst- (1805).jpg,0,2,0.11098160594701767,0.3246244788169861,0.5634090900421143,0.0009848440531641245
/content/yolo_view/test/Cyst/Cyst- (1806).jpg,0,2,0.15569575130939484,0.3324958086013794,0.5107522010803223,0.0010562324896454811
/content/yolo_view/test/Cyst/Cyst- (1807).jpg,0,1,0.15519559383392334,0.4770587682723999,0.36545950174331665,0.002286188770085573
/content/yolo_view/test/Cyst/Cyst- (1808).jpg,0,2,0.11336086690425873,0.3994918167591095,0.4866361618041992,0.0005111959180794656
/content/yolo_view/test/Cyst/Cyst- (1809).jpg,0,2,0.12563498318195343,0.27936509251594543,0.5947914719581604,0.00020843460515607148
/content/yolo_view/test/Cyst/Cyst- (1810).jpg,0,2,0.14716151356697083,0.153527170419693,0.6992244124412537,8.69298746692948e-05
/content/yolo_view/test/Cyst/Cyst- (1811).jpg,0,2,0.2884652018547058,0.10878625512123108,0.6026501059532166,9.846124157775193e-05
/content/yolo_view/test/Cyst/Cyst- (1812).jpg,0,2,0.27869394421577454,0.18241442739963531,0.5387148857116699,0.0001766994537319988
/content/yolo_view/test/Cyst/Cyst- (1813).jpg,0,0,0.4937137961387634,0.15112800896167755,0.35501378774642944,0.0001444213412469253
/content/yolo_view/test/Cyst/Cyst- (1814).jpg,0,2,0.21206320822238922,0.22396431863307953,0.5638678669929504,0.00010462101636221632
/content/yolo_view/test/Cyst/Cyst- (1815).jpg,0,2,0.08926083147525787,0.30776697397232056,0.6029351949691772,3.694861152325757e-05
/content/yolo_view/test/Cyst/Cyst- (1816).jpg,0,2,0.32444027066230774,0.29310381412506104,0.3823300898075104,0.00012581080954987556
/content/yolo_view/test/Cyst/Cyst- (1817).jpg,0,2,0.4070472717285156,0.13523514568805695,0.45768043398857117,3.720145105035044e-05
/content/yolo_view/test/Cyst/Cyst- (1818).jpg,0,2,0.40442270040512085,0.07435943186283112,0.5211990475654602,1.883875665953383e-05
/content/yolo_view/test/Cyst/Cyst- (1819).jpg,0,2,0.4039818346500397,0.045712292194366455,0.550284206867218,2.167722959711682e-05
/content/yolo_view/test/Cyst/Cyst- (1820).jpg,0,2,0.2961549162864685,0.21711881458759308,0.48648443818092346,0.00024186990049201995
/content/yolo_view/test/Cyst/Cyst- (1821).jpg,0,1,0.21616661548614502,0.46448904275894165,0.31884196400642395,0.0005023885169066489
/content/yolo_view/test/Cyst/Cyst- (1822).jpg,0,2,0.31227409839630127,0.34307506680488586,0.3444192409515381,0.00023153795336838812
/content/yolo_view/test/Cyst/Cyst- (1823).jpg,0,2,0.2733014225959778,0.308156281709671,0.4184514880180359,9.083363693207502e-05
/content/yolo_view/test/Cyst/Cyst- (1824).jpg,0,2,0.3448348045349121,0.16928093135356903,0.48580536246299744,7.89268160588108e-05
/content/yolo_view/test/Cyst/Cyst- (1825).jpg,0,2,0.3092200756072998,0.1381424516439438,0.5525885224342346,4.902025466435589e-05
/content/yolo_view/test/Cyst/Cyst- (1826).jpg,0,2,0.3043247163295746,0.14623822271823883,0.5493807196617126,5.635803609038703e-05
/content/yolo_view/test/Cyst/Cyst- (1827).jpg,0,2,0.18134520947933197,0.2037876844406128,0.6148462891578674,2.0799670892301947e-05
/content/yolo_view/test/Cyst/Cyst- (1828).jpg,0,2,0.24376466870307922,0.1535734385251999,0.6026099920272827,5.196015990804881e-05
/content/yolo_view/test/Cyst/Cyst- (1829).jpg,0,2,0.2190036028623581,0.20947685837745667,0.5714597105979919,5.982144284644164e-05
/content/yolo_view/test/Cyst/Cyst- (1830).jpg,0,2,0.1293724924325943,0.34880250692367554,0.5217273831367493,9.762788249645382e-05
/content/yolo_view/test/Cyst/Cyst- (1831).jpg,0,2,0.14983615279197693,0.23008175194263458,0.6199537515640259,0.00012834301742259413
/content/yolo_view/test/Cyst/Cyst- (1832).jpg,0,2,0.2254164069890976,0.13831423223018646,0.6361321210861206,0.0001372536353301257
/content/yolo_view/test/Cyst/Cyst- (1833).jpg,0,2,0.2491636872291565,0.12439166754484177,0.6263698935508728,7.477457984350622e-05
/content/yolo_view/test/Cyst/Cyst- (1834).jpg,0,2,0.10223835706710815,0.10296273976564407,0.7947661280632019,3.274410482845269e-05
/content/yolo_view/test/Cyst/Cyst- (1835).jpg,0,2,0.1934432089328766,0.09896646440029144,0.707535445690155,5.491295087267645e-05
/content/yolo_view/test/Cyst/Cyst- (1836).jpg,0,2,0.17581796646118164,0.09899656474590302,0.7251433730125427,4.2120642319787294e-05
/content/yolo_view/test/Cyst/Cyst- (1837).jpg,0,2,0.15448421239852905,0.13324758410453796,0.7122090458869934,5.9164314734516665e-05
/content/yolo_view/test/Cyst/Cyst- (1838).jpg,0,2,0.1750519722700119,0.13620832562446594,0.6886534690856934,8.625761984148994e-05
/content/yolo_view/test/Cyst/Cyst- (1839).jpg,0,2,0.29982253909111023,0.1251317858695984,0.5748684406280518,0.00017725001089274883
/content/yolo_view/test/Cyst/Cyst- (1840).jpg,0,0,0.5587455034255981,0.07003992795944214,0.3709021508693695,0.00031239306554198265
/content/yolo_view/test/Cyst/Cyst- (1841).jpg,0,2,0.4513506591320038,0.07711726427078247,0.47125157713890076,0.00028042521444149315
/content/yolo_view/test/Cyst/Cyst- (1842).jpg,0,0,0.6268623471260071,0.0712827742099762,0.3014477491378784,0.000407117186114192
/content/yolo_view/test/Cyst/Cyst- (1843).jpg,0,0,0.7781866192817688,0.08206488192081451,0.138702854514122,0.0010456799063831568
/content/yolo_view/test/Cyst/Cyst- (1844).jpg,0,0,0.4296063184738159,0.3558824062347412,0.21140006184577942,0.0031112059950828552
/content/yolo_view/test/Cyst/Cyst- (1845).jpg,0,0,0.5593786239624023,0.12917618453502655,0.3094969093799591,0.0019482371862977743
/content/yolo_view/test/Cyst/Cyst- (1846).jpg,0,0,0.6464593410491943,0.047500964254140854,0.3054389953613281,0.000600731058511883
/content/yolo_view/test/Cyst/Cyst- (1847).jpg,0,0,0.6300774216651917,0.07283596694469452,0.29619574546813965,0.0008908806485123932
/content/yolo_view/test/Cyst/Cyst- (1848).jpg,0,0,0.7607281804084778,0.017301416024565697,0.22176003456115723,0.00021038456179667264
/content/yolo_view/test/Cyst/Cyst- (1849).jpg,0,0,0.8375678658485413,0.011423835530877113,0.15065525472164154,0.0003531191614456475
/content/yolo_view/test/Cyst/Cyst- (1850).jpg,0,0,0.7206400632858276,0.01727968268096447,0.26144278049468994,0.0006374164950102568
/content/yolo_view/test/Cyst/Cyst- (1851).jpg,0,0,0.7458452582359314,0.023162325844168663,0.23003734648227692,0.0009550260147079825
/content/yolo_view/test/Cyst/Cyst- (1852).jpg,0,0,0.8188830614089966,0.023246068507432938,0.15671557188034058,0.0011553526856005192
/content/yolo_view/test/Cyst/Cyst- (1853).jpg,0,0,0.8653015494346619,0.01948722079396248,0.11478663980960846,0.0004246646712999791
/content/yolo_view/test/Cyst/Cyst- (1854).jpg,0,0,0.8491546511650085,0.00913513358682394,0.141603022813797,0.00010720344289438799
/content/yolo_view/test/Cyst/Cyst- (1855).jpg,0,0,0.9116101861000061,0.015446298755705357,0.07242261618375778,0.0005207934882491827
/content/yolo_view/test/Cyst/Cyst- (1856).jpg,0,0,0.9123708605766296,0.011465728282928467,0.07589676976203918,0.0002666311338543892
/content/yolo_view/test/Cyst/Cyst- (1857).jpg,0,0,0.8176267743110657,0.012320119887590408,0.16989250481128693,0.00016054740990512073
/content/yolo_view/test/Cyst/Cyst- (1858).jpg,0,0,0.8436050415039062,0.00974229909479618,0.14648516476154327,0.0001674505474511534
/content/yolo_view/test/Cyst/Cyst- (1859).jpg,0,0,0.8678035140037537,0.00920755136758089,0.12288601696491241,0.0001028449842124246
/content/yolo_view/test/Cyst/Cyst- (1860).jpg,0,0,0.862985372543335,0.009290565736591816,0.12759104371070862,0.0001329435035586357
/content/yolo_view/test/Cyst/Cyst- (1861).jpg,0,0,0.8805933594703674,0.004144824109971523,0.11518502980470657,7.681022543692961e-05
/content/yolo_view/test/Cyst/Cyst- (1862).jpg,0,0,0.8734344840049744,0.004910749848932028,0.12153226137161255,0.00012245052494108677
/content/yolo_view/test/Cyst/Cyst- (1863).jpg,0,0,0.8924097418785095,0.009235061705112457,0.09778337180614471,0.00057181715965271
/content/yolo_view/test/Cyst/Cyst- (1864).jpg,0,0,0.9190113544464111,0.009847025386989117,0.07010602205991745,0.0010355509584769607
/content/yolo_view/test/Cyst/Cyst- (1865).jpg,0,0,0.9378835558891296,0.00810269545763731,0.05266129970550537,0.00135235080961138
/content/yolo_view/test/Cyst/Cyst- (1866).jpg,0,0,0.9600796103477478,0.002794169122353196,0.03687180206179619,0.00025447108782827854
/content/yolo_view/test/Cyst/Cyst- (1867).jpg,0,0,0.9499585628509521,0.002973269671201706,0.04686959460377693,0.00019860710017383099
/content/yolo_view/test/Cyst/Cyst- (1868).jpg,0,0,0.9245409965515137,0.0015121587784960866,0.07381756603717804,0.00012920968583784997
/content/yolo_view/test/Cyst/Cyst- (1869).jpg,0,0,0.8707872629165649,0.0021115096751600504,0.1269632875919342,0.00013801241584587842
/content/yolo_view/test/Cyst/Cyst- (1870).jpg,0,0,0.7774102687835693,0.0052129775285720825,0.21718710660934448,0.00018963549518957734
/content/yolo_view/test/Cyst/Cyst- (1871).jpg,0,0,0.8057616353034973,0.004746333230286837,0.18928742408752441,0.00020457855134736747
/content/yolo_view/test/Cyst/Cyst- (1872).jpg,0,0,0.8635984659194946,0.00383236282505095,0.1320279985666275,0.0005410843878053129
/content/yolo_view/test/Cyst/Cyst- (1873).jpg,0,0,0.8055766820907593,0.008221615105867386,0.18422524631023407,0.0019763996824622154
/content/yolo_view/test/Cyst/Cyst- (1874).jpg,0,0,0.8349364995956421,0.006053675431758165,0.1564740687608719,0.0025357496924698353
/content/yolo_view/test/Cyst/Cyst- (1875).jpg,0,0,0.8828082084655762,0.002948726760223508,0.11324094235897064,0.0010021961061283946
/content/yolo_view/test/Cyst/Cyst- (1876).jpg,0,0,0.8539289832115173,0.0010689754271879792,0.14483456313610077,0.00016744805907364935
/content/yolo_view/test/Cyst/Cyst- (1877).jpg,0,0,0.9556509256362915,0.00014674561680294573,0.04414188489317894,6.044332985766232e-05
/content/yolo_view/test/Cyst/Cyst- (1878).jpg,0,0,0.9752538800239563,9.420985588803887e-05,0.02460508421063423,4.683814768213779e-05
/content/yolo_view/test/Cyst/Cyst- (1879).jpg,0,0,0.9841124415397644,8.815639012027532e-05,0.015746496617794037,5.285407314659096e-05
/content/yolo_view/test/Cyst/Cyst- (1880).jpg,0,0,0.9797811508178711,0.0003385725722182542,0.01968316361308098,0.00019703303405549377
/content/yolo_view/test/Cyst/Cyst- (1881).jpg,0,0,0.9218689203262329,0.002280285581946373,0.07525287568569183,0.0005978642147965729
/content/yolo_view/test/Cyst/Cyst- (1882).jpg,0,0,0.9246900677680969,0.0010441237827762961,0.07408792525529861,0.00017788205877877772
/content/yolo_view/test/Cyst/Cyst- (1883).jpg,0,0,0.9435756206512451,0.0018404455622658134,0.05408965051174164,0.0004942678497172892
/content/yolo_view/test/Cyst/Cyst- (1884).jpg,0,0,0.9448361992835999,0.002716667950153351,0.051616813987493515,0.0008303364738821983
/content/yolo_view/test/Cyst/Cyst- (1885).jpg,0,0,0.9853576421737671,0.0006572474958375096,0.013876250013709068,0.00010879280307563022
/content/yolo_view/test/Cyst/Cyst- (1886).jpg,0,0,0.9701778888702393,0.0003455409314483404,0.029436105862259865,4.046555477543734e-05
/content/yolo_view/test/Cyst/Cyst- (1887).jpg,0,0,0.9451317191123962,0.0007813001284375787,0.05400121212005615,8.577073458582163e-05
/content/yolo_view/test/Cyst/Cyst- (1888).jpg,0,0,0.9448764324188232,0.0016714290250092745,0.05320264771580696,0.0002494707878213376
/content/yolo_view/test/Cyst/Cyst- (1889).jpg,0,0,0.9560024738311768,0.0038743752520531416,0.03917960450053215,0.0009435432148166001
/content/yolo_view/test/Cyst/Cyst- (1890).jpg,0,0,0.9656296372413635,0.004109308589249849,0.028851661831140518,0.001409446820616722
/content/yolo_view/test/Cyst/Cyst- (1891).jpg,0,0,0.9611480236053467,0.006710931193083525,0.031023899093270302,0.0011171932565048337
/content/yolo_view/test/Cyst/Cyst- (1892).jpg,0,0,0.9086139798164368,0.02017875574529171,0.06948123127222061,0.0017260921886190772
/content/yolo_view/test/Cyst/Cyst- (1893).jpg,0,0,0.905140221118927,0.018329771235585213,0.07539565861225128,0.0011342433281242847
/content/yolo_view/test/Cyst/Cyst- (1894).jpg,0,0,0.8055118322372437,0.0666830763220787,0.1266527622938156,0.0011524027213454247
/content/yolo_view/test/Cyst/Cyst- (1895).jpg,0,0,0.7662984132766724,0.05386006459593773,0.17909176647663116,0.0007498384802602232
/content/yolo_view/test/Cyst/Cyst- (1896).jpg,0,0,0.5728397965431213,0.08117621392011642,0.3449169099330902,0.0010671453783288598
/content/yolo_view/test/Cyst/Cyst- (1897).jpg,0,2,0.3631899058818817,0.17051053047180176,0.4629037380218506,0.0033958444837480783
/content/yolo_view/test/Cyst/Cyst- (1898).jpg,0,2,0.38554826378822327,0.16887880861759186,0.4413972496986389,0.004175748210400343
/content/yolo_view/test/Cyst/Cyst- (1899).jpg,0,0,0.5542178153991699,0.12734463810920715,0.31152254343032837,0.0069150160998106
/content/yolo_view/test/Cyst/Cyst- (1900).jpg,0,0,0.7337121367454529,0.1065823957324028,0.14957715570926666,0.010128360241651535
/content/yolo_view/test/Cyst/Cyst- (1901).jpg,0,0,0.5593253970146179,0.22514770925045013,0.20738054811954498,0.008146394044160843
/content/yolo_view/test/Cyst/Cyst- (1902).jpg,0,0,0.5764034986495972,0.18650124967098236,0.22509941458702087,0.01199584174901247
/content/yolo_view/test/Cyst/Cyst- (1903).jpg,0,0,0.5793365836143494,0.13200563192367554,0.2660580277442932,0.02259976789355278
/content/yolo_view/test/Cyst/Cyst- (1904).jpg,0,0,0.5659740567207336,0.1716945469379425,0.23509186506271362,0.02723950520157814
/content/yolo_view/test/Cyst/Cyst- (1905).jpg,0,0,0.7258705496788025,0.06853201240301132,0.19976581633090973,0.005831615999341011
/content/yolo_view/test/Cyst/Cyst- (1906).jpg,0,0,0.675078272819519,0.07178919017314911,0.24841125309467316,0.0047212629579007626
/content/yolo_view/test/Cyst/Cyst- (1907).jpg,0,0,0.7401930093765259,0.030623260885477066,0.22502845525741577,0.004155225586146116
/content/yolo_view/test/Cyst/Cyst- (1908).jpg,0,0,0.7582041621208191,0.01764373667538166,0.22116754949092865,0.0029845230747014284
/content/yolo_view/test/Cyst/Cyst- (1909).jpg,0,0,0.783578097820282,0.01623951643705368,0.1983068585395813,0.0018755670171231031
/content/yolo_view/test/Cyst/Cyst- (1910).jpg,0,0,0.7860549092292786,0.016298599541187286,0.19628292322158813,0.0013635506620630622
/content/yolo_view/test/Cyst/Cyst- (1911).jpg,0,0,0.7697573304176331,0.019863435998558998,0.20896953344345093,0.0014097098028287292
/content/yolo_view/test/Cyst/Cyst- (1912).jpg,0,0,0.7115484476089478,0.035014573484659195,0.25101321935653687,0.00242371903732419
/content/yolo_view/test/Cyst/Cyst- (1913).jpg,0,0,0.7419062852859497,0.08047249168157578,0.16954554617404938,0.008075680583715439
/content/yolo_view/test/Cyst/Cyst- (1914).jpg,0,0,0.7505759000778198,0.08873692154884338,0.1437191367149353,0.01696801744401455
/content/yolo_view/test/Cyst/Cyst- (1915).jpg,0,0,0.6596963405609131,0.14478538930416107,0.14966490864753723,0.04585340991616249
/content/yolo_view/test/Cyst/Cyst- (1916).jpg,0,0,0.8023855686187744,0.07640223950147629,0.09481620043516159,0.02639603801071644
/content/yolo_view/test/Cyst/Cyst- (1917).jpg,0,0,0.871214747428894,0.04805522412061691,0.06440839916467667,0.016321642324328423
/content/yolo_view/test/Cyst/Cyst- (1918).jpg,0,0,0.602537989616394,0.24525520205497742,0.10257704555988312,0.049629781395196915
/content/yolo_view/test/Cyst/Cyst- (1919).jpg,0,0,0.6090075969696045,0.2040783017873764,0.16078676283359528,0.026127351447939873
/content/yolo_view/test/Cyst/Cyst- (1920).jpg,0,0,0.7169036865234375,0.14201483130455017,0.11903465539216995,0.022046836093068123
/content/yolo_view/test/Cyst/Cyst- (1921).jpg,0,0,0.7635992169380188,0.12365546822547913,0.0951790064573288,0.017566269263625145
/content/yolo_view/test/Cyst/Cyst- (2).jpg,0,0,0.9913152456283569,5.39574473990001e-09,0.008684775792062283,1.6826033621963887e-10
/content/yolo_view/test/Cyst/Cyst- (201).jpg,0,0,0.9999866485595703,3.0356298030831397e-10,1.3293920346768573e-05,3.7049672219069407e-09
/content/yolo_view/test/Cyst/Cyst- (202).jpg,0,0,0.9999991655349731,1.8469966875378496e-11,8.937999496083648e-07,4.206825165997685e-10
/content/yolo_view/test/Cyst/Cyst- (203).jpg,0,0,0.9999996423721313,1.0784502631200343e-11,3.0635558800895524e-07,1.054236350994664e-10
/content/yolo_view/test/Cyst/Cyst- (204).jpg,0,0,0.9999998807907104,6.9924391797593355e-12,1.3465741233176232e-07,1.163337898235639e-10
/content/yolo_view/test/Cyst/Cyst- (2277).jpg,0,0,1.0,6.67199653273283e-14,8.988009446951606e-13,2.6054945215779092e-15
/content/yolo_view/test/Cyst/Cyst- (2278).jpg,0,0,1.0,1.0700344961218217e-13,2.5848919359139355e-12,4.925797708496505e-15
/content/yolo_view/test/Cyst/Cyst- (2279).jpg,0,0,1.0,2.002507968473788e-12,1.4625791897038276e-11,3.257854733597701e-14
/content/yolo_view/test/Cyst/Cyst- (2280).jpg,0,0,1.0,2.6117580320672573e-12,5.045012584775632e-12,1.7865229288331966e-14
/content/yolo_view/test/Cyst/Cyst- (2281).jpg,0,0,1.0,5.420926294658068e-13,1.7748379805768155e-12,4.989340002617155e-15
/content/yolo_view/test/Cyst/Cyst- (2282).jpg,0,0,1.0,7.429154947474759e-13,1.7074538397748862e-12,1.6375399978065322e-14
/content/yolo_view/test/Cyst/Cyst- (2283).jpg,0,0,1.0,9.975108239412833e-11,4.928436565104777e-12,1.3221539748448086e-12
/content/yolo_view/test/Cyst/Cyst- (2284).jpg,0,0,1.0,3.582012464420359e-11,2.1116528664544276e-11,5.913294214097281e-14
/content/yolo_view/test/Cyst/Cyst- (2285).jpg,0,0,1.0,3.0430762076871787e-12,6.460982790446046e-12,1.963567002611212e-15
/content/yolo_view/test/Cyst/Cyst- (2286).jpg,0,0,1.0,1.821507354671237e-12,5.7052019358794226e-12,1.3424689555537397e-14
/content/yolo_view/test/Cyst/Cyst- (2287).jpg,0,0,1.0,5.313458562028472e-10,2.0953848378635342e-10,6.429164926130548e-13
/content/yolo_view/test/Cyst/Cyst- (2424).jpg,0,0,0.9999613761901855,9.969679126697883e-08,3.8258385757217184e-05,3.165817190620146e-07
/content/yolo_view/test/Cyst/Cyst- (2425).jpg,0,0,0.9998760223388672,2.109163403929415e-07,0.00012227390834596008,1.4885282553223078e-06
/content/yolo_view/test/Cyst/Cyst- (2426).jpg,0,0,0.9996237754821777,3.3126289622487093e-07,0.0003733002522494644,2.504772282918566e-06
/content/yolo_view/test/Cyst/Cyst- (2427).jpg,0,0,0.9997861981391907,3.2470248356730735e-07,0.00021234271116554737,1.0607010381136206e-06
/content/yolo_view/test/Cyst/Cyst- (2428).jpg,0,0,0.9999287128448486,1.0484783530273489e-07,7.088379061315209e-05,2.1738304667451303e-07
/content/yolo_view/test/Cyst/Cyst- (2429).jpg,0,0,0.9999804496765137,3.392795022705286e-08,1.9471624909783714e-05,5.420679016765462e-08
/content/yolo_view/test/Cyst/Cyst- (2430).jpg,0,0,0.9999951124191284,4.5944235083084095e-09,4.855769020650769e-06,1.2199725674122419e-08
/content/yolo_view/test/Cyst/Cyst- (2431).jpg,0,0,0.9999954700469971,1.539580551934705e-08,4.533791980065871e-06,1.3046377311809465e-08
/content/yolo_view/test/Cyst/Cyst- (2432).jpg,0,0,0.999994158744812,1.4405626025393303e-08,5.833294835611014e-06,1.2737360499670558e-08
/content/yolo_view/test/Cyst/Cyst- (255).jpg,0,2,0.07200826704502106,5.145505355130808e-08,0.9279916882514954,1.708815554335441e-11
/content/yolo_view/test/Cyst/Cyst- (256).jpg,0,2,0.10199915617704391,2.0295205160891783e-07,0.8980005979537964,1.0869152106129931e-10
/content/yolo_view/test/Cyst/Cyst- (257).jpg,0,2,0.09023548662662506,1.105515821109293e-07,0.9097643494606018,5.895220422935665e-11
/content/yolo_view/test/Cyst/Cyst- (2571).jpg,0,0,1.0,5.2870654521086635e-09,2.1920799397889823e-08,1.5972568823130473e-09
/content/yolo_view/test/Cyst/Cyst- (2572).jpg,0,0,1.0,3.6629836941415306e-09,1.6654180257091866e-08,5.031708383285149e-10
/content/yolo_view/test/Cyst/Cyst- (2573).jpg,0,0,1.0,5.626044963236154e-09,8.233935311352525e-09,2.4376856089247667e-10
/content/yolo_view/test/Cyst/Cyst- (2574).jpg,0,0,1.0,1.1439802882762251e-08,8.04312083602099e-09,1.5310992751427221e-10
/content/yolo_view/test/Cyst/Cyst- (2575).jpg,0,0,1.0,2.480115890435286e-09,3.435978390697869e-09,2.597299320061808e-10
/content/yolo_view/test/Cyst/Cyst- (2576).jpg,0,0,1.0,1.917980885224324e-09,3.296932282736975e-09,6.118436313151676e-10
/content/yolo_view/test/Cyst/Cyst- (2577).jpg,0,0,1.0,7.831049142481561e-10,4.742080061959086e-09,9.306770354378102e-10
/content/yolo_view/test/Cyst/Cyst- (2578).jpg,0,0,1.0,7.340775903807994e-11,8.474379531442366e-10,5.455745299975945e-10
/content/yolo_view/test/Cyst/Cyst- (2579).jpg,0,0,1.0,3.307598639423759e-11,8.146622820781602e-10,5.56843571253296e-10
/content/yolo_view/test/Cyst/Cyst- (258).jpg,0,2,0.13614003360271454,2.9948060387141595e-07,0.8638597130775452,2.8821087183494853e-10
/content/yolo_view/test/Cyst/Cyst- (2580).jpg,0,0,1.0,8.737729290109186e-11,3.174961626939421e-09,7.845656346816554e-10
/content/yolo_view/test/Cyst/Cyst- (2581).jpg,0,0,1.0,7.914237043493699e-10,3.5441104273559176e-08,1.7271747365654733e-09
/content/yolo_view/test/Cyst/Cyst- (2582).jpg,0,0,1.0,8.246316407500842e-10,5.157978222314341e-08,3.4311322671953803e-09
/content/yolo_view/test/Cyst/Cyst- (259).jpg,0,2,0.12526294589042664,5.324958465280361e-07,0.8747365474700928,8.695922315560267e-10
/content/yolo_view/test/Cyst/Cyst- (2595).jpg,0,0,0.9997428059577942,9.281091450930035e-09,1.095929462735512e-07,0.00025701840058900416
/content/yolo_view/test/Cyst/Cyst- (260).jpg,0,2,0.27453893423080444,2.2937629182706587e-06,0.7254587411880493,5.233321775932609e-09
/content/yolo_view/test/Cyst/Cyst- (261).jpg,0,2,0.3194619417190552,5.1680322030733805e-06,0.6805328726768494,6.737547408874889e-09
/content/yolo_view/test/Cyst/Cyst- (262).jpg,0,2,0.4690615236759186,7.695483873249032e-06,0.530930757522583,1.0708985698215656e-08
/content/yolo_view/test/Cyst/Cyst- (2657).jpg,0,0,0.9999932050704956,4.0048267480052857e-10,6.503371878352482e-06,2.6962078436554293e-07
/content/yolo_view/test/Cyst/Cyst- (2658).jpg,0,0,0.9999895095825195,4.1739195433265763e-10,1.0345695955038536e-05,1.4544133364324807e-07
/content/yolo_view/test/Cyst/Cyst- (2659).jpg,0,0,0.9999889135360718,5.170286976330374e-10,1.100501322071068e-05,1.4042144869108597e-07
/content/yolo_view/test/Cyst/Cyst- (2660).jpg,0,0,0.9999841451644897,6.305445054977099e-10,1.578466617502272e-05,1.0540829009642039e-07
/content/yolo_view/test/Cyst/Cyst- (2661).jpg,0,0,0.9999845027923584,3.11360326410437e-10,1.5342395272455178e-05,7.521678924149455e-08
/content/yolo_view/test/Cyst/Cyst- (2735).jpg,0,0,1.0,8.047231500954433e-13,4.5101122836399554e-09,3.5898045647186905e-10
/content/yolo_view/test/Cyst/Cyst- (2736).jpg,0,0,1.0,2.919233648215891e-12,8.835577602894773e-09,6.038383681961079e-10
/content/yolo_view/test/Cyst/Cyst- (2737).jpg,0,0,1.0,1.9272925269597785e-12,1.1912677067016375e-08,8.232200338076368e-11
/content/yolo_view/test/Cyst/Cyst- (2738).jpg,0,0,1.0,4.6302441047973986e-12,1.602081489693319e-08,3.06242964320802e-09
/content/yolo_view/test/Cyst/Cyst- (2739).jpg,0,0,1.0,1.703148212739425e-11,1.4710979101550947e-08,2.7241982891723637e-08
/content/yolo_view/test/Cyst/Cyst- (2740).jpg,0,0,1.0,3.869407398660041e-12,2.7723794371325994e-09,1.044528374904985e-08
/content/yolo_view/test/Cyst/Cyst- (2925).jpg,0,0,0.9999996423721313,6.441547599142505e-13,3.1063856908986054e-07,2.1983973752526254e-08
/content/yolo_view/test/Cyst/Cyst- (2926).jpg,0,0,0.9999998807907104,4.536321134267912e-13,1.7724792655826604e-07,3.1264713040712877e-09
/content/yolo_view/test/Cyst/Cyst- (2927).jpg,0,0,0.9999992847442627,1.4765754808090947e-12,7.394001499960723e-07,1.8870160989337137e-09
/content/yolo_view/test/Cyst/Cyst- (2928).jpg,0,0,0.9999992847442627,2.1358776292751402e-12,7.739777174720075e-07,6.065335345084577e-09
/content/yolo_view/test/Cyst/Cyst- (2929).jpg,0,0,0.9999998807907104,6.994729773689146e-13,1.743597266568031e-07,8.464044576328433e-09
/content/yolo_view/test/Cyst/Cyst- (2930).jpg,0,0,0.9999991655349731,4.245642032385533e-12,8.797305781627074e-07,8.265067741319854e-09
/content/yolo_view/test/Cyst/Cyst- (2931).jpg,0,0,0.9999994039535522,5.303456892397085e-12,4.7354251364595257e-07,6.419008258262693e-08
/content/yolo_view/test/Cyst/Cyst- (2932).jpg,0,0,0.9999988079071045,1.4611798099598006e-12,1.2141782690378022e-06,7.71950858791115e-09
/content/yolo_view/test/Cyst/Cyst- (2933).jpg,0,0,0.9999954700469971,2.0373234349557734e-11,4.586250270222081e-06,1.23347811964436e-08
/content/yolo_view/test/Cyst/Cyst- (2934).jpg,0,0,0.9999949932098389,4.932608488328327e-11,5.0657968131417874e-06,2.0009405687915205e-08
/content/yolo_view/test/Cyst/Cyst- (2935).jpg,0,0,0.9999957084655762,1.0174925138550783e-11,4.332302069087746e-06,2.0382676879648898e-08
/content/yolo_view/test/Cyst/Cyst- (2938).jpg,0,0,0.9999958276748657,5.587269362450353e-12,4.154752787144389e-06,2.701501244928295e-09
/content/yolo_view/test/Cyst/Cyst- (2939).jpg,0,0,0.9999867677688599,9.10510642576634e-12,1.3257256796350703e-05,1.678149841310983e-09
/content/yolo_view/test/Cyst/Cyst- (2940).jpg,0,0,0.9999955892562866,6.582456368170453e-12,4.449549123819452e-06,2.417248401442862e-09
/content/yolo_view/test/Cyst/Cyst- (2941).jpg,0,0,0.9999979734420776,1.9543297102159185e-12,2.070759592243121e-06,7.286500847136779e-10
/content/yolo_view/test/Cyst/Cyst- (2942).jpg,0,0,0.9999978542327881,2.5261975671042602e-12,2.1899336388742086e-06,3.1581524062573862e-09
/content/yolo_view/test/Cyst/Cyst- (2943).jpg,0,0,0.9999983310699463,2.778765715791276e-12,1.7021756093527074e-06,4.851398394123407e-09
/content/yolo_view/test/Cyst/Cyst- (2944).jpg,0,0,0.9999889135360718,1.501238716672404e-11,1.1059639291488566e-05,1.0269491035330702e-08
/content/yolo_view/test/Cyst/Cyst- (2945).jpg,0,0,0.9999986886978149,3.2450908279968438e-12,1.2895469581053476e-06,1.8559470404966305e-08
/content/yolo_view/test/Cyst/Cyst- (2946).jpg,0,0,0.9999974966049194,1.1818866198221034e-11,2.328975824639201e-06,1.6464848329178494e-07
/content/yolo_view/test/Cyst/Cyst- (2947).jpg,0,0,0.999998927116394,1.7052226601241283e-12,8.917010063669295e-07,1.9662732597680588e-07
/content/yolo_view/test/Cyst/Cyst- (2948).jpg,0,0,0.9999986886978149,1.1714670032636487e-12,1.2204774293422815e-06,1.669959175387703e-07
/content/yolo_view/test/Cyst/Cyst- (2949).jpg,0,0,0.9999995231628418,3.721055310667437e-13,3.914959449957678e-07,8.634623327452573e-08
/content/yolo_view/test/Cyst/Cyst- (2950).jpg,0,0,0.9999986886978149,1.4186760490322858e-12,7.80255959398346e-07,4.812412157662038e-07
/content/yolo_view/test/Cyst/Cyst- (2951).jpg,0,0,0.9999971389770508,1.088167056462197e-11,2.4198234314098954e-06,4.930409431835869e-07
/content/yolo_view/test/Cyst/Cyst- (2952).jpg,0,0,0.9999957084655762,3.4654196179317864e-11,3.119568418696872e-06,1.21818868592527e-06
/content/yolo_view/test/Cyst/Cyst- (2953).jpg,0,0,0.9999823570251465,5.279955361814359e-10,1.3940953976998571e-05,3.7166676065680804e-06
/content/yolo_view/test/Cyst/Cyst- (3).jpg,0,0,0.996853768825531,1.0809102501951884e-09,0.0031462153419852257,1.1457933907221829e-10
/content/yolo_view/test/Cyst/Cyst- (3154).jpg,0,0,0.9986916184425354,1.2596260035024898e-08,0.0013064362574368715,1.8590642412164016e-06
/content/yolo_view/test/Cyst/Cyst- (3155).jpg,0,0,0.9968727231025696,2.7961391424469184e-08,0.0031220961827784777,5.1954125410702545e-06
/content/yolo_view/test/Cyst/Cyst- (3185).jpg,0,0,0.9997770190238953,3.4521302483270233e-10,0.00022289378102868795,1.7284885700519226e-07
/content/yolo_view/test/Cyst/Cyst- (3186).jpg,0,0,0.999825656414032,2.7205102753891097e-11,0.0001743321045069024,1.4749203636199582e-08
/content/yolo_view/test/Cyst/Cyst- (3187).jpg,0,0,0.9999067783355713,9.151390062411835e-11,9.316493378719315e-05,3.4183251784725144e-08
/content/yolo_view/test/Cyst/Cyst- (3188).jpg,0,0,0.99998939037323,1.8415474006827637e-11,1.0569675396254752e-05,3.994951214281173e-08
/content/yolo_view/test/Cyst/Cyst- (3189).jpg,0,0,0.9999592304229736,2.2384842243705627e-11,4.061129584442824e-05,7.771399168632342e-08
/content/yolo_view/test/Cyst/Cyst- (3190).jpg,0,0,0.9999358654022217,5.11357033106119e-11,6.410136847989634e-05,4.4366736062784184e-08
/content/yolo_view/test/Cyst/Cyst- (3191).jpg,0,0,0.9999717473983765,2.158277549735299e-11,2.8207863579154946e-05,1.3617118987951926e-08
/content/yolo_view/test/Cyst/Cyst- (3192).jpg,0,0,0.9999798536300659,2.9118454609317057e-12,2.015787504205946e-05,2.7948573233516072e-08
/content/yolo_view/test/Cyst/Cyst- (3193).jpg,0,0,0.9999724626541138,3.071647320176951e-12,2.7400679755373858e-05,1.2125164516874065e-07
/content/yolo_view/test/Cyst/Cyst- (3194).jpg,0,0,0.9999727010726929,4.749211440779888e-12,2.6709953090175986e-05,5.775388558504346e-07
/content/yolo_view/test/Cyst/Cyst- (3195).jpg,0,0,0.9999030828475952,4.6081603810588234e-11,9.654980385676026e-05,4.027743614187784e-07
/content/yolo_view/test/Cyst/Cyst- (3196).jpg,0,0,0.9999508857727051,2.3301366045003213e-11,4.8486712330486625e-05,5.409000323197688e-07
/content/yolo_view/test/Cyst/Cyst- (3197).jpg,0,0,0.9999440908432007,1.347503358894997e-11,5.580125798587687e-05,9.47644238635803e-08
/content/yolo_view/test/Cyst/Cyst- (3198).jpg,0,0,0.9999207258224487,3.825485067610046e-11,7.908348925411701e-05,1.8457163264429255e-07
/content/yolo_view/test/Cyst/Cyst- (3199).jpg,0,0,0.9998921155929565,1.2804445004288567e-10,0.00010741504956968129,4.912283770863723e-07
/content/yolo_view/test/Cyst/Cyst- (3200).jpg,0,0,0.9999048709869385,1.2466236376518225e-10,9.475182014284655e-05,3.067249849664222e-07
/content/yolo_view/test/Cyst/Cyst- (3201).jpg,0,0,0.9999761581420898,7.651149852572203e-11,2.342971129110083e-05,3.320221253488853e-07
/content/yolo_view/test/Cyst/Cyst- (3202).jpg,0,0,0.9999790191650391,1.6396333943347052e-11,2.0702769688796252e-05,2.7655852363750455e-07
/content/yolo_view/test/Cyst/Cyst- (3203).jpg,0,0,0.9999619722366333,4.228940548439697e-12,3.807826215052046e-05,1.8673407709002277e-08
/content/yolo_view/test/Cyst/Cyst- (3204).jpg,0,0,0.9999929666519165,2.4597856303903987e-12,7.025699687801534e-06,4.57692337363369e-08
/content/yolo_view/test/Cyst/Cyst- (3205).jpg,0,0,0.9999945163726807,6.8946116177359684e-12,4.64003687739023e-06,8.775319315645902e-07
/content/yolo_view/test/Cyst/Cyst- (3206).jpg,0,0,0.9999850988388062,1.6921011466997093e-11,1.4508687854686286e-05,3.8204234442673624e-07
/content/yolo_view/test/Cyst/Cyst- (324).jpg,0,0,0.9999885559082031,4.96359682244929e-08,1.1456206266302615e-05,7.3393278121614e-09
/content/yolo_view/test/Cyst/Cyst- (325).jpg,0,0,0.9999635219573975,1.6261630264580162e-07,3.630217179306783e-05,1.2168942298274033e-08
/content/yolo_view/test/Cyst/Cyst- (3251).jpg,0,0,0.9999957084655762,1.9222308467181648e-10,4.245498530508485e-06,1.1025549362386755e-09
/content/yolo_view/test/Cyst/Cyst- (3252).jpg,0,0,0.9999943971633911,4.382034457517392e-10,5.6323729040741455e-06,2.4843442858468734e-09
/content/yolo_view/test/Cyst/Cyst- (3253).jpg,0,0,0.9999939203262329,4.453247215430167e-10,6.087454494263511e-06,4.112405083134263e-09
/content/yolo_view/test/Cyst/Cyst- (3254).jpg,0,0,0.9999966621398926,9.557615116007057e-11,3.3692415399855236e-06,3.6094924826812758e-09
/content/yolo_view/test/Cyst/Cyst- (3255).jpg,0,0,0.9999971389770508,1.404909799607168e-10,2.8584988740476547e-06,6.821962106329238e-09
/content/yolo_view/test/Cyst/Cyst- (3256).jpg,0,0,0.9999955892562866,2.668407161898756e-10,4.439851181814447e-06,9.346457829906285e-09
/content/yolo_view/test/Cyst/Cyst- (3257).jpg,0,0,0.99998939037323,6.049628020754483e-10,1.0608745469653513e-05,1.532267823733946e-08
/content/yolo_view/test/Cyst/Cyst- (3258).jpg,0,0,0.999975323677063,8.308126409062311e-10,2.4693028535693884e-05,1.911933367182428e-08
/content/yolo_view/test/Cyst/Cyst- (3259).jpg,0,0,0.9999854564666748,6.251791306866039e-10,1.4545488738804124e-05,9.22370624323321e-09
/content/yolo_view/test/Cyst/Cyst- (326).jpg,0,0,0.9999837875366211,2.3615834265910962e-07,1.5935826013446786e-05,8.719349686714395e-09
/content/yolo_view/test/Cyst/Cyst- (3260).jpg,0,0,0.9999512434005737,4.023295474553379e-09,4.862560308538377e-05,6.656362216972411e-08
/content/yolo_view/test/Cyst/Cyst- (3261).jpg,0,0,0.999893307685852,2.0033565917287888e-08,0.00010653831850504503,1.401541140921836e-07
/content/yolo_view/test/Cyst/Cyst- (3262).jpg,0,0,0.9999271631240845,2.297708512344343e-08,7.256824028445408e-05,1.5752505078125978e-07
/content/yolo_view/test/Cyst/Cyst- (3263).jpg,0,0,0.9999415874481201,1.613158140401083e-08,5.814689939143136e-05,1.7111011629822315e-07
/content/yolo_view/test/Cyst/Cyst- (3264).jpg,0,0,0.9999699592590332,4.178770662832676e-09,3.0074030291871168e-05,3.52119613467039e-08
/content/yolo_view/test/Cyst/Cyst- (3265).jpg,0,0,0.9999417066574097,1.0222514390534343e-08,5.83026630920358e-05,2.0869606487394776e-08
/content/yolo_view/test/Cyst/Cyst- (3266).jpg,0,0,0.9998741149902344,1.9504684090065894e-08,0.0001259113196283579,2.703962564964968e-08
/content/yolo_view/test/Cyst/Cyst- (3267).jpg,0,0,0.9998722076416016,9.206743101231041e-08,0.00012761536345351487,5.2462542754483366e-08
/content/yolo_view/test/Cyst/Cyst- (327).jpg,0,0,0.9999701976776123,3.504840861978664e-08,2.983755257446319e-05,8.529704054183185e-09
/content/yolo_view/test/Cyst/Cyst- (3271).jpg,0,0,0.9999459981918335,1.9155147583660437e-06,5.1490576879587024e-05,6.400440497600357e-07
/content/yolo_view/test/Cyst/Cyst- (3272).jpg,0,0,0.9999099969863892,2.521445310321724e-07,8.954769873525947e-05,2.542438153341209e-07
/content/yolo_view/test/Cyst/Cyst- (3375).jpg,0,0,1.0,3.072382990532874e-19,2.577819624427491e-10,8.644969799165609e-17
/content/yolo_view/test/Cyst/Cyst- (3376).jpg,0,0,1.0,8.121064866601676e-19,2.211142102748198e-10,3.223927570049259e-16
/content/yolo_view/test/Cyst/Cyst- (3377).jpg,0,0,1.0,4.46303283250243e-19,2.3249116520851487e-10,3.692233160693746e-17
/content/yolo_view/test/Cyst/Cyst- (3378).jpg,0,0,1.0,3.6673096886184664e-21,1.6074998970827536e-11,8.765569878702727e-19
/content/yolo_view/test/Cyst/Cyst- (3379).jpg,0,0,1.0,3.1660457886655954e-18,3.623194244628536e-10,6.246797046991132e-16
/content/yolo_view/test/Cyst/Cyst- (3396).jpg,0,0,1.0,1.7512826524582734e-15,1.4629998545956369e-08,1.5542103787633118e-15
/content/yolo_view/test/Cyst/Cyst- (3397).jpg,0,0,0.9999998807907104,1.839339227802106e-13,9.767661879322986e-08,2.1569081427603304e-13
/content/yolo_view/test/Cyst/Cyst- (3398).jpg,0,0,0.9999996423721313,3.3223009304576834e-13,3.6644499346039083e-07,2.8057479842073796e-13
/content/yolo_view/test/Cyst/Cyst- (3399).jpg,0,0,0.9999998807907104,5.721138352562244e-14,1.3173593060855637e-07,1.4920474523862776e-13
/content/yolo_view/test/Cyst/Cyst- (3400).jpg,0,0,0.9999997615814209,3.925102159529209e-13,2.3824644301839726e-07,6.298946824204177e-13
/content/yolo_view/test/Cyst/Cyst- (3401).jpg,0,0,1.0,3.102400132040835e-14,3.0926596839009335e-09,8.847258456444809e-14
/content/yolo_view/test/Cyst/Cyst- (3402).jpg,0,0,1.0,3.0238249512822e-13,3.133954251666182e-08,2.733691745193667e-12
/content/yolo_view/test/Cyst/Cyst- (3406).jpg,0,0,1.0,1.4312685758799404e-10,1.653507730736692e-08,1.8181784203208373e-12
/content/yolo_view/test/Cyst/Cyst- (3407).jpg,0,0,1.0,2.904296803052375e-10,3.9131226259314644e-08,6.7275915741071834e-12
/content/yolo_view/test/Cyst/Cyst- (3408).jpg,0,0,0.9999998807907104,5.958161741759227e-10,6.185312173556667e-08,5.486680120653231e-12
/content/yolo_view/test/Cyst/Cyst- (3409).jpg,0,0,0.9999997615814209,3.689661909334063e-10,2.0201557049404073e-07,1.1889639446593936e-11
/content/yolo_view/test/Cyst/Cyst- (3410).jpg,0,0,0.9999995231628418,2.3807944504739e-09,4.463781522190402e-07,2.7267762700566855e-11
/content/yolo_view/test/Cyst/Cyst- (3420).jpg,0,0,1.0,1.4312685758799404e-10,1.653507730736692e-08,1.8181784203208373e-12
/content/yolo_view/test/Cyst/Cyst- (3421).jpg,0,0,1.0,2.904296803052375e-10,3.9131226259314644e-08,6.7275915741071834e-12
/content/yolo_view/test/Cyst/Cyst- (3422).jpg,0,0,0.9999998807907104,5.958161741759227e-10,6.185312173556667e-08,5.486680120653231e-12
/content/yolo_view/test/Cyst/Cyst- (3423).jpg,0,0,0.9999997615814209,3.689661909334063e-10,2.0201557049404073e-07,1.1889639446593936e-11
/content/yolo_view/test/Cyst/Cyst- (3424).jpg,0,0,0.9999995231628418,2.3807944504739e-09,4.463781522190402e-07,2.7267762700566855e-11
/content/yolo_view/test/Cyst/Cyst- (3484).jpg,0,0,0.9999922513961792,7.024964077118057e-08,7.344281129917363e-06,3.3597879678382014e-07
/content/yolo_view/test/Cyst/Cyst- (3485).jpg,0,0,0.9999903440475464,6.457077006416512e-08,9.411402970727067e-06,1.630260868523692e-07
/content/yolo_view/test/Cyst/Cyst- (3486).jpg,0,0,0.9999872446060181,8.01527235694266e-08,1.2654175407078583e-05,8.720332544953635e-08
/content/yolo_view/test/Cyst/Cyst- (3602).jpg,0,0,0.9999408721923828,6.658703366468899e-09,5.826337655889802e-05,8.509962299285689e-07
/content/yolo_view/test/Cyst/Cyst- (3703).jpg,0,0,1.0,2.232203925349387e-16,3.107254731293807e-11,9.62075991789435e-12
/content/yolo_view/test/Cyst/Cyst- (3704).jpg,0,0,1.0,3.1339655242103596e-16,7.098956145146218e-11,1.3430062617558747e-11
/content/yolo_view/test/Cyst/Cyst- (3705).jpg,0,0,1.0,4.017800861882777e-17,4.2168503931738766e-12,2.20582384823087e-12
/content/yolo_view/test/Cyst/Cyst- (3706).jpg,0,0,1.0,9.632027218768396e-17,6.5128492876542765e-12,2.9235589643628046e-11
/content/yolo_view/test/Cyst/Cyst- (3707).jpg,0,0,1.0,1.4065872135496764e-17,1.1603938296356198e-12,3.4359470563877226e-12
/content/yolo_view/test/Cyst/Cyst- (3708).jpg,0,0,1.0,2.5130586101374355e-16,7.984931292559505e-12,6.730123403020372e-11
/content/yolo_view/test/Cyst/Cyst- (3709).jpg,0,0,1.0,2.1553147213206145e-15,3.476994386852894e-11,7.530967169322444e-12
/content/yolo_view/test/Cyst/Cyst- (4).jpg,0,0,0.9992274045944214,1.3481522842528904e-10,0.000772559258621186,1.4104253875935058e-10
/content/yolo_view/test/Cyst/Cyst- (488).jpg,0,0,0.9999498128890991,2.11888961237916e-11,5.01389877172187e-05,2.434338841617034e-10
/content/yolo_view/test/Cyst/Cyst- (489).jpg,0,0,0.9997963309288025,1.9751193736095018e-10,0.00020372513972688466,1.1778067410261883e-09
/content/yolo_view/test/Cyst/Cyst- (490).jpg,0,0,0.9997134804725647,3.188065922365979e-10,0.0002864894922822714,8.059636846802221e-10
/content/yolo_view/test/Cyst/Cyst- (491).jpg,0,0,0.9995855689048767,2.846133606571044e-10,0.0004144233535043895,5.513918210908741e-10
/content/yolo_view/test/Cyst/Cyst- (492).jpg,0,0,0.998630702495575,5.635091282485405e-10,0.001369320321828127,1.4387074864785632e-09
/content/yolo_view/test/Cyst/Cyst- (493).jpg,0,0,0.9960660338401794,2.7741642316669868e-09,0.0039339433424174786,5.360289545564001e-09
/content/yolo_view/test/Cyst/Cyst- (494).jpg,0,0,0.9936586022377014,2.8122844053513063e-09,0.0063413819298148155,2.818191235931522e-09
/content/yolo_view/test/Cyst/Cyst- (495).jpg,0,0,0.9938240051269531,7.13161485421665e-09,0.006175982765853405,7.934267465259381e-09
/content/yolo_view/test/Cyst/Cyst- (496).jpg,0,0,0.9963682889938354,1.0125026150831218e-08,0.0036317603662610054,3.349641630734368e-08
/content/yolo_view/test/Cyst/Cyst- (497).jpg,0,0,0.9970709085464478,2.6164503452719146e-08,0.0029289405792951584,1.1313909453747328e-07
/content/yolo_view/test/Cyst/Cyst- (498).jpg,0,0,0.9980664849281311,3.0076428458869486e-08,0.0019334141397848725,9.699756731151865e-08
/content/yolo_view/test/Cyst/Cyst- (499).jpg,0,0,0.9997424483299255,3.1913722775556153e-09,0.00025750286295078695,1.30772530582135e-08
/content/yolo_view/test/Cyst/Cyst- (5).jpg,0,0,0.9998306035995483,3.237567852698575e-11,0.00016935018356889486,1.2471566834815206e-10
/content/yolo_view/test/Cyst/Cyst- (500).jpg,0,0,0.9996222257614136,2.346058014524033e-09,0.00037775892997160554,8.985471922073884e-09
/content/yolo_view/test/Cyst/Cyst- (501).jpg,0,0,0.9999477863311768,1.4456255081896074e-09,5.22116752108559e-05,6.42818021034941e-09
/content/yolo_view/test/Cyst/Cyst- (502).jpg,0,0,0.9999865293502808,3.564450956616838e-10,1.3487461728800554e-05,2.2337620642076672e-09
/content/yolo_view/test/Cyst/Cyst- (503).jpg,0,0,0.9999920129776001,1.483952266623234e-10,8.033523954509292e-06,1.4690497707192662e-09
/content/yolo_view/test/Cyst/Cyst- (504).jpg,0,0,0.999995231628418,3.597737038840698e-11,4.781864845426753e-06,6.448721001639512e-10
/content/yolo_view/test/Cyst/Cyst- (505).jpg,0,0,0.9999955892562866,2.115465268237582e-11,4.412052021507407e-06,4.975531653350629e-10
/content/yolo_view/test/Cyst/Cyst- (506).jpg,0,0,0.9999997615814209,1.7681911707381759e-12,2.08465024797988e-07,1.6382802059400348e-10
/content/yolo_view/test/Cyst/Cyst- (507).jpg,0,0,0.9999995231628418,6.383587668884472e-12,4.379235463147779e-07,2.5512142398653737e-10
/content/yolo_view/test/Cyst/Cyst- (508).jpg,0,0,0.9999982118606567,2.647672012190405e-11,1.744385258461989e-06,1.6610207653755538e-09
/content/yolo_view/test/Cyst/Cyst- (509).jpg,0,0,1.0,1.0835511090809269e-12,4.816428500475922e-08,4.723400559569768e-10
/content/yolo_view/test/Cyst/Cyst- (510).jpg,0,0,0.9999997615814209,1.572653812731417e-11,2.2003744959420146e-07,3.99841315612548e-09
/content/yolo_view/test/Cyst/Cyst- (511).jpg,0,0,0.9999994039535522,4.028430714009268e-11,5.632757620332995e-07,1.672824545551066e-09
/content/yolo_view/test/Cyst/Cyst- (512).jpg,0,0,0.999998927116394,7.043891858682372e-11,1.058790871866222e-06,1.9039316789815075e-09
/content/yolo_view/test/Cyst/Cyst- (543).jpg,0,0,0.9995220899581909,4.8841870921023656e-06,0.0004663103027269244,6.6836769292422105e-06
/content/yolo_view/test/Cyst/Cyst- (544).jpg,0,0,0.9998635053634644,9.342665521216986e-07,0.00013489399862010032,5.727059715354699e-07
/content/yolo_view/test/Cyst/Cyst- (56).jpg,0,0,0.9999632835388184,9.090231145592043e-08,3.596655369619839e-05,5.873649797649705e-07
/content/yolo_view/test/Cyst/Cyst- (564).jpg,0,0,0.9999995231628418,1.3801988718586955e-10,2.6057651325572806e-07,2.699458718780079e-07
/content/yolo_view/test/Cyst/Cyst- (565).jpg,0,0,0.9999995231628418,3.6723404872596177e-10,3.6869366226710554e-07,1.4777459966808237e-07
/content/yolo_view/test/Cyst/Cyst- (566).jpg,0,0,0.9999990463256836,7.311818928101843e-10,8.000441198419139e-07,1.3241346152881306e-07
/content/yolo_view/test/Cyst/Cyst- (567).jpg,0,0,0.9999972581863403,1.7510595196057466e-09,2.6600750970828813e-06,9.154326363614018e-08
/content/yolo_view/test/Cyst/Cyst- (568).jpg,0,0,0.9999960660934448,1.7942073382570811e-09,3.7977304145897506e-06,9.490428709568732e-08
/content/yolo_view/test/Cyst/Cyst- (569).jpg,0,0,0.9999991655349731,3.2195840438120626e-10,6.816630389039346e-07,1.1134117272604271e-07
/content/yolo_view/test/Cyst/Cyst- (57).jpg,0,0,0.9999635219573975,8.456527922362511e-08,3.5985158319817856e-05,3.7523344076362264e-07
/content/yolo_view/test/Cyst/Cyst- (570).jpg,0,0,0.9999998807907104,3.80189942028597e-11,1.1436382152396618e-07,5.3479311645787675e-08
/content/yolo_view/test/Cyst/Cyst- (571).jpg,0,0,0.9999996423721313,1.032025159775074e-10,3.9640747218072647e-07,3.8821802661459515e-08
/content/yolo_view/test/Cyst/Cyst- (572).jpg,0,0,0.9999994039535522,1.0564361885290197e-10,5.981556228107365e-07,3.217261834720375e-08
/content/yolo_view/test/Cyst/Cyst- (573).jpg,0,0,0.9999985694885254,1.8566249926355027e-10,1.3863835874872166e-06,4.0253073763096836e-08
/content/yolo_view/test/Cyst/Cyst- (574).jpg,0,0,0.9999986886978149,1.8858914430097684e-10,1.1995118711638497e-06,1.1621096263070285e-07
/content/yolo_view/test/Cyst/Cyst- (575).jpg,0,0,0.9999996423721313,4.4371950558286244e-11,2.663398106506065e-07,8.350595948058981e-08
/content/yolo_view/test/Cyst/Cyst- (576).jpg,0,0,0.9999996423721313,7.835913862219712e-11,3.3109083119597926e-07,3.7425827770221076e-08
/content/yolo_view/test/Cyst/Cyst- (577).jpg,0,0,0.999998927116394,2.313187419389351e-10,9.697700988908764e-07,7.915836164329448e-08
/content/yolo_view/test/Cyst/Cyst- (578).jpg,0,0,0.9999995231628418,8.25879017951614e-11,4.979176537744934e-07,2.818961597483849e-08
/content/yolo_view/test/Cyst/Cyst- (579).jpg,0,0,0.9999939203262329,6.021038112535848e-10,6.0283305174380075e-06,4.0811354296010904e-08
/content/yolo_view/test/Cyst/Cyst- (58).jpg,0,0,0.9999731779098511,7.842984928174701e-08,2.6458899810677394e-05,2.4616440441604936e-07
/content/yolo_view/test/Cyst/Cyst- (580).jpg,0,0,0.999962329864502,5.938438185637551e-09,3.7599747884087265e-05,9.59617167950455e-08
/content/yolo_view/test/Cyst/Cyst- (581).jpg,0,0,0.999947190284729,1.0683228524044353e-08,5.268787936074659e-05,1.5680186038480315e-07
/content/yolo_view/test/Cyst/Cyst- (582).jpg,0,0,0.9999561309814453,8.08378519678854e-09,4.378928861115128e-05,7.637055432496709e-08
/content/yolo_view/test/Cyst/Cyst- (583).jpg,0,0,0.9999949932098389,6.028089138965242e-10,5.051155312685296e-06,6.709090172307697e-09
/content/yolo_view/test/Cyst/Cyst- (584).jpg,0,0,0.9999922513961792,1.301632801542496e-09,7.777736755087972e-06,1.384395531545124e-08
/content/yolo_view/test/Cyst/Cyst- (585).jpg,0,0,0.9999967813491821,6.010488218244348e-10,3.163824203511467e-06,2.4663441067218628e-08
/content/yolo_view/test/Cyst/Cyst- (586).jpg,0,0,0.9999992847442627,1.947101230248549e-10,7.435495490426547e-07,1.0686638240997581e-08
/content/yolo_view/test/Cyst/Cyst- (587).jpg,0,0,0.9999997615814209,7.108492960927748e-11,2.3738280674479029e-07,5.776822575853657e-09
/content/yolo_view/test/Cyst/Cyst- (588).jpg,0,0,1.0,3.916153859528926e-12,2.6117033868899853e-08,6.147036768489045e-10
/content/yolo_view/test/Cyst/Cyst- (589).jpg,0,0,1.0,1.9395392410193057e-12,2.747350436038687e-08,3.4205974164258635e-10
/content/yolo_view/test/Cyst/Cyst- (59).jpg,0,0,0.999984622001648,2.952844724291026e-08,1.5163046555244364e-05,2.3258661485670018e-07
/content/yolo_view/test/Cyst/Cyst- (590).jpg,0,0,0.9999998807907104,4.516380758962102e-12,6.513992190093632e-08,5.177913098286524e-10
/content/yolo_view/test/Cyst/Cyst- (6).jpg,0,0,0.9999366998672485,4.636846462346966e-11,6.331596523523331e-05,1.8862640616124082e-10
/content/yolo_view/test/Cyst/Cyst- (60).jpg,0,0,0.999972939491272,1.3735274251303053e-08,2.6895710107055493e-05,1.457938623161681e-07
/content/yolo_view/test/Cyst/Cyst- (607).jpg,0,0,0.9999995231628418,1.3801988718586955e-10,2.6057651325572806e-07,2.699458718780079e-07
/content/yolo_view/test/Cyst/Cyst- (608).jpg,0,0,0.9999995231628418,3.6723404872596177e-10,3.6869366226710554e-07,1.4777459966808237e-07
/content/yolo_view/test/Cyst/Cyst- (609).jpg,0,0,0.9999990463256836,7.311818928101843e-10,8.000441198419139e-07,1.3241346152881306e-07
/content/yolo_view/test/Cyst/Cyst- (61).jpg,0,0,0.999839186668396,1.3842048396384143e-08,0.00015961422468535602,1.1283822232144303e-06
/content/yolo_view/test/Cyst/Cyst- (610).jpg,0,0,0.9999972581863403,1.7510595196057466e-09,2.6600750970828813e-06,9.154326363614018e-08
/content/yolo_view/test/Cyst/Cyst- (611).jpg,0,0,0.9999960660934448,1.7942073382570811e-09,3.7977304145897506e-06,9.490428709568732e-08
/content/yolo_view/test/Cyst/Cyst- (612).jpg,0,0,0.9999991655349731,3.2195840438120626e-10,6.816630389039346e-07,1.1134117272604271e-07
/content/yolo_view/test/Cyst/Cyst- (613).jpg,0,0,0.9999998807907104,3.80189942028597e-11,1.1436382152396618e-07,5.3479311645787675e-08
/content/yolo_view/test/Cyst/Cyst- (614).jpg,0,0,0.9999996423721313,1.032025159775074e-10,3.9640747218072647e-07,3.8821802661459515e-08
/content/yolo_view/test/Cyst/Cyst- (615).jpg,0,0,0.9999994039535522,1.0564361885290197e-10,5.981556228107365e-07,3.217261834720375e-08
/content/yolo_view/test/Cyst/Cyst- (616).jpg,0,0,0.9999985694885254,1.8566249926355027e-10,1.3863835874872166e-06,4.0253073763096836e-08
/content/yolo_view/test/Cyst/Cyst- (617).jpg,0,0,0.9999986886978149,1.8858914430097684e-10,1.1995118711638497e-06,1.1621096263070285e-07
/content/yolo_view/test/Cyst/Cyst- (618).jpg,0,0,0.9999996423721313,4.4371950558286244e-11,2.663398106506065e-07,8.350595948058981e-08
/content/yolo_view/test/Cyst/Cyst- (619).jpg,0,0,0.9999996423721313,7.835913862219712e-11,3.3109083119597926e-07,3.7425827770221076e-08
/content/yolo_view/test/Cyst/Cyst- (62).jpg,0,0,0.9998468160629272,3.74264601532559e-08,0.00015231642464641482,8.533810387234553e-07
/content/yolo_view/test/Cyst/Cyst- (620).jpg,0,0,0.999998927116394,2.313187419389351e-10,9.697700988908764e-07,7.915836164329448e-08
/content/yolo_view/test/Cyst/Cyst- (621).jpg,0,0,0.9999995231628418,8.25879017951614e-11,4.979176537744934e-07,2.818961597483849e-08
/content/yolo_view/test/Cyst/Cyst- (622).jpg,0,0,0.9999939203262329,6.021038112535848e-10,6.0283305174380075e-06,4.0811354296010904e-08
/content/yolo_view/test/Cyst/Cyst- (623).jpg,0,0,0.999962329864502,5.938438185637551e-09,3.7599747884087265e-05,9.59617167950455e-08
/content/yolo_view/test/Cyst/Cyst- (624).jpg,0,0,0.999947190284729,1.0683228524044353e-08,5.268787936074659e-05,1.5680186038480315e-07
/content/yolo_view/test/Cyst/Cyst- (625).jpg,0,0,0.9999561309814453,8.08378519678854e-09,4.378928861115128e-05,7.637055432496709e-08
/content/yolo_view/test/Cyst/Cyst- (626).jpg,0,0,0.9999949932098389,6.028089138965242e-10,5.051155312685296e-06,6.709090172307697e-09
/content/yolo_view/test/Cyst/Cyst- (627).jpg,0,0,0.9999922513961792,1.301632801542496e-09,7.777736755087972e-06,1.384395531545124e-08
/content/yolo_view/test/Cyst/Cyst- (628).jpg,0,0,0.9999967813491821,6.010488218244348e-10,3.163824203511467e-06,2.4663441067218628e-08
/content/yolo_view/test/Cyst/Cyst- (629).jpg,0,0,0.9999992847442627,1.947101230248549e-10,7.435495490426547e-07,1.0686638240997581e-08
/content/yolo_view/test/Cyst/Cyst- (63).jpg,0,0,0.9999134540557861,4.2835317515255156e-08,8.616060222266242e-05,2.681400133042189e-07
/content/yolo_view/test/Cyst/Cyst- (630).jpg,0,0,0.9999997615814209,7.108492960927748e-11,2.3738280674479029e-07,5.776822575853657e-09
/content/yolo_view/test/Cyst/Cyst- (631).jpg,0,0,1.0,3.916153859528926e-12,2.6117033868899853e-08,6.147036768489045e-10
/content/yolo_view/test/Cyst/Cyst- (632).jpg,0,0,1.0,1.9395392410193057e-12,2.747350436038687e-08,3.4205974164258635e-10
/content/yolo_view/test/Cyst/Cyst- (633).jpg,0,0,0.9999998807907104,4.516380758962102e-12,6.513992190093632e-08,5.177913098286524e-10
/content/yolo_view/test/Cyst/Cyst- (698).jpg,0,0,0.9412375092506409,8.30188855616143e-06,0.058753084391355515,1.1104912118753418e-06
/content/yolo_view/test/Cyst/Cyst- (7).jpg,0,0,0.9997339844703674,1.6052471851768502e-10,0.0002660054888110608,1.4474842158218593e-10
/content/yolo_view/test/Cyst/Cyst- (709).jpg,0,0,0.9999996423721313,2.9665983558579967e-10,3.9957410535862437e-07,3.0765083813832916e-09
/content/yolo_view/test/Cyst/Cyst- (710).jpg,0,0,0.9999996423721313,1.2464280996216104e-10,3.7285232679096225e-07,3.460905340091358e-09
/content/yolo_view/test/Cyst/Cyst- (711).jpg,0,0,0.9999992847442627,9.244924270568333e-11,7.037382374619483e-07,3.0779454540663664e-09
/content/yolo_view/test/Cyst/Cyst- (712).jpg,0,0,0.9999984502792358,2.0388155053119306e-10,1.5389173313451465e-06,1.6938883629080692e-09
/content/yolo_view/test/Cyst/Cyst- (713).jpg,0,0,0.9999980926513672,1.026090115652245e-10,1.8987541352544213e-06,1.3373686602591306e-09
/content/yolo_view/test/Cyst/Cyst- (714).jpg,0,0,0.9999940395355225,1.7601643753639706e-10,5.905517355131451e-06,1.8702051018948396e-09
/content/yolo_view/test/Cyst/Cyst- (715).jpg,0,0,0.9999825954437256,3.797544778638695e-10,1.7395677787135355e-05,9.97969817895239e-10
/content/yolo_view/test/Cyst/Cyst- (716).jpg,0,0,0.9999754428863525,6.797561402649421e-10,2.44971779466141e-05,3.655242775124634e-10
/content/yolo_view/test/Cyst/Cyst- (717).jpg,0,0,0.9999611377716064,7.079455910385946e-10,3.8913331081857905e-05,2.9251537303487396e-10
/content/yolo_view/test/Cyst/Cyst- (718).jpg,0,0,0.9999755620956421,7.534511903273255e-10,2.4414594008703716e-05,2.660096032336412e-10
/content/yolo_view/test/Cyst/Cyst- (719).jpg,0,0,0.9998051524162292,3.948997129299414e-09,0.00019483208598103374,4.4313952507479826e-10
/content/yolo_view/test/Cyst/Cyst- (720).jpg,0,0,0.9999715089797974,2.6814663822705143e-09,2.8441325412131846e-05,9.273335432880003e-10
/content/yolo_view/test/Cyst/Cyst- (721).jpg,0,0,0.9998846054077148,3.561921424477532e-09,0.0001153992343461141,5.005456604756375e-10
/content/yolo_view/test/Cyst/Cyst- (722).jpg,0,0,0.9997240900993347,2.1346293621604673e-09,0.00027595102437771857,2.8423016718015504e-10
/content/yolo_view/test/Cyst/Cyst- (723).jpg,0,0,0.9992807507514954,3.0595146416345642e-09,0.0007193256169557571,3.718003405150938e-10
/content/yolo_view/test/Cyst/Cyst- (724).jpg,0,0,0.9975497126579285,3.89865872918449e-09,0.0024503469467163086,5.836091054867154e-10
/content/yolo_view/test/Cyst/Cyst- (725).jpg,0,0,0.9994497895240784,8.669098772173811e-10,0.0005502611747942865,2.20680862472733e-10
/content/yolo_view/test/Cyst/Cyst- (726).jpg,0,0,0.9998475313186646,1.5637414974012387e-10,0.00015241112851072103,9.538999451441654e-11
/content/yolo_view/test/Cyst/Cyst- (727).jpg,0,0,0.9993583559989929,8.110505600456008e-10,0.0006416416727006435,7.705369675647944e-10
/content/yolo_view/test/Cyst/Cyst- (728).jpg,0,0,0.9988526105880737,5.772562428063566e-09,0.0011473348131403327,2.9722313499291886e-09
/content/yolo_view/test/Cyst/Cyst- (729).jpg,0,0,0.9993184804916382,3.037211726564237e-08,0.0006815360393375158,1.9477901957998256e-08
/content/yolo_view/test/Cyst/Cyst- (730).jpg,0,0,0.9994863271713257,1.7165273646924106e-08,0.0005136131658218801,1.1574974756456413e-08
/content/yolo_view/test/Cyst/Cyst- (731).jpg,0,0,0.9996035695075989,1.1511092523619482e-08,0.00039643782656639814,5.877239139806534e-09
/content/yolo_view/test/Cyst/Cyst- (732).jpg,0,0,0.9991583824157715,1.6970629346246824e-08,0.0008416601340286434,5.45492184755858e-09
/content/yolo_view/test/Cyst/Cyst- (733).jpg,0,0,0.9975276589393616,7.13536323360131e-08,0.002472174819558859,1.3647096785973645e-08
/content/yolo_view/test/Cyst/Cyst- (734).jpg,0,0,0.9967531561851501,3.1788607657290413e-07,0.00324644660577178,4.855824542460141e-08
/content/yolo_view/test/Cyst/Cyst- (735).jpg,0,0,0.9969231486320496,2.7164986704519833e-07,0.003076419932767749,4.1913622794709227e-08
/content/yolo_view/test/Cyst/Cyst- (736).jpg,0,0,0.9980915188789368,1.1955452805523237e-07,0.0019083349034190178,2.4839021506295467e-08
/content/yolo_view/test/Cyst/Cyst- (737).jpg,0,0,0.9991971850395203,1.727017284736121e-08,0.0008028349257074296,7.715763139515275e-09
/content/yolo_view/test/Cyst/Cyst- (738).jpg,0,0,0.9996204376220703,9.115022514549764e-09,0.00037954284925945103,6.496172488823504e-09
/content/yolo_view/test/Cyst/Cyst- (739).jpg,0,0,0.9999136924743652,2.858125069948869e-09,8.635064295958728e-05,4.5466284070982965e-09
/content/yolo_view/test/Cyst/Cyst- (740).jpg,0,0,0.9999476671218872,1.7883944325447487e-09,5.228122608968988e-05,3.2544260619715715e-09
/content/yolo_view/test/Cyst/Cyst- (741).jpg,0,0,0.999957799911499,1.1160860013958995e-09,4.221515337121673e-05,2.755855987857103e-09
/content/yolo_view/test/Cyst/Cyst- (742).jpg,0,0,0.9999344348907471,1.973273100475126e-09,6.560231122421101e-05,6.186285261833291e-09
/content/yolo_view/test/Cyst/Cyst- (743).jpg,0,0,0.9998918771743774,2.2004162936184457e-09,0.00010816698340931907,3.6546043968854747e-09
/content/yolo_view/test/Cyst/Cyst- (744).jpg,0,0,0.9998493194580078,3.922850932980282e-09,0.00015071421512402594,4.214114834866223e-09
/content/yolo_view/test/Cyst/Cyst- (745).jpg,0,0,0.9996716976165771,5.5800466469690946e-09,0.0003283412952441722,2.2418413792024694e-09
/content/yolo_view/test/Cyst/Cyst- (746).jpg,0,0,0.9997038245201111,5.143207193469834e-09,0.000296169106150046,1.7550825237577783e-09
/content/yolo_view/test/Cyst/Cyst- (747).jpg,0,0,0.9997329115867615,3.2173290698267465e-09,0.00026705191703513265,1.786755743360402e-09
/content/yolo_view/test/Cyst/Cyst- (748).jpg,0,0,0.9996041655540466,2.049832747985647e-09,0.00039580525481142104,1.0225416069431503e-09
/content/yolo_view/test/Cyst/Cyst- (749).jpg,0,0,0.9992087483406067,1.023768714247808e-08,0.0007913087611086667,2.4614585925064603e-09
/content/yolo_view/test/Cyst/Cyst- (750).jpg,0,0,0.999618411064148,1.0380396098241818e-08,0.00038158390088938177,2.4203452575477513e-09
/content/yolo_view/test/Cyst/Cyst- (751).jpg,0,0,0.9994649291038513,8.42134539880135e-09,0.0005351364961825311,2.2264476928768318e-09
/content/yolo_view/test/Cyst/Cyst- (752).jpg,0,0,0.9995121955871582,4.459346669705155e-09,0.0004878362233284861,2.0638137865347517e-09
/content/yolo_view/test/Cyst/Cyst- (753).jpg,0,0,0.9992140531539917,1.3124651587759217e-08,0.0007858744938857853,5.3392530396934035e-09
/content/yolo_view/test/Cyst/Cyst- (754).jpg,0,0,0.99906986951828,2.9263087952813294e-08,0.0009301246609538794,1.478507449803601e-08
/content/yolo_view/test/Cyst/Cyst- (755).jpg,0,0,0.9980734586715698,4.508351381105058e-08,0.0019264264265075326,2.7410903769009565e-08
/content/yolo_view/test/Cyst/Cyst- (756).jpg,0,0,0.9985836744308472,1.762511203651229e-08,0.0014163751620799303,1.5291947264017836e-08
/content/yolo_view/test/Cyst/Cyst- (757).jpg,0,0,0.9991915822029114,9.32630417338487e-09,0.0008084040600806475,8.988559230260762e-09
/content/yolo_view/test/Cyst/Cyst- (758).jpg,0,0,0.9996254444122314,3.829673467237171e-09,0.0003745339927263558,6.4706071611908555e-09
/content/yolo_view/test/Cyst/Cyst- (759).jpg,0,0,0.9998652935028076,1.1653448206416783e-09,0.00013472542923409492,5.603409292120887e-09
/content/yolo_view/test/Cyst/Cyst- (817).jpg,0,0,0.9999997615814209,8.297832364799473e-13,1.0540068728914775e-07,7.245679256584481e-08
/content/yolo_view/test/Cyst/Cyst- (818).jpg,0,0,1.0,2.468416638624904e-13,4.7785640333586343e-08,3.934442549535788e-09
/content/yolo_view/test/Cyst/Cyst- (849).jpg,0,0,0.9999783039093018,2.1235656788576307e-08,2.1539164663408883e-05,5.296754679307014e-08
/content/yolo_view/test/Normal/Normal- (1000).jpg,1,1,1.8553925756892298e-12,0.9999994039535522,4.15387404473222e-07,1.8976533056047629e-07
/content/yolo_view/test/Normal/Normal- (1001).jpg,1,1,8.02686977757934e-14,0.9999998807907104,1.6685268633409578e-07,9.622003638298793e-09
/content/yolo_view/test/Normal/Normal- (1002).jpg,1,1,8.681368070164591e-14,1.0,4.5975955487165265e-08,1.503097024624367e-08
/content/yolo_view/test/Normal/Normal- (1003).jpg,1,1,2.621445846040602e-15,1.0,1.8543588886643647e-10,4.0783358912221956e-08
/content/yolo_view/test/Normal/Normal- (1004).jpg,1,1,6.556005894990723e-17,1.0,7.0711279713531194e-12,2.368448992484673e-09
/content/yolo_view/test/Normal/Normal- (1005).jpg,1,1,1.505914598283901e-16,1.0,1.9925800592845988e-11,1.0805312200545814e-09
/content/yolo_view/test/Normal/Normal- (1006).jpg,1,1,5.75495095490457e-16,1.0,3.581910115735276e-11,1.1555565393450706e-09
/content/yolo_view/test/Normal/Normal- (1007).jpg,1,1,1.7192574484533316e-16,1.0,6.265152979745281e-11,1.5416309895321945e-10
/content/yolo_view/test/Normal/Normal- (1008).jpg,1,1,1.2170729221988363e-16,1.0,8.916215855914178e-12,1.7926467255069412e-10
/content/yolo_view/test/Normal/Normal- (1009).jpg,1,1,4.2728538907760554e-15,1.0,1.152207756288659e-11,5.045790008040285e-09
/content/yolo_view/test/Normal/Normal- (1010).jpg,1,1,9.620213120857448e-15,1.0,1.9082979987872228e-11,4.346798920806805e-09
/content/yolo_view/test/Normal/Normal- (1011).jpg,1,1,2.0509109490194868e-16,1.0,3.911227244857152e-12,4.45385417435773e-09
/content/yolo_view/test/Normal/Normal- (1012).jpg,1,1,6.747702685844172e-16,1.0,8.139745388130448e-13,1.6780097311652753e-08
/content/yolo_view/test/Normal/Normal- (1013).jpg,1,1,2.803134836743123e-16,1.0,2.4793353676534624e-13,8.19784684580327e-09
/content/yolo_view/test/Normal/Normal- (1014).jpg,1,1,7.107119941187853e-16,0.9999998807907104,3.6732463316695163e-13,1.0666082772559093e-07
/content/yolo_view/test/Normal/Normal- (1015).jpg,1,1,5.636601261582933e-17,0.9999998807907104,4.1274987171591865e-14,7.125608902924796e-08
/content/yolo_view/test/Normal/Normal- (1016).jpg,1,1,1.4371771797825e-17,0.9999995231628418,3.0745117416590764e-14,4.524607390976598e-07
/content/yolo_view/test/Normal/Normal- (1017).jpg,1,1,1.1146940350976792e-17,0.9999994039535522,2.038794073887587e-14,5.414108841250709e-07
/content/yolo_view/test/Normal/Normal- (1018).jpg,1,1,8.460047100541086e-19,0.9999998807907104,5.568216188935255e-16,1.4590254693302995e-07
/content/yolo_view/test/Normal/Normal- (1019).jpg,1,1,1.3392276422023142e-19,0.9999998807907104,3.5744478030732174e-16,1.0720314946865983e-07
/content/yolo_view/test/Normal/Normal- (1020).jpg,1,1,2.264758995612131e-19,0.9999997615814209,4.2001280125017156e-16,2.1612734713016835e-07
/content/yolo_view/test/Normal/Normal- (1021).jpg,1,1,5.636787646054456e-19,0.9999996423721313,5.421329558573927e-16,3.0208300927370146e-07
/content/yolo_view/test/Normal/Normal- (1022).jpg,1,1,1.1404053727957262e-18,0.9999995231628418,5.429296962234037e-16,4.3939775196122355e-07
/content/yolo_view/test/Normal/Normal- (1203).jpg,1,1,3.2940426990535343e-06,0.9926201701164246,6.5313457753291e-07,0.007375970017164946
/content/yolo_view/test/Normal/Normal- (1204).jpg,1,1,3.211280727555277e-06,0.9927434921264648,8.499249588567181e-07,0.007252493407577276
/content/yolo_view/test/Normal/Normal- (1205).jpg,1,1,1.0519240731809987e-06,0.9983267188072205,1.0331541488994844e-06,0.001671159639954567
/content/yolo_view/test/Normal/Normal- (1206).jpg,1,1,1.0741943015091238e-06,0.9941906929016113,1.2027686580040609e-06,0.005807125940918922
/content/yolo_view/test/Normal/Normal- (1207).jpg,1,1,6.091778459449415e-08,0.9995558857917786,2.3810095228782302e-07,0.0004436854214873165
/content/yolo_view/test/Normal/Normal- (1208).jpg,1,1,1.6255098600481688e-08,0.9999589920043945,1.71021554251638e-07,4.074081152793951e-05
/content/yolo_view/test/Normal/Normal- (1209).jpg,1,1,5.37859667915086e-09,0.9999827146530151,4.462946634475884e-08,1.724536377878394e-05
/content/yolo_view/test/Normal/Normal- (1210).jpg,1,1,6.023831433665805e-10,0.9999960660934448,7.191251150118205e-09,3.990377990703564e-06
/content/yolo_view/test/Normal/Normal- (1211).jpg,1,1,4.62852756122345e-10,0.9999886751174927,5.385979218175407e-09,1.1352550245646853e-05
/content/yolo_view/test/Normal/Normal- (1212).jpg,1,1,8.897348136027716e-11,0.9999926090240479,1.7520970230222588e-09,7.439102319040103e-06
/content/yolo_view/test/Normal/Normal- (1213).jpg,1,1,8.513303256796334e-11,0.9999864101409912,1.225525902981417e-09,1.3590833987109363e-05
/content/yolo_view/test/Normal/Normal- (1214).jpg,1,1,1.0800453587034298e-10,0.9999531507492065,3.575602924854593e-09,4.685090607381426e-05
/content/yolo_view/test/Normal/Normal- (1215).jpg,1,1,6.81321596363027e-11,0.9999645948410034,6.2868430461549e-09,3.539822137099691e-05
/content/yolo_view/test/Normal/Normal- (1216).jpg,1,1,1.5731801278340285e-11,0.9999949932098389,7.677319335819277e-10,5.0540370466478635e-06
/content/yolo_view/test/Normal/Normal- (1217).jpg,1,1,8.217036079338769e-11,0.9999796152114868,2.457369641106766e-09,2.0361669157864526e-05
/content/yolo_view/test/Normal/Normal- (1218).jpg,1,1,3.8913421096520295e-12,0.9999994039535522,4.319650193096436e-11,6.315311793514411e-07
/content/yolo_view/test/Normal/Normal- (1219).jpg,1,1,3.2501367049075913e-12,0.9999998807907104,3.25458028582748e-11,1.543531027436984e-07
/content/yolo_view/test/Normal/Normal- (1220).jpg,1,1,2.0930579318345632e-12,1.0,3.223031910803975e-11,5.283882842377352e-08
/content/yolo_view/test/Normal/Normal- (1221).jpg,1,1,1.991496897946199e-11,0.9999997615814209,2.0349487372950392e-10,2.2843624947199714e-07
/content/yolo_view/test/Normal/Normal- (1222).jpg,1,1,2.544191766984394e-11,0.9999997615814209,2.2900673024572882e-10,2.4493215278198477e-07
/content/yolo_view/test/Normal/Normal- (1223).jpg,1,1,1.6294784965786846e-11,0.9999995231628418,8.285976071942258e-11,4.600924512487836e-07
/content/yolo_view/test/Normal/Normal- (1224).jpg,1,1,1.2171832118601511e-11,0.9999964237213135,8.249491367795514e-11,3.5187349567422643e-06
/content/yolo_view/test/Normal/Normal- (1225).jpg,1,1,9.935024157525785e-12,0.9999984502792358,1.625426460094559e-10,1.5840063269934035e-06
/content/yolo_view/test/Normal/Normal- (1226).jpg,1,1,1.9837750886431138e-10,0.9999958276748657,6.482712144872949e-10,4.173461093159858e-06
/content/yolo_view/test/Normal/Normal- (1227).jpg,1,1,6.969138460766189e-11,0.9999879598617554,2.9421137748286696e-10,1.2000522474409081e-05
/content/yolo_view/test/Normal/Normal- (1228).jpg,1,1,3.740120158024496e-10,0.999870777130127,2.491895578771164e-09,0.00012920817243866622
/content/yolo_view/test/Normal/Normal- (1229).jpg,1,1,1.2407502802957993e-10,0.999984860420227,7.826600478821888e-10,1.5142470147111453e-05
/content/yolo_view/test/Normal/Normal- (1268).jpg,1,1,7.583125750595943e-13,0.9999998807907104,1.5355334781474994e-09,1.3180844860016805e-07
/content/yolo_view/test/Normal/Normal- (1269).jpg,1,1,1.1751249929733976e-12,0.9999998807907104,7.637410703864589e-10,1.2637292456929572e-07
/content/yolo_view/test/Normal/Normal- (1270).jpg,1,1,5.933637609034648e-11,0.9999996423721313,9.338533857317088e-08,1.938755644914636e-07
/content/yolo_view/test/Normal/Normal- (1271).jpg,1,1,1.937988791667067e-08,0.999991774559021,3.6866360915155383e-06,4.491043000598438e-06
/content/yolo_view/test/Normal/Normal- (1397).jpg,1,1,7.405417251638013e-11,0.9993756413459778,2.6464452851371334e-09,0.0006243804236873984
/content/yolo_view/test/Normal/Normal- (1398).jpg,1,1,4.286923246943353e-12,0.9998716115951538,2.637504936675583e-10,0.0001283772144233808
/content/yolo_view/test/Normal/Normal- (1399).jpg,1,1,9.463695018613327e-13,0.9997774958610535,6.388799211887175e-11,0.00022250587062444538
/content/yolo_view/test/Normal/Normal- (1400).jpg,1,1,8.517089811199696e-12,0.9997355341911316,1.1421076306916689e-09,0.00026447855634614825
/content/yolo_view/test/Normal/Normal- (1401).jpg,1,1,4.015809906832146e-10,0.99869304895401,2.3162931128695163e-08,0.0013069970300421119
/content/yolo_view/test/Normal/Normal- (1402).jpg,1,1,3.841889306688273e-10,0.9992251396179199,2.778863894548067e-08,0.0007748909993097186
/content/yolo_view/test/Normal/Normal- (1403).jpg,1,1,5.087904056400028e-12,0.999674916267395,2.2604262905900896e-10,0.00032504514092579484
/content/yolo_view/test/Normal/Normal- (1404).jpg,1,1,1.54972319699187e-11,0.9984526634216309,1.7136191077238294e-10,0.001547357183881104
/content/yolo_view/test/Normal/Normal- (1405).jpg,1,1,2.846518853960589e-11,0.9976204037666321,3.606907550413041e-10,0.0023795608431100845
/content/yolo_view/test/Normal/Normal- (1406).jpg,1,1,7.85587220275552e-12,0.9984824061393738,1.8864505790805453e-10,0.0015176336746662855
/content/yolo_view/test/Normal/Normal- (1407).jpg,1,1,1.6275949500915016e-13,0.9997748732566833,3.8189477621908274e-12,0.00022510747658088803
/content/yolo_view/test/Normal/Normal- (1408).jpg,1,1,1.8920223731917069e-13,0.9994809031486511,3.0808196705561786e-12,0.0005191212985664606
/content/yolo_view/test/Normal/Normal- (1409).jpg,1,1,8.559420397935211e-14,0.9996817111968994,2.7273591371446138e-12,0.00031835935078561306
/content/yolo_view/test/Normal/Normal- (151).jpg,1,1,5.913821949504738e-12,0.9999774694442749,4.5514625401921194e-10,2.2511670977110043e-05
/content/yolo_view/test/Normal/Normal- (152).jpg,1,1,3.60964799717145e-11,0.999932050704956,4.702515266075125e-09,6.797017704229802e-05
/content/yolo_view/test/Normal/Normal- (153).jpg,1,1,1.8874103668853337e-10,0.9996289014816284,2.2383286335525554e-08,0.0003710972086992115
/content/yolo_view/test/Normal/Normal- (154).jpg,1,1,5.3589133131026756e-11,0.9999376535415649,1.757442746885829e-09,6.230200960999355e-05
/content/yolo_view/test/Normal/Normal- (155).jpg,1,1,1.3177285868373745e-12,0.9999871253967285,7.220192499435285e-11,1.292189335799776e-05
/content/yolo_view/test/Normal/Normal- (156).jpg,1,1,1.9889927378724526e-12,0.999974250793457,2.000591636797111e-10,2.579471401986666e-05
/content/yolo_view/test/Normal/Normal- (157).jpg,1,1,1.0825635526900967e-11,0.9999135732650757,3.472759024791827e-10,8.636718848720193e-05
/content/yolo_view/test/Normal/Normal- (158).jpg,1,1,7.0798774828850775e-12,0.9999567270278931,2.8230673354556757e-10,4.328860450186767e-05
/content/yolo_view/test/Normal/Normal- (159).jpg,1,1,1.1349464770771256e-11,0.9999698400497437,4.57073184856327e-10,3.01171385217458e-05
/content/yolo_view/test/Normal/Normal- (160).jpg,1,1,1.3222464572901216e-12,0.9999860525131226,2.0814340528918507e-10,1.3888693501939997e-05
/content/yolo_view/test/Normal/Normal- (161).jpg,1,1,1.103432774839097e-12,0.9999899864196777,1.83830325961587e-10,1.0024671610153746e-05
/content/yolo_view/test/Normal/Normal- (162).jpg,1,1,7.628892363751444e-14,0.9999978542327881,4.1110524706677865e-11,2.168738546970417e-06
/content/yolo_view/test/Normal/Normal- (163).jpg,1,1,1.678983829137698e-13,0.9999973773956299,1.318804510042071e-10,2.6550849270279286e-06
/content/yolo_view/test/Normal/Normal- (164).jpg,1,1,2.0056056967109048e-13,0.9999994039535522,8.305268139885413e-10,5.965843570265861e-07
/content/yolo_view/test/Normal/Normal- (1640).jpg,1,1,1.220601853098302e-13,0.9999984502792358,1.8991033190474127e-09,1.5139464721869444e-06
/content/yolo_view/test/Normal/Normal- (1641).jpg,1,1,3.7315964662894274e-13,0.9999978542327881,8.049580557667468e-09,2.091180249408353e-06
/content/yolo_view/test/Normal/Normal- (1642).jpg,1,1,4.4945987307410534e-14,0.9999995231628418,1.157688597763773e-10,4.379982954105799e-07
/content/yolo_view/test/Normal/Normal- (1643).jpg,1,1,1.4498840496257603e-13,0.9999997615814209,1.2225019607736698e-10,2.552211526563042e-07
/content/yolo_view/test/Normal/Normal- (1644).jpg,1,1,2.3095964363554176e-14,0.9999998807907104,1.0735824555740958e-11,1.4208815457550372e-07
/content/yolo_view/test/Normal/Normal- (1645).jpg,1,1,3.31777079496786e-14,0.9999995231628418,3.998263178872641e-11,5.223857897362905e-07
/content/yolo_view/test/Normal/Normal- (1715).jpg,1,1,1.220601853098302e-13,0.9999984502792358,1.8991033190474127e-09,1.5139464721869444e-06
/content/yolo_view/test/Normal/Normal- (1716).jpg,1,1,3.7315964662894274e-13,0.9999978542327881,8.049580557667468e-09,2.091180249408353e-06
/content/yolo_view/test/Normal/Normal- (1717).jpg,1,1,4.4945987307410534e-14,0.9999995231628418,1.157688597763773e-10,4.379982954105799e-07
/content/yolo_view/test/Normal/Normal- (1718).jpg,1,1,1.4498840496257603e-13,0.9999997615814209,1.2225019607736698e-10,2.552211526563042e-07
/content/yolo_view/test/Normal/Normal- (1719).jpg,1,1,2.3095964363554176e-14,0.9999998807907104,1.0735824555740958e-11,1.4208815457550372e-07
/content/yolo_view/test/Normal/Normal- (1720).jpg,1,1,3.31777079496786e-14,0.9999995231628418,3.998263178872641e-11,5.223857897362905e-07
/content/yolo_view/test/Normal/Normal- (1749).jpg,1,1,2.6383539797336653e-09,0.9999945163726807,2.56316834423842e-08,5.521947969100438e-06
/content/yolo_view/test/Normal/Normal- (1750).jpg,1,1,1.3780313778966047e-08,0.9999793767929077,7.501839149881562e-08,2.0522576960502192e-05
/content/yolo_view/test/Normal/Normal- (1751).jpg,1,1,2.8607331614693976e-07,0.9998824596405029,7.855362014197453e-07,0.00011641846504062414
/content/yolo_view/test/Normal/Normal- (1752).jpg,1,1,4.1798799088610394e-07,0.9998966455459595,1.303860926782363e-06,0.00010169529559789225
/content/yolo_view/test/Normal/Normal- (1753).jpg,1,1,1.8398091583549103e-07,0.9999527931213379,1.3823621429764898e-06,4.570887904264964e-05
/content/yolo_view/test/Normal/Normal- (1754).jpg,1,1,2.3768111034883077e-08,0.9999915361404419,6.783692469980451e-07,7.688994628551882e-06
/content/yolo_view/test/Normal/Normal- (1755).jpg,1,1,5.095269983712569e-09,0.9999946355819702,1.6171692607258592e-07,5.192305707168998e-06
/content/yolo_view/test/Normal/Normal- (1756).jpg,1,1,8.083201663566797e-09,0.9999946355819702,2.0631014763239364e-07,5.106743628857657e-06
/content/yolo_view/test/Normal/Normal- (1757).jpg,1,1,1.553106798724002e-08,0.9999918937683105,6.326308152893034e-07,7.512795036745956e-06
/content/yolo_view/test/Normal/Normal- (1758).jpg,1,1,3.057222919267133e-09,0.9999959468841553,9.995227401304874e-07,3.135592123726383e-06
/content/yolo_view/test/Normal/Normal- (1759).jpg,1,1,1.7078638947509717e-08,0.9999843835830688,6.3295224208559375e-06,9.299004886997864e-06
/content/yolo_view/test/Normal/Normal- (1760).jpg,1,1,2.8386329731233673e-08,0.9999840259552002,6.245478289201856e-06,9.67330652201781e-06
/content/yolo_view/test/Normal/Normal- (1761).jpg,1,1,2.314459806029845e-07,0.9999426603317261,7.128674496925669e-06,4.988903310731985e-05
/content/yolo_view/test/Normal/Normal- (1762).jpg,1,1,1.1944366633542813e-06,0.999860405921936,1.361074191663647e-05,0.00012477472773753107
/content/yolo_view/test/Normal/Normal- (1763).jpg,1,1,2.5619608550186967e-06,0.9998503923416138,3.0823604902252555e-05,0.00011623269529081881
/content/yolo_view/test/Normal/Normal- (1764).jpg,1,1,1.2532435675893794e-06,0.9999071359634399,3.160526466672309e-05,5.996527397655882e-05
/content/yolo_view/test/Normal/Normal- (1765).jpg,1,1,2.105283329001395e-06,0.9997527003288269,5.3110994485905394e-05,0.00019217254885006696
/content/yolo_view/test/Normal/Normal- (1766).jpg,1,1,7.804542860867514e-07,0.9998847246170044,2.618164216983132e-05,8.837610948830843e-05
/content/yolo_view/test/Normal/Normal- (1767).jpg,1,1,8.559192110624281e-07,0.9998021721839905,3.308512532385066e-05,0.00016384145419579
/content/yolo_view/test/Normal/Normal- (1768).jpg,1,1,1.145665009971708e-06,0.9998018145561218,4.2691739508882165e-05,0.0001543102553114295
/content/yolo_view/test/Normal/Normal- (1769).jpg,1,1,4.014407295471756e-07,0.999782383441925,2.1384950741776265e-05,0.00019579753279685974
/content/yolo_view/test/Normal/Normal- (1770).jpg,1,1,9.432772429818215e-08,0.9999200105667114,7.271350114024244e-06,7.262351573444903e-05
/content/yolo_view/test/Normal/Normal- (1771).jpg,1,1,1.5237207051654877e-08,0.9999861717224121,3.2327661756426096e-06,1.0573339750408195e-05
/content/yolo_view/test/Normal/Normal- (1772).jpg,1,1,5.053691864986831e-08,0.9999696016311646,8.26184987090528e-06,2.1994168491801247e-05
/content/yolo_view/test/Normal/Normal- (1773).jpg,1,1,1.1029111846028172e-07,0.9999572038650513,2.4075949113466777e-05,1.8610537154017948e-05
/content/yolo_view/test/Normal/Normal- (1774).jpg,1,1,3.980110534484993e-07,0.9998739957809448,0.00010456526797497645,2.0969509932911023e-05
/content/yolo_view/test/Normal/Normal- (1775).jpg,1,1,4.985197961104859e-07,0.9998711347579956,0.00010159480007132515,2.6727320801001042e-05
/content/yolo_view/test/Normal/Normal- (1776).jpg,1,1,2.550085866914742e-07,0.9998950958251953,7.286485197255388e-05,3.1883981137070805e-05
/content/yolo_view/test/Normal/Normal- (1777).jpg,1,1,1.4292501759882725e-07,0.9999042749404907,4.949053982272744e-05,4.616554724634625e-05
/content/yolo_view/test/Normal/Normal- (1778).jpg,1,1,5.993015861349704e-08,0.9999628067016602,1.3739400856138673e-05,2.331727409909945e-05
/content/yolo_view/test/Normal/Normal- (1779).jpg,1,1,2.7557859993976308e-08,0.999977707862854,1.376615182380192e-05,8.410218470089603e-06
/content/yolo_view/test/Normal/Normal- (1780).jpg,1,1,7.589081363335026e-09,0.9999741315841675,2.36769574257778e-06,2.353974196012132e-05
/content/yolo_view/test/Normal/Normal- (1781).jpg,1,1,8.338425949716566e-09,0.9999645948410034,1.510766992396384e-06,3.382976501598023e-05
/content/yolo_view/test/Normal/Normal- (1782).jpg,1,1,5.440410077994784e-08,0.9999631643295288,3.682306896735099e-06,3.317070513730869e-05
/content/yolo_view/test/Normal/Normal- (1783).jpg,1,1,6.787926309925751e-08,0.9999579191207886,4.253406132193049e-06,3.775599179789424e-05
/content/yolo_view/test/Normal/Normal- (1787).jpg,1,1,3.812758819776718e-08,0.99994957447052,5.558090833801543e-06,4.478772825677879e-05
/content/yolo_view/test/Normal/Normal- (1788).jpg,1,1,5.6016123295421494e-08,0.9999750852584839,7.083162017806899e-06,1.7786191165214404e-05
/content/yolo_view/test/Normal/Normal- (1789).jpg,1,1,5.503663302874884e-08,0.999966025352478,6.750635748176137e-06,2.7229176339460537e-05
/content/yolo_view/test/Normal/Normal- (1790).jpg,1,1,1.420029338561335e-08,0.9999887943267822,4.234050720697269e-06,6.875342023704434e-06
/content/yolo_view/test/Normal/Normal- (1791).jpg,1,1,1.1636001495674009e-08,0.9999878406524658,6.824850970588159e-06,5.35500157639035e-06
/content/yolo_view/test/Normal/Normal- (1846).jpg,1,1,0.029400840401649475,0.7572957873344421,0.21068276464939117,0.002620624378323555
/content/yolo_view/test/Normal/Normal- (1847).jpg,1,1,0.010162563063204288,0.9503809809684753,0.03718480467796326,0.002271711826324463
/content/yolo_view/test/Normal/Normal- (1848).jpg,1,1,0.010644559748470783,0.9745433330535889,0.008516068570315838,0.006295987404882908
/content/yolo_view/test/Normal/Normal- (1862).jpg,1,1,9.74572866851986e-09,0.9998942613601685,3.1572007230806776e-08,0.00010576609201962128
/content/yolo_view/test/Normal/Normal- (1907).jpg,1,1,0.00010296616528648883,0.9822983741760254,2.3544285795651376e-05,0.017575155943632126
/content/yolo_view/test/Normal/Normal- (1913).jpg,1,1,0.08716128766536713,0.822241485118866,0.08340004086494446,0.007197095081210136
/content/yolo_view/test/Normal/Normal- (1956).jpg,1,1,2.650913530427851e-20,1.0,5.76696622314049e-14,1.2447980146657045e-11
/content/yolo_view/test/Normal/Normal- (1957).jpg,1,1,6.190893061689914e-20,1.0,3.160682097449151e-14,5.478263242347792e-12
/content/yolo_view/test/Normal/Normal- (1958).jpg,1,1,5.364684386356636e-20,1.0,2.0011401390129802e-13,1.2783935021687398e-10
/content/yolo_view/test/Normal/Normal- (1959).jpg,1,1,4.0242078306763374e-19,1.0,1.790881570644387e-12,1.8023191827865048e-09
/content/yolo_view/test/Normal/Normal- (1960).jpg,1,1,3.3469987441328995e-17,1.0,4.9930060086467165e-11,1.3050144964665833e-08
/content/yolo_view/test/Normal/Normal- (1962).jpg,1,1,2.6125688348742587e-16,0.9999996423721313,4.325663438553562e-10,3.5310006296640495e-07
/content/yolo_view/test/Normal/Normal- (1963).jpg,1,1,9.32727998446957e-17,1.0,1.980573621773729e-10,5.3948230771538874e-08
/content/yolo_view/test/Normal/Normal- (2117).jpg,1,1,5.166914544013278e-17,1.0,3.611129617553388e-09,2.9752651453662793e-09
/content/yolo_view/test/Normal/Normal- (2118).jpg,1,1,7.378623117540418e-18,1.0,1.2350886979817233e-09,5.378902323549539e-10
/content/yolo_view/test/Normal/Normal- (2119).jpg,1,1,2.2829150930697873e-18,1.0,2.986595415421789e-10,3.3236063901043167e-10
/content/yolo_view/test/Normal/Normal- (2120).jpg,1,1,2.3680495556895106e-18,1.0,4.746412152201174e-10,4.1018127783232217e-10
/content/yolo_view/test/Normal/Normal- (2121).jpg,1,1,1.2101360263496987e-19,1.0,7.911395843995805e-11,3.226944059186998e-11
/content/yolo_view/test/Normal/Normal- (2122).jpg,1,1,9.950407878487199e-18,1.0,1.99417149460146e-09,2.5692148408751336e-10
/content/yolo_view/test/Normal/Normal- (2123).jpg,1,1,1.2415895761730628e-15,1.0,2.856209668777865e-08,5.975282046932762e-09
/content/yolo_view/test/Normal/Normal- (2124).jpg,1,1,2.2013967745749314e-17,1.0,4.769219685840653e-09,3.7150704734756346e-10
/content/yolo_view/test/Normal/Normal- (2125).jpg,1,1,1.3192454401448707e-18,1.0,1.2023199102983995e-09,3.7201883934523394e-11
/content/yolo_view/test/Normal/Normal- (2126).jpg,1,1,4.2318699724941264e-19,1.0,1.4036958262408916e-09,5.45444982583132e-12
/content/yolo_view/test/Normal/Normal- (2127).jpg,1,1,3.813111596846746e-19,1.0,1.489079637373436e-09,5.153041188199481e-12
/content/yolo_view/test/Normal/Normal- (2128).jpg,1,1,6.032346965940963e-19,1.0,3.908123602514024e-09,5.399939176364832e-12
/content/yolo_view/test/Normal/Normal- (2129).jpg,1,1,1.079759902403365e-18,1.0,4.402981534923356e-09,8.972769575954498e-12
/content/yolo_view/test/Normal/Normal- (2130).jpg,1,1,3.066822579057716e-18,1.0,1.0214106005435042e-08,5.710384422263903e-12
/content/yolo_view/test/Normal/Normal- (2131).jpg,1,1,1.1056277219937917e-17,1.0,1.4722262520194818e-08,2.001512323934751e-11
/content/yolo_view/test/Normal/Normal- (2132).jpg,1,1,3.6046668284321477e-17,1.0,2.2322002024566245e-08,8.338967710797007e-11
/content/yolo_view/test/Normal/Normal- (2133).jpg,1,1,9.672529952025932e-17,1.0,4.788490670648571e-08,2.570705037729937e-10
/content/yolo_view/test/Normal/Normal- (2134).jpg,1,1,2.371611395407164e-18,1.0,6.391092988167202e-09,7.174680988208948e-11
/content/yolo_view/test/Normal/Normal- (2135).jpg,1,1,2.2647571053751845e-21,1.0,2.730974335563019e-10,8.67647208420419e-13
/content/yolo_view/test/Normal/Normal- (2136).jpg,1,1,1.1436584810822347e-21,1.0,2.4748603166813155e-10,2.341225900214655e-13
/content/yolo_view/test/Normal/Normal- (2137).jpg,1,1,2.2651641525535687e-20,1.0,5.478665854319331e-10,7.453340245336393e-13
/content/yolo_view/test/Normal/Normal- (2138).jpg,1,1,7.706010547576171e-21,1.0,2.8583702071927064e-10,2.411351012528845e-13
/content/yolo_view/test/Normal/Normal- (2139).jpg,1,1,4.266342336781362e-21,1.0,2.5068094822167097e-10,1.5022506079809955e-13
/content/yolo_view/test/Normal/Normal- (2140).jpg,1,1,9.732767030425179e-21,1.0,4.5246800750575744e-10,1.9259282211560314e-13
/content/yolo_view/test/Normal/Normal- (2141).jpg,1,1,1.6709091994423774e-20,1.0,7.012989633459199e-10,1.9090970666303664e-13
/content/yolo_view/test/Normal/Normal- (2142).jpg,1,1,1.5427241541540745e-19,1.0,2.016485423084191e-09,1.4976508531591715e-12
/content/yolo_view/test/Normal/Normal- (2143).jpg,1,1,1.1478429672734967e-18,1.0,6.313370271016083e-09,5.0439448624761685e-12
/content/yolo_view/test/Normal/Normal- (2144).jpg,1,1,1.94032500749115e-18,1.0,8.743190171855986e-09,3.654659474355837e-12
/content/yolo_view/test/Normal/Normal- (2145).jpg,1,1,1.48168895244623e-19,1.0,1.0106065984061274e-09,1.0122331575365684e-12
/content/yolo_view/test/Normal/Normal- (2146).jpg,1,1,1.0415205576065632e-19,1.0,4.2124975729862513e-10,1.0292330139202721e-12
/content/yolo_view/test/Normal/Normal- (2147).jpg,1,1,5.206778838594531e-19,1.0,8.251571648187905e-10,6.897750057764662e-13
/content/yolo_view/test/Normal/Normal- (2148).jpg,1,1,1.2711953972410661e-19,1.0,1.3161877143730294e-09,1.9974831250851866e-13
/content/yolo_view/test/Normal/Normal- (2149).jpg,1,1,1.0474893119609868e-19,1.0,1.4324519348463127e-09,2.2466102871272764e-13
/content/yolo_view/test/Normal/Normal- (2150).jpg,1,1,4.6519529227961455e-18,1.0,6.678086972300434e-09,2.1452204162358823e-12
/content/yolo_view/test/Normal/Normal- (2151).jpg,1,1,2.5909717115633157e-17,1.0,2.3423975648029227e-08,3.603369989543803e-12
/content/yolo_view/test/Normal/Normal- (2152).jpg,1,1,5.6736388525364235e-18,1.0,8.128436590482124e-09,1.2356050427611565e-12
/content/yolo_view/test/Normal/Normal- (2153).jpg,1,1,7.812455153791564e-19,1.0,2.82733481071773e-09,1.0453813379177057e-12
/content/yolo_view/test/Normal/Normal- (2207).jpg,1,1,4.531657099809787e-14,0.9999997615814209,3.17418162865124e-08,1.7923636619343597e-07
/content/yolo_view/test/Normal/Normal- (2342).jpg,1,1,1.0169335951414261e-16,1.0,8.313732341447277e-11,6.878237979179858e-10
/content/yolo_view/test/Normal/Normal- (2343).jpg,1,1,3.3679663168232406e-16,1.0,2.4976221091321804e-10,1.7645691574585953e-09
/content/yolo_view/test/Normal/Normal- (2344).jpg,1,1,4.4669252326180135e-15,1.0,1.616312861330016e-09,2.1364375157872928e-08
/content/yolo_view/test/Normal/Normal- (2345).jpg,1,1,5.903439006931801e-16,1.0,1.3412796429079776e-09,3.66341197377551e-08
/content/yolo_view/test/Normal/Normal- (2346).jpg,1,1,4.204986275849811e-16,0.9999998807907104,8.498042824989227e-10,1.1251756149022185e-07
/content/yolo_view/test/Normal/Normal- (2347).jpg,1,1,5.876406876862466e-17,1.0,3.5039057766361736e-10,4.774610218305497e-08
/content/yolo_view/test/Normal/Normal- (2348).jpg,1,1,2.151091388575825e-16,0.9999998807907104,1.4280732152371911e-09,1.6644678169086546e-07
/content/yolo_view/test/Normal/Normal- (2349).jpg,1,1,6.403111683450993e-15,0.9999992847442627,1.112182346219015e-08,6.644046379733481e-07
/content/yolo_view/test/Normal/Normal- (2350).jpg,1,1,3.1265151600491647e-13,0.9999948740005493,1.5721393253897986e-07,5.017001512896968e-06
/content/yolo_view/test/Normal/Normal- (2351).jpg,1,1,9.870249062515768e-11,0.9999264478683472,5.163824880582979e-06,6.846181349828839e-05
/content/yolo_view/test/Normal/Normal- (2352).jpg,1,1,1.4672414672123324e-10,0.9999243021011353,1.1821558700830792e-06,7.451634155586362e-05
/content/yolo_view/test/Normal/Normal- (2353).jpg,1,1,2.1317558829281325e-11,0.9999706745147705,1.4278532489697682e-07,2.9152190109016374e-05
/content/yolo_view/test/Normal/Normal- (2354).jpg,1,1,1.4447198992684207e-10,0.9998137354850769,2.0041687776028994e-07,0.0001860980992205441
/content/yolo_view/test/Normal/Normal- (2355).jpg,1,1,1.8116066979878553e-10,0.9998112320899963,2.299859147569805e-07,0.00018849557091016322
/content/yolo_view/test/Normal/Normal- (2356).jpg,1,1,3.444441259992104e-11,0.999971866607666,1.3499591489107843e-07,2.7966843845206313e-05
/content/yolo_view/test/Normal/Normal- (2357).jpg,1,1,1.7379346226031878e-11,0.9999934434890747,2.354401118509486e-07,6.366872639773646e-06
/content/yolo_view/test/Normal/Normal- (2358).jpg,1,1,2.5516979154649455e-11,0.9999970197677612,2.2072875083267718e-07,2.739501724136062e-06
/content/yolo_view/test/Normal/Normal- (2359).jpg,1,1,2.5886521658885497e-12,0.9999982118606567,6.650532924368235e-08,1.7195271766468068e-06
/content/yolo_view/test/Normal/Normal- (2360).jpg,1,1,3.5593368530317804e-12,0.9999957084655762,1.093287664843956e-07,4.207437086733989e-06
/content/yolo_view/test/Normal/Normal- (2738).jpg,1,1,2.995415881806831e-17,1.0,4.0668930896547995e-12,2.5632335143299656e-10
/content/yolo_view/test/Normal/Normal- (2739).jpg,1,1,4.676295193862356e-17,1.0,4.4105222946067e-12,3.865118225476749e-10
/content/yolo_view/test/Normal/Normal- (2740).jpg,1,1,3.0480217977101512e-18,1.0,2.750148470499064e-13,1.5728506275181076e-09
/content/yolo_view/test/Normal/Normal- (2741).jpg,1,1,1.9639471351160718e-17,1.0,9.480003587691854e-13,2.19448015315038e-09
/content/yolo_view/test/Normal/Normal- (2742).jpg,1,1,5.1934509943723466e-18,1.0,4.935678059835025e-13,1.4520508406778987e-10
/content/yolo_view/test/Normal/Normal- (2743).jpg,1,1,3.841981306578916e-17,1.0,1.0235636123401282e-12,2.1069949951435518e-10
/content/yolo_view/test/Normal/Normal- (2773).jpg,1,1,3.317128472943298e-13,0.9999998807907104,3.727875230730149e-10,5.985584294876389e-08
/content/yolo_view/test/Normal/Normal- (2774).jpg,1,1,3.608372891390939e-14,0.9999998807907104,1.0740294070776812e-10,1.0927062987775571e-07
/content/yolo_view/test/Normal/Normal- (2775).jpg,1,1,3.520525071552122e-13,0.9999992847442627,6.276514863401417e-10,6.890053896313475e-07
/content/yolo_view/test/Normal/Normal- (2776).jpg,1,1,8.89914444218709e-13,0.9999991655349731,1.2682122019214148e-09,8.396593216275505e-07
/content/yolo_view/test/Normal/Normal- (2777).jpg,1,1,3.3694677907189496e-13,0.9999996423721313,2.552299760427701e-10,3.7319986745387723e-07
/content/yolo_view/test/Normal/Normal- (2908).jpg,1,1,5.938306080590164e-14,0.9999998807907104,1.5829837440861638e-09,1.5664855368413555e-07
/content/yolo_view/test/Normal/Normal- (2909).jpg,1,1,1.109153242341565e-12,0.9999996423721313,3.958863104003285e-08,3.254877753988694e-07
/content/yolo_view/test/Normal/Normal- (2910).jpg,1,1,1.8469434152641045e-13,0.9999998807907104,2.001659282768742e-09,1.277343528727215e-07
/content/yolo_view/test/Normal/Normal- (2911).jpg,1,1,1.5963701985744622e-13,0.9999998807907104,2.603455451222203e-09,1.5790831753292878e-07
/content/yolo_view/test/Normal/Normal- (2912).jpg,1,1,1.7718873514694505e-13,0.9999998807907104,3.014823946045908e-09,1.1867234661622206e-07
/content/yolo_view/test/Normal/Normal- (2913).jpg,1,1,2.370742728378169e-14,0.9999997615814209,8.457181066567898e-10,1.9256617633800488e-07
/content/yolo_view/test/Normal/Normal- (2914).jpg,1,1,4.3050517306835595e-15,0.9999998807907104,1.0344001349915644e-10,1.5462183000636287e-07
/content/yolo_view/test/Normal/Normal- (2915).jpg,1,1,3.2922715880687745e-15,0.9999998807907104,2.949192973167314e-11,1.4007271431637491e-07
/content/yolo_view/test/Normal/Normal- (2916).jpg,1,1,9.782630841460513e-15,0.9999992847442627,3.638744514034009e-11,6.624160846513405e-07
/content/yolo_view/test/Normal/Normal- (2917).jpg,1,1,8.989524246793158e-15,0.9999997615814209,1.775322597263873e-11,2.145374793371957e-07
/content/yolo_view/test/Normal/Normal- (2952).jpg,1,1,4.378524384967934e-14,1.0,3.446189444922254e-10,2.9057405370735978e-08
/content/yolo_view/test/Normal/Normal- (2953).jpg,1,1,3.514970229484028e-14,1.0,8.865160688875662e-11,5.662985813614796e-08
/content/yolo_view/test/Normal/Normal- (2979).jpg,1,1,2.748265615082346e-06,0.9997215867042542,7.248166366480291e-05,0.000203231000341475
/content/yolo_view/test/Normal/Normal- (2980).jpg,1,1,1.8105175740856794e-06,0.9997580647468567,6.866604235256091e-05,0.00017149648920167238
/content/yolo_view/test/Normal/Normal- (2981).jpg,1,1,8.779231279731903e-07,0.9998279809951782,6.690106965834275e-05,0.00010420944454381242
/content/yolo_view/test/Normal/Normal- (2982).jpg,1,1,3.593040389660018e-07,0.9998751878738403,5.444335693027824e-05,6.994459545239806e-05
/content/yolo_view/test/Normal/Normal- (2983).jpg,1,1,1.488908765168162e-06,0.999586284160614,6.523633055621758e-05,0.00034697860246524215
/content/yolo_view/test/Normal/Normal- (2984).jpg,1,1,1.4826640608589514e-06,0.9989866614341736,7.838115561753511e-05,0.0009334188653156161
/content/yolo_view/test/Normal/Normal- (2985).jpg,1,1,1.928555093400064e-06,0.9961997866630554,8.983398583950475e-05,0.0037084256764501333
/content/yolo_view/test/Normal/Normal- (2986).jpg,1,1,9.77111312749912e-07,0.9962418079376221,7.407098019029945e-05,0.0036831130273640156
/content/yolo_view/test/Normal/Normal- (2987).jpg,1,1,4.843604983761907e-07,0.9979720711708069,5.802462692372501e-05,0.0019693926442414522
/content/yolo_view/test/Normal/Normal- (2988).jpg,1,1,3.6375257650433923e-07,0.9993076324462891,2.2425796487368643e-05,0.0006695677293464541
/content/yolo_view/test/Normal/Normal- (2989).jpg,1,1,5.072755016044539e-07,0.9997363686561584,1.5934845578158274e-05,0.0002471799962222576
/content/yolo_view/test/Normal/Normal- (2990).jpg,1,1,1.832755884834114e-07,0.9993448853492737,9.965528988686856e-06,0.000644975109025836
/content/yolo_view/test/Normal/Normal- (2991).jpg,1,1,1.6183999917984693e-08,0.9997697472572327,1.7927231965586543e-06,0.00022850147797726095
/content/yolo_view/test/Normal/Normal- (2992).jpg,1,1,9.140473622437639e-08,0.9998465776443481,3.1565143672196427e-06,0.00015019452257547528
/content/yolo_view/test/Normal/Normal- (2993).jpg,1,1,1.0845982956197986e-07,0.9999029636383057,1.5624555089743808e-06,9.540684550302103e-05
/content/yolo_view/test/Normal/Normal- (2994).jpg,1,1,1.1062005000894715e-07,0.9998109936714172,1.0976501698678476e-06,0.00018777964578475803
/content/yolo_view/test/Normal/Normal- (2995).jpg,1,1,2.3480427557842631e-07,0.9996867179870605,1.5178817420746782e-06,0.00031153109739534557
/content/yolo_view/test/Normal/Normal- (2996).jpg,1,1,1.3019219124998926e-07,0.9993017911911011,2.2101255581219448e-06,0.0006957709556445479
/content/yolo_view/test/Normal/Normal- (2997).jpg,1,1,4.450219037721581e-08,0.9997132420539856,1.8051746337732766e-06,0.0002848651201929897
/content/yolo_view/test/Normal/Normal- (2998).jpg,1,1,2.6851679990613775e-08,0.999675989151001,1.858473979154951e-06,0.00032210745848715305
/content/yolo_view/test/Normal/Normal- (2999).jpg,1,1,1.1406193767271589e-09,0.9998735189437866,5.188170462133712e-07,0.00012598787725437433
/content/yolo_view/test/Normal/Normal- (3000).jpg,1,1,3.062567560663254e-11,0.9999469518661499,7.778896815580083e-08,5.292213609209284e-05
/content/yolo_view/test/Normal/Normal- (3001).jpg,1,1,7.486425541991526e-12,0.9999711513519287,3.807143755807374e-08,2.8824939363403246e-05
/content/yolo_view/test/Normal/Normal- (3002).jpg,1,1,4.650832843844377e-11,0.999957799911499,1.6817462267226801e-07,4.212378553347662e-05
/content/yolo_view/test/Normal/Normal- (3003).jpg,1,1,7.788949346609897e-11,0.9999428987503052,1.8512398014536302e-07,5.680921458406374e-05
/content/yolo_view/test/Normal/Normal- (3004).jpg,1,1,3.5803687792324013e-10,0.9997369647026062,4.050241386721609e-07,0.0002626485947985202
/content/yolo_view/test/Normal/Normal- (3005).jpg,1,1,2.4480046462160843e-11,0.9998701810836792,9.221503916023721e-08,0.00012974077253602445
/content/yolo_view/test/Normal/Normal- (3006).jpg,1,1,2.931761170638092e-12,0.9999392032623291,2.538854815270497e-08,6.0762264183722436e-05
/content/yolo_view/test/Normal/Normal- (3007).jpg,1,1,1.0120124139742503e-12,0.999955415725708,1.0065646982582166e-08,4.4577271182788536e-05
/content/yolo_view/test/Normal/Normal- (3008).jpg,1,1,1.2168250348304488e-13,0.9999817609786987,2.6331823388403564e-09,1.821699333959259e-05
/content/yolo_view/test/Normal/Normal- (3009).jpg,1,1,5.528736648184596e-13,0.9999840259552002,3.845300522442585e-09,1.5980071111698635e-05
/content/yolo_view/test/Normal/Normal- (3010).jpg,1,1,9.782479513942288e-12,0.9999651908874512,2.9967935688546277e-08,3.486423156573437e-05
/content/yolo_view/test/Normal/Normal- (3011).jpg,1,1,1.7917348160700897e-10,0.9998821020126343,4.193709912669874e-07,0.00011737213208107278
/content/yolo_view/test/Normal/Normal- (3012).jpg,1,1,1.3838881152139493e-09,0.9997826218605042,1.994775402636151e-06,0.00021540382294915617
/content/yolo_view/test/Normal/Normal- (3013).jpg,1,1,2.710217328338871e-10,0.9998719692230225,7.635003953510022e-07,0.00012733730545733124
/content/yolo_view/test/Normal/Normal- (3014).jpg,1,1,3.363540279632815e-10,0.9997404217720032,8.090045753306185e-07,0.00025877903681248426
/content/yolo_view/test/Normal/Normal- (3015).jpg,1,1,2.765699003148825e-09,0.9992433786392212,5.066466201242292e-06,0.0007515188190154731
/content/yolo_view/test/Normal/Normal- (3016).jpg,1,1,6.430269205992545e-09,0.9989227652549744,1.963314753083978e-05,0.0010575371561571956
/content/yolo_view/test/Normal/Normal- (3017).jpg,1,1,7.596153706046493e-10,0.9993498921394348,3.7542397990364407e-07,0.0006497831782326102
/content/yolo_view/test/Normal/Normal- (3018).jpg,1,1,6.080804748620494e-10,0.9983198046684265,4.3744279309976264e-07,0.0016796865966171026
/content/yolo_view/test/Normal/Normal- (3019).jpg,1,1,3.2178555375850237e-09,0.9971957206726074,1.5647581221855944e-06,0.0028027750086039305
/content/yolo_view/test/Normal/Normal- (3020).jpg,1,1,6.351378534219521e-09,0.9978430271148682,2.6320137749280548e-06,0.0021543523762375116
/content/yolo_view/test/Normal/Normal- (3021).jpg,1,1,1.8754984232316474e-09,0.9967356324195862,6.265574938879581e-07,0.003263751743361354
/content/yolo_view/test/Normal/Normal- (3022).jpg,1,1,2.4949090016157527e-10,0.998727023601532,4.339217127835582e-07,0.0012724905973300338
/content/yolo_view/test/Normal/Normal- (3023).jpg,1,1,2.766562257061622e-10,0.9984201192855835,1.2175668189229327e-06,0.0015786788426339626
/content/yolo_view/test/Normal/Normal- (3024).jpg,1,1,2.5985169571640654e-10,0.9975971579551697,5.71389307424397e-07,0.002402256242930889
/content/yolo_view/test/Normal/Normal- (3025).jpg,1,1,6.833749677248591e-10,0.996302604675293,6.069291771382268e-07,0.0036968463100492954
/content/yolo_view/test/Normal/Normal- (3026).jpg,1,1,1.131474580695624e-09,0.997529923915863,9.704758667794522e-07,0.00246914429590106
/content/yolo_view/test/Normal/Normal- (3027).jpg,1,1,8.857861666378142e-10,0.9980162382125854,1.1133417956443736e-06,0.001982624875381589
/content/yolo_view/test/Normal/Normal- (3028).jpg,1,1,1.4772620904324185e-09,0.9945684671401978,1.3352693031265517e-06,0.005430242046713829
/content/yolo_view/test/Normal/Normal- (3029).jpg,1,1,2.082609196207841e-09,0.9925232529640198,1.0309854587831069e-06,0.007475728169083595
/content/yolo_view/test/Normal/Normal- (3030).jpg,1,1,7.11662229146981e-10,0.9960307478904724,3.0711177601006057e-07,0.003968839533627033
/content/yolo_view/test/Normal/Normal- (3031).jpg,1,1,4.302540101974728e-09,0.9946801066398621,4.235730841628538e-07,0.005319449119269848
/content/yolo_view/test/Normal/Normal- (3032).jpg,1,1,3.30397723069531e-11,0.9984403252601624,2.0690546165269552e-08,0.0015596374869346619
/content/yolo_view/test/Normal/Normal- (3033).jpg,1,1,1.0598734563604939e-11,0.9994851350784302,1.9824767605314264e-08,0.0005147791816852987
/content/yolo_view/test/Normal/Normal- (3034).jpg,1,1,1.515598896384418e-10,0.9995675683021545,1.5624624438714818e-07,0.00043235684279352427
/content/yolo_view/test/Normal/Normal- (3035).jpg,1,1,3.829823125300891e-09,0.9994280934333801,1.7514897763248882e-06,0.0005700396723113954
/content/yolo_view/test/Normal/Normal- (3036).jpg,1,1,2.0799712174834895e-08,0.9967790246009827,5.967506240267539e-06,0.003215051256120205
/content/yolo_view/test/Normal/Normal- (3037).jpg,1,1,1.2600483501046256e-07,0.9833705425262451,2.0253170077921823e-05,0.01660904660820961
/content/yolo_view/test/Normal/Normal- (3038).jpg,1,1,4.011123735381261e-07,0.9539588689804077,3.856202238239348e-05,0.046002067625522614
/content/yolo_view/test/Normal/Normal- (3039).jpg,1,1,2.256327462646368e-07,0.9549689888954163,2.577347549959086e-05,0.04500506818294525
/content/yolo_view/test/Normal/Normal- (3040).jpg,1,1,7.522690026462442e-09,0.9884545207023621,2.26140150516585e-06,0.01154324971139431
/content/yolo_view/test/Normal/Normal- (3041).jpg,1,1,1.9712538268379376e-09,0.9795157313346863,8.395780923819984e-07,0.020483436062932014
/content/yolo_view/test/Normal/Normal- (3042).jpg,1,1,3.5081182403473576e-09,0.9842798709869385,2.063291049125837e-06,0.015718016773462296
/content/yolo_view/test/Normal/Normal- (3043).jpg,1,1,8.843183407769573e-10,0.9947787523269653,1.2947845107191824e-06,0.005219963379204273
/content/yolo_view/test/Normal/Normal- (3044).jpg,1,1,2.8306463839555818e-09,0.9930618405342102,4.630980129149975e-06,0.006933581084012985
/content/yolo_view/test/Normal/Normal- (3045).jpg,1,1,3.5520426600044175e-09,0.9788967967033386,7.185263712017331e-06,0.02109593152999878
/content/yolo_view/test/Normal/Normal- (3046).jpg,1,1,3.2794893467524844e-09,0.9918392300605774,8.526129022357054e-06,0.008152260445058346
/content/yolo_view/test/Normal/Normal- (3047).jpg,1,1,5.609956499341706e-09,0.9936015009880066,1.347155193798244e-05,0.006384939420968294
/content/yolo_view/test/Normal/Normal- (3048).jpg,1,1,1.9987986377145717e-08,0.9885830879211426,2.7602698537521064e-05,0.011389387771487236
/content/yolo_view/test/Normal/Normal- (3049).jpg,1,1,5.116347097100515e-07,0.9812906384468079,0.0002656411670614034,0.018443284556269646
/content/yolo_view/test/Normal/Normal- (3050).jpg,1,1,3.3517876545374747e-06,0.964486837387085,0.0007069504354149103,0.034802813082933426
/content/yolo_view/test/Normal/Normal- (3051).jpg,1,1,1.1023155821021646e-05,0.9026862978935242,0.0013309100177139044,0.09597167372703552
/content/yolo_view/test/Normal/Normal- (3052).jpg,1,1,1.2908568351122085e-05,0.7205756902694702,0.0008864275296218693,0.2785249352455139
/content/yolo_view/test/Normal/Normal- (3053).jpg,1,3,1.0412910341983661e-05,0.23699867725372314,0.0004925005487166345,0.7624983191490173
/content/yolo_view/test/Normal/Normal- (3054).jpg,1,3,3.9747919799992815e-06,0.27159368991851807,0.00029749920940957963,0.728104829788208
/content/yolo_view/test/Normal/Normal- (3055).jpg,1,3,1.4420179468288552e-06,0.1974644660949707,0.00023089820751920342,0.8023031949996948
/content/yolo_view/test/Normal/Normal- (3056).jpg,1,3,1.5046514363348251e-06,0.2553308606147766,0.00018814978830050677,0.7444794774055481
/content/yolo_view/test/Normal/Normal- (3057).jpg,1,3,7.451665737789881e-07,0.4784630835056305,0.0002115444076480344,0.521324634552002
/content/yolo_view/test/Normal/Normal- (3058).jpg,1,1,8.56228780321544e-07,0.6759287118911743,0.00010713236406445503,0.32396331429481506
/content/yolo_view/test/Normal/Normal- (3059).jpg,1,1,1.2080512306056335e-06,0.8711165189743042,3.737264341907576e-05,0.12884491682052612
/content/yolo_view/test/Normal/Normal- (3060).jpg,1,1,7.040153491288947e-07,0.8437967300415039,2.507074168534018e-05,0.15617749094963074
/content/yolo_view/test/Normal/Normal- (3061).jpg,1,1,6.507595458060678e-07,0.8066352605819702,2.9279546652105637e-05,0.19333487749099731
/content/yolo_view/test/Normal/Normal- (3062).jpg,1,1,4.6521407170985185e-07,0.8577023148536682,3.18694619636517e-05,0.14226539433002472
/content/yolo_view/test/Normal/Normal- (3063).jpg,1,1,1.1711151870485992e-07,0.8642394542694092,1.5338582670665346e-05,0.1357451230287552
/content/yolo_view/test/Normal/Normal- (3064).jpg,1,1,1.5990390522802045e-07,0.8075474500656128,8.540286216884851e-06,0.19244392216205597
/content/yolo_view/test/Normal/Normal- (3065).jpg,1,1,3.1433739877684275e-07,0.7917839288711548,1.4730464499734808e-05,0.20820103585720062
/content/yolo_view/test/Normal/Normal- (3066).jpg,1,1,4.256797865309636e-07,0.7416133284568787,1.761895873642061e-05,0.2583686411380768
/content/yolo_view/test/Normal/Normal- (3067).jpg,1,1,2.3886323674560117e-07,0.754065990447998,1.1368982086423784e-05,0.24592240154743195
/content/yolo_view/test/Normal/Normal- (3068).jpg,1,1,1.2513571334693552e-07,0.7991714477539062,6.621279680985026e-06,0.20082174241542816
/content/yolo_view/test/Normal/Normal- (3069).jpg,1,1,4.053023303640657e-07,0.7716642618179321,8.155665454978589e-06,0.22832714021205902
/content/yolo_view/test/Normal/Normal- (3070).jpg,1,1,1.5563151123387797e-07,0.8505199551582336,3.7706458897446282e-06,0.1494760364294052
/content/yolo_view/test/Normal/Normal- (3071).jpg,1,1,1.2881518784979562e-07,0.9146410226821899,2.5331255528726615e-06,0.08535642176866531
/content/yolo_view/test/Normal/Normal- (3072).jpg,1,1,1.2009108729671425e-07,0.9392163753509521,1.4710424238728592e-06,0.06078212708234787
/content/yolo_view/test/Normal/Normal- (3073).jpg,1,1,6.693210252706194e-08,0.90169757604599,7.033008841972332e-07,0.09830168634653091
/content/yolo_view/test/Normal/Normal- (3074).jpg,1,1,3.723675945366267e-08,0.9130277037620544,5.422540425570332e-07,0.08697173744440079
/content/yolo_view/test/Normal/Normal- (3075).jpg,1,1,1.1275404609989437e-08,0.9457683563232422,2.533737131216185e-07,0.05423140898346901
/content/yolo_view/test/Normal/Normal- (3076).jpg,1,1,2.1895283808248678e-08,0.8953167200088501,4.6515964413629263e-07,0.1046828031539917
/content/yolo_view/test/Normal/Normal- (3077).jpg,1,1,8.772995663264282e-09,0.9591649174690247,3.088567268605402e-07,0.040834736078977585
/content/yolo_view/test/Normal/Normal- (3078).jpg,1,1,2.6310233991466703e-09,0.9528433680534363,2.0607916439985274e-07,0.04715641215443611
/content/yolo_view/test/Normal/Normal- (3079).jpg,1,1,6.284791798094602e-09,0.9265850782394409,3.3968706247833325e-07,0.07341458648443222
/content/yolo_view/test/Normal/Normal- (3080).jpg,1,1,2.7851172479387287e-09,0.9739166498184204,3.604171752158436e-07,0.026082977652549744
/content/yolo_view/test/Normal/Normal- (3081).jpg,1,1,9.235354703207577e-10,0.9936863780021667,2.392154101471533e-07,0.00631342688575387
/content/yolo_view/test/Normal/Normal- (3082).jpg,1,1,6.73594582889514e-11,0.99819415807724,7.818018588068298e-08,0.0018057877896353602
/content/yolo_view/test/Normal/Normal- (3083).jpg,1,1,2.6940769060068703e-11,0.9982343912124634,5.803779501434292e-08,0.001765608903951943
/content/yolo_view/test/Normal/Normal- (3084).jpg,1,1,3.655259775414699e-11,0.9988825917243958,2.1701193020362552e-07,0.0011172196827828884
/content/yolo_view/test/Normal/Normal- (3085).jpg,1,1,1.3208073523784947e-11,0.9998255372047424,3.487681681235699e-07,0.00017415692855138332
/content/yolo_view/test/Normal/Normal- (3086).jpg,1,1,1.2524531758928426e-11,0.999886155128479,3.2590119758424407e-07,0.00011342820653226227
/content/yolo_view/test/Normal/Normal- (3087).jpg,1,1,9.08487369534472e-13,0.999969482421875,1.5507016826177278e-07,3.037769056390971e-05
/content/yolo_view/test/Normal/Normal- (3088).jpg,1,1,1.2584647950467098e-12,0.9999639987945557,1.4393319247574254e-07,3.5934110201196745e-05
/content/yolo_view/test/Normal/Normal- (3089).jpg,1,1,4.3265759898380995e-12,0.9999674558639526,4.221511744617601e-07,3.201047729817219e-05
/content/yolo_view/test/Normal/Normal- (3090).jpg,1,1,9.501891461149992e-12,0.9999291896820068,7.05723891769594e-07,7.006976375123486e-05
/content/yolo_view/test/Normal/Normal- (3091).jpg,1,1,4.141069431806699e-12,0.9999034404754639,4.4816590616392205e-07,9.601983765605837e-05
/content/yolo_view/test/Normal/Normal- (3092).jpg,1,1,8.139099637316516e-12,0.9999107122421265,1.1213502375539974e-06,8.818762580631301e-05
/content/yolo_view/test/Normal/Normal- (3093).jpg,1,1,9.05893589309148e-12,0.9999632835388184,1.0472100484548719e-06,3.568917600205168e-05
/content/yolo_view/test/Normal/Normal- (3094).jpg,1,1,2.5039662183978795e-12,0.9999839067459106,3.880896315422433e-07,1.5734840417280793e-05
/content/yolo_view/test/Normal/Normal- (3095).jpg,1,1,5.563860461764436e-13,0.9999939203262329,7.90271741379911e-08,5.931322448304854e-06
/content/yolo_view/test/Normal/Normal- (3096).jpg,1,1,6.989590655391564e-13,0.9999839067459106,7.864520767952854e-08,1.6019648683140986e-05
/content/yolo_view/test/Normal/Normal- (3097).jpg,1,1,6.7398586711675534e-12,0.99996018409729,5.19738023285754e-07,3.929195008822717e-05
/content/yolo_view/test/Normal/Normal- (3098).jpg,1,1,2.362095796737407e-10,0.9997369647026062,3.699402213896974e-06,0.0002592773817013949
/content/yolo_view/test/Normal/Normal- (3099).jpg,1,1,4.456658306284389e-11,0.9999246597290039,6.85843474457215e-07,7.458796608261764e-05
/content/yolo_view/test/Normal/Normal- (3100).jpg,1,1,7.378114612321962e-12,0.9999700784683228,6.195882065185288e-07,2.9309117962839082e-05
/content/yolo_view/test/Normal/Normal- (3101).jpg,1,1,6.405979219303859e-11,0.9999604225158691,1.7717258060656604e-06,3.782780913752504e-05
/content/yolo_view/test/Normal/Normal- (3102).jpg,1,1,2.5968628289407825e-11,0.9999754428863525,1.7057570858014515e-06,2.2845732019050047e-05
/content/yolo_view/test/Normal/Normal- (3103).jpg,1,1,1.3208785627771835e-11,0.9999728202819824,1.474714281357592e-06,2.5713503418955952e-05
/content/yolo_view/test/Normal/Normal- (3104).jpg,1,1,5.381095222189991e-11,0.9998835325241089,5.511712970474036e-06,0.00011100405390607193
/content/yolo_view/test/Normal/Normal- (3105).jpg,1,1,1.49697643170299e-10,0.9997602105140686,1.2471516129153315e-05,0.00022730781347490847
/content/yolo_view/test/Normal/Normal- (3106).jpg,1,1,1.2771314561454972e-10,0.9998323917388916,1.0168328117288183e-05,0.0001574240013724193
/content/yolo_view/test/Normal/Normal- (3107).jpg,1,1,1.3232630269310874e-10,0.999853253364563,8.09484572528163e-06,0.00013866250810679048
/content/yolo_view/test/Normal/Normal- (3108).jpg,1,1,3.27888410867061e-11,0.9998941421508789,1.6102243307614117e-06,0.00010422240302432328
/content/yolo_view/test/Normal/Normal- (3109).jpg,1,1,1.315435677051724e-10,0.9998409748077393,3.580383463486214e-06,0.00015541112225037068
/content/yolo_view/test/Normal/Normal- (3110).jpg,1,1,5.326188379228824e-10,0.9997779726982117,1.0246915735478979e-05,0.00021176240989007056
/content/yolo_view/test/Normal/Normal- (3111).jpg,1,1,6.205788105617671e-10,0.9996627569198608,1.0275061868014745e-05,0.0003270177112426609
/content/yolo_view/test/Normal/Normal- (3112).jpg,1,1,1.559144202634144e-10,0.999897837638855,5.766456524725072e-06,9.64030041359365e-05
/content/yolo_view/test/Normal/Normal- (3113).jpg,1,1,6.462116258765249e-11,0.999946117401123,2.103220140270423e-06,5.167643757886253e-05
/content/yolo_view/test/Normal/Normal- (3114).jpg,1,1,6.028420124204459e-11,0.9999475479125977,3.452001919868053e-06,4.9016380216926336e-05
/content/yolo_view/test/Normal/Normal- (3115).jpg,1,1,4.383323912171555e-11,0.9999076128005981,4.747920229419833e-06,8.758472540648654e-05
/content/yolo_view/test/Normal/Normal- (3116).jpg,1,1,4.6916623364090526e-11,0.999943733215332,3.880642452713801e-06,5.235695789451711e-05
/content/yolo_view/test/Normal/Normal- (3117).jpg,1,1,2.124663986413644e-11,0.9999839067459106,1.990798182305298e-06,1.4009065125719644e-05
/content/yolo_view/test/Normal/Normal- (3124).jpg,1,1,1.2127338196166182e-11,0.9999983310699463,1.5977745988493552e-06,8.047729949112181e-08
/content/yolo_view/test/Normal/Normal- (3125).jpg,1,1,3.0100475063854493e-12,0.999998927116394,9.403332796864561e-07,7.505435206667244e-08
/content/yolo_view/test/Normal/Normal- (3126).jpg,1,1,3.0136281924803e-12,0.9999995231628418,3.926775491436274e-07,1.672577525368979e-07
/content/yolo_view/test/Normal/Normal- (3127).jpg,1,1,5.833510757780047e-13,0.9999995231628418,1.935847535605717e-07,2.632026792070974e-07
/content/yolo_view/test/Normal/Normal- (3128).jpg,1,1,2.0000593249722837e-13,0.9999995231628418,5.147047232867408e-08,5.096247832625522e-07
/content/yolo_view/test/Normal/Normal- (3129).jpg,1,1,6.327998156941197e-14,0.9999994039535522,1.2370666269134745e-08,6.301072517089779e-07
/content/yolo_view/test/Normal/Normal- (3130).jpg,1,1,6.714657855341061e-14,0.9999992847442627,7.771088661456815e-08,5.870159611731651e-07
/content/yolo_view/test/Normal/Normal- (3131).jpg,1,1,4.106923609244022e-14,0.9999997615814209,9.159955993709445e-08,7.18774373353881e-08
/content/yolo_view/test/Normal/Normal- (3132).jpg,1,1,1.597081977300699e-14,0.9999998807907104,1.5219001170407864e-08,1.1703077262836814e-07
/content/yolo_view/test/Normal/Normal- (3133).jpg,1,1,7.417632690530623e-16,1.0,7.446204208783058e-10,8.266635376230624e-09
/content/yolo_view/test/Normal/Normal- (3134).jpg,1,1,6.866943748993896e-16,1.0,6.412837483260603e-10,1.658953863170609e-08
/content/yolo_view/test/Normal/Normal- (3135).jpg,1,1,3.4113608735022625e-16,1.0,1.4035673734369425e-09,7.797488876803982e-09
/content/yolo_view/test/Normal/Normal- (3136).jpg,1,1,5.52031276999888e-16,1.0,2.7316424677792384e-09,2.3751407951522197e-08
/content/yolo_view/test/Normal/Normal- (3137).jpg,1,1,1.3297617884548544e-15,1.0,4.352606275404014e-09,2.8963558662553623e-08
/content/yolo_view/test/Normal/Normal- (3138).jpg,1,1,1.586286203574764e-14,0.9999997615814209,2.569800017226953e-08,2.413911488474696e-07
/content/yolo_view/test/Normal/Normal- (3139).jpg,1,1,2.072769243028315e-15,0.9999998807907104,7.891750364308336e-09,1.5988585744253214e-07
/content/yolo_view/test/Normal/Normal- (3140).jpg,1,1,3.5057406196775664e-15,0.9999996423721313,1.0966769714571e-08,3.5034790357713064e-07
/content/yolo_view/test/Normal/Normal- (3141).jpg,1,1,7.625582984850698e-16,0.9999998807907104,1.1585250980772344e-08,8.369828918830535e-08
/content/yolo_view/test/Normal/Normal- (3142).jpg,1,1,6.414500464943301e-15,0.9999986886978149,5.492810828400252e-08,1.3545175079343608e-06
/content/yolo_view/test/Normal/Normal- (3143).jpg,1,1,3.577716820854027e-15,0.9999979734420776,1.2087701506402482e-08,2.0288512132538017e-06
/content/yolo_view/test/Normal/Normal- (3144).jpg,1,1,2.4682401169586962e-14,0.999997615814209,4.4735042337151754e-08,2.3605905425938545e-06
/content/yolo_view/test/Normal/Normal- (3145).jpg,1,1,2.153119974250984e-14,0.9999992847442627,3.593559938508406e-08,6.647500185863464e-07
/content/yolo_view/test/Normal/Normal- (3146).jpg,1,1,7.968118894731424e-14,0.999998927116394,2.890481098916098e-08,1.0486575092727435e-06
/content/yolo_view/test/Normal/Normal- (3147).jpg,1,1,2.2278801186151852e-14,0.9999998807907104,8.29582447181565e-09,1.712792823127529e-07
/content/yolo_view/test/Normal/Normal- (3148).jpg,1,1,4.9846991090991485e-14,0.9999996423721313,4.245547557957252e-08,3.9077235669537913e-07
/content/yolo_view/test/Normal/Normal- (3156).jpg,1,1,2.589115551355971e-16,1.0,1.607816518811589e-10,1.165352925269758e-09
/content/yolo_view/test/Normal/Normal- (3157).jpg,1,1,1.87753902114817e-17,1.0,1.600078750052525e-11,2.0240409348559751e-10
/content/yolo_view/test/Normal/Normal- (3158).jpg,1,1,2.619095488430649e-16,1.0,5.134647915183699e-11,4.486475191356476e-09
/content/yolo_view/test/Normal/Normal- (3159).jpg,1,1,2.32827139128954e-17,1.0,2.968782858436825e-11,3.1959779267509703e-09
/content/yolo_view/test/Normal/Normal- (3160).jpg,1,1,4.2995193879281272e-16,1.0,4.760674077175509e-10,3.355253141990033e-08
/content/yolo_view/test/Normal/Normal- (3161).jpg,1,1,2.0221291665184797e-15,0.9999997615814209,3.3225486806287563e-09,1.9527359995663573e-07
/content/yolo_view/test/Normal/Normal- (3162).jpg,1,1,1.142550037057117e-15,1.0,4.598637026731467e-09,2.183941916200638e-08
/content/yolo_view/test/Normal/Normal- (3163).jpg,1,1,6.898187618044555e-16,1.0,4.199911973756798e-09,8.815982610599349e-09
/content/yolo_view/test/Normal/Normal- (3164).jpg,1,1,7.691488633243085e-17,1.0,1.1793325205289307e-09,1.823870499073621e-09
/content/yolo_view/test/Normal/Normal- (3165).jpg,1,1,8.861938612093778e-17,1.0,1.018198747537724e-09,2.886932914947238e-10
/content/yolo_view/test/Normal/Normal- (3166).jpg,1,1,3.074144947276158e-17,1.0,3.9251445843602184e-11,1.1126424781515709e-10
/content/yolo_view/test/Normal/Normal- (3167).jpg,1,1,3.105130140405659e-17,1.0,6.208505931581954e-11,2.502247575808525e-10
/content/yolo_view/test/Normal/Normal- (3168).jpg,1,1,4.9821839374065055e-17,1.0,4.526570507312755e-10,7.498335286015845e-11
/content/yolo_view/test/Normal/Normal- (334).jpg,1,1,1.0132087657030699e-23,1.0,5.644714838777543e-13,9.579532669499666e-14
/content/yolo_view/test/Normal/Normal- (335).jpg,1,1,9.377801736424619e-24,1.0,4.1542995172366703e-13,1.2600707424096497e-13
/content/yolo_view/test/Normal/Normal- (336).jpg,1,1,2.6966010976404353e-24,1.0,2.9146476898667117e-13,5.942012019140991e-14
/content/yolo_view/test/Normal/Normal- (337).jpg,1,1,1.7397818449365548e-24,1.0,3.226122439938667e-13,5.452842360585339e-14
/content/yolo_view/test/Normal/Normal- (338).jpg,1,1,3.2232471401341665e-26,1.0,4.667836619618934e-14,7.563273229547422e-15
/content/yolo_view/test/Normal/Normal- (339).jpg,1,1,1.6448495593932563e-25,1.0,1.1090430060856776e-13,1.6462271677135723e-14
/content/yolo_view/test/Normal/Normal- (340).jpg,1,1,7.062114551429406e-26,1.0,7.523321565337457e-14,6.75901502261299e-15
/content/yolo_view/test/Normal/Normal- (341).jpg,1,1,3.3189377552004636e-25,1.0,4.37523769384468e-13,1.890240419158591e-14
/content/yolo_view/test/Normal/Normal- (342).jpg,1,1,1.2643882310405008e-23,1.0,3.174211978332342e-12,3.1823017663948697e-14
/content/yolo_view/test/Normal/Normal- (343).jpg,1,1,6.3490726534196055e-22,1.0,1.6517565093465691e-10,1.1638356023271207e-13
/content/yolo_view/test/Normal/Normal- (344).jpg,1,1,3.441376694188901e-20,1.0,2.6752846604694014e-09,1.780931630467053e-12
/content/yolo_view/test/Normal/Normal- (345).jpg,1,1,1.2841942820733955e-19,1.0,1.872262167523786e-08,1.617229353906291e-12
/content/yolo_view/test/Normal/Normal- (3452).jpg,1,1,8.55033288615914e-09,0.9981112480163574,1.3559003697594108e-08,0.0018887943588197231
/content/yolo_view/test/Normal/Normal- (3453).jpg,1,1,3.228485212503074e-08,0.9966268539428711,4.048979462822899e-08,0.0033730885479599237
/content/yolo_view/test/Normal/Normal- (3454).jpg,1,1,4.7301673689048584e-09,0.9982625842094421,2.9235986076514564e-08,0.0017374022863805294
/content/yolo_view/test/Normal/Normal- (3455).jpg,1,1,6.0458154038656176e-09,0.9989755153656006,4.2973937297574594e-08,0.001024528406560421
/content/yolo_view/test/Normal/Normal- (3456).jpg,1,1,1.514739800256848e-08,0.9977526068687439,9.578472770499502e-08,0.0022472257260233164
/content/yolo_view/test/Normal/Normal- (3457).jpg,1,1,7.354897135769534e-09,0.9931135773658752,4.6259373220891575e-08,0.006886395160108805
/content/yolo_view/test/Normal/Normal- (3458).jpg,1,1,4.2409853406866205e-09,0.998302698135376,1.1768038987725049e-08,0.0016973322490230203
/content/yolo_view/test/Normal/Normal- (346).jpg,1,1,1.8478149889395976e-19,0.9999998807907104,9.242070575510297e-08,1.0580427593082087e-12
/content/yolo_view/test/Normal/Normal- (347).jpg,1,1,1.8648949761191105e-19,0.9999996423721313,3.242769253120059e-07,1.6171363293598917e-12
/content/yolo_view/test/Normal/Normal- (348).jpg,1,1,1.820246299894124e-18,0.9999972581863403,2.752328555288841e-06,3.79206692088796e-12
/content/yolo_view/test/Normal/Normal- (349).jpg,1,1,5.19982586855814e-19,0.999998927116394,1.122731191571802e-06,4.195969960374413e-12
/content/yolo_view/test/Normal/Normal- (350).jpg,1,1,1.5180817974712662e-19,0.9999996423721313,3.013624905179313e-07,5.341914844497753e-12
/content/yolo_view/test/Normal/Normal- (351).jpg,1,1,2.3949848311809217e-18,0.9999996423721313,3.662025847006589e-07,8.133930334830453e-11
/content/yolo_view/test/Normal/Normal- (352).jpg,1,1,2.1375746617966675e-17,0.9999988079071045,1.1951078704441898e-06,2.883077665494227e-10
/content/yolo_view/test/Normal/Normal- (353).jpg,1,1,8.235964058716109e-17,0.9999985694885254,1.473818656450021e-06,8.732889411611211e-10
/content/yolo_view/test/Normal/Normal- (354).jpg,1,1,5.442165179412953e-17,0.9999984502792358,1.59169428570749e-06,8.221329172997116e-11
/content/yolo_view/test/Normal/Normal- (355).jpg,1,1,7.111693588230781e-18,0.9999995231628418,4.766312144965923e-07,8.741020927904852e-12
/content/yolo_view/test/Normal/Normal- (356).jpg,1,1,4.3218284490486824e-17,0.9999992847442627,6.89871342274273e-07,2.267477178241606e-11
/content/yolo_view/test/Normal/Normal- (357).jpg,1,1,3.8836358061213714e-17,0.9999994039535522,6.25275220045296e-07,2.094647372219427e-11
/content/yolo_view/test/Normal/Normal- (358).jpg,1,1,7.261121284346648e-18,0.9999994039535522,6.244522978704481e-07,1.4905179521185197e-11
/content/yolo_view/test/Normal/Normal- (359).jpg,1,1,3.1765431242291996e-18,0.9999990463256836,9.737320851854747e-07,1.069599964154122e-11
/content/yolo_view/test/Normal/Normal- (360).jpg,1,1,5.97390458771256e-19,0.9999996423721313,3.052185775231919e-07,8.864103895334097e-12
/content/yolo_view/test/Normal/Normal- (361).jpg,1,1,3.391281921949485e-09,0.9337486028671265,0.06589820235967636,0.00035317859146744013
/content/yolo_view/test/Normal/Normal- (362).jpg,1,1,4.847811041486239e-10,0.9694764018058777,0.0302552692592144,0.00026832608273252845
/content/yolo_view/test/Normal/Normal- (363).jpg,1,1,3.3867177725438458e-12,0.9998756647109985,0.00010509991261642426,1.9181816242053173e-05
/content/yolo_view/test/Normal/Normal- (364).jpg,1,1,1.220712224879461e-12,0.9999262094497681,3.3254066238441737e-06,7.047822145977989e-05
/content/yolo_view/test/Normal/Normal- (3691).jpg,1,1,1.7321462189925918e-12,0.9999974966049194,5.741435660233662e-10,2.4868543277989374e-06
/content/yolo_view/test/Normal/Normal- (3692).jpg,1,1,2.5727839997324864e-12,0.9999949932098389,6.692267850993971e-10,5.01212889503222e-06
/content/yolo_view/test/Normal/Normal- (3693).jpg,1,1,1.5139942077802004e-10,0.9997383952140808,3.2470627076008896e-08,0.00026154963416047394
/content/yolo_view/test/Normal/Normal- (3694).jpg,1,1,1.5515336411475733e-12,0.999995231628418,2.0659378652254645e-09,4.722838184534339e-06
/content/yolo_view/test/Normal/Normal- (3695).jpg,1,1,7.021866161444068e-12,0.999991774559021,8.095768500027134e-09,8.209692168748006e-06
/content/yolo_view/test/Normal/Normal- (3696).jpg,1,1,4.440085994185383e-13,0.9999996423721313,6.8332406399918e-10,3.0793617611379887e-07
/content/yolo_view/test/Normal/Normal- (3697).jpg,1,1,6.594931545311766e-11,0.9999964237213135,1.3556987710217072e-07,3.499398644635221e-06
/content/yolo_view/test/Normal/Normal- (3698).jpg,1,1,2.3224040746061547e-11,0.9999990463256836,1.423805517930532e-08,9.589521141606383e-07
/content/yolo_view/test/Normal/Normal- (3699).jpg,1,1,2.23327714828081e-12,0.9999997615814209,5.388245405413272e-10,2.6869000180340663e-07
/content/yolo_view/test/Normal/Normal- (3741).jpg,1,1,7.171548377355118e-18,0.9999997615814209,5.770415395511819e-12,2.690230473945121e-07
/content/yolo_view/test/Normal/Normal- (3742).jpg,1,1,1.3566747424774358e-18,0.9999997615814209,2.201838537885248e-12,1.9050884247917566e-07
/content/yolo_view/test/Normal/Normal- (3743).jpg,1,1,1.4609839754791742e-18,0.9999994039535522,1.8880793196257573e-12,6.192419164108287e-07
/content/yolo_view/test/Normal/Normal- (3744).jpg,1,1,2.872164957240179e-20,0.9999996423721313,1.494123157445501e-13,3.001028403559758e-07
/content/yolo_view/test/Normal/Normal- (3745).jpg,1,1,1.1426646324619815e-20,0.9999998807907104,1.5812695662413556e-13,7.670426782624418e-08
/content/yolo_view/test/Normal/Normal- (3746).jpg,1,1,1.2744087354268932e-20,0.9999998807907104,1.5393483471411173e-13,8.371537063567303e-08
/content/yolo_view/test/Normal/Normal- (3747).jpg,1,1,1.7319855339986507e-19,0.9999998807907104,7.119504096507467e-13,1.2531812387805985e-07
/content/yolo_view/test/Normal/Normal- (3748).jpg,1,1,1.488452963411441e-19,0.9999998807907104,1.9329947798657487e-12,1.1620445405924329e-07
/content/yolo_view/test/Normal/Normal- (3749).jpg,1,1,1.952269547235204e-19,0.9999996423721313,3.280835672581084e-12,4.1099391978605126e-07
/content/yolo_view/test/Normal/Normal- (3750).jpg,1,1,1.8815004718197477e-18,0.9999985694885254,1.0812357953415841e-11,1.4350376886795857e-06
/content/yolo_view/test/Normal/Normal- (3751).jpg,1,1,4.5924084918376384e-17,0.9999991655349731,8.531862716321115e-11,8.690387289789214e-07
/content/yolo_view/test/Normal/Normal- (3752).jpg,1,1,9.227652101562417e-16,0.999998927116394,8.388767458455959e-10,1.0309296385457856e-06
/content/yolo_view/test/Normal/Normal- (3753).jpg,1,1,2.750280510230047e-16,0.9999998807907104,4.094363459383743e-10,1.271601917096632e-07
/content/yolo_view/test/Normal/Normal- (3754).jpg,1,1,4.435621617966071e-19,1.0,3.880478837564594e-12,2.105213603442735e-08
/content/yolo_view/test/Normal/Normal- (3861).jpg,1,1,2.758294570526232e-08,0.9961875081062317,4.6437438783186735e-08,0.003812339622527361
/content/yolo_view/test/Normal/Normal- (3862).jpg,1,1,5.898836263895646e-08,0.9911472201347351,4.388394714283095e-08,0.008852636441588402
/content/yolo_view/test/Normal/Normal- (3863).jpg,1,1,8.902420489675933e-08,0.9936518669128418,1.0524967564151666e-07,0.0063479188829660416
/content/yolo_view/test/Normal/Normal- (3864).jpg,1,1,4.5200490461638765e-08,0.9942004680633545,2.5425893568353786e-07,0.005799213889986277
/content/yolo_view/test/Normal/Normal- (3865).jpg,1,1,9.0328605040213e-08,0.9924023151397705,3.876807568303775e-07,0.007597200572490692
/content/yolo_view/test/Normal/Normal- (3866).jpg,1,1,1.3566619827543036e-07,0.9942032694816589,3.338777787575964e-07,0.005796307697892189
/content/yolo_view/test/Normal/Normal- (3867).jpg,1,1,1.4065557252251892e-07,0.9977452158927917,1.758011904939849e-07,0.002254398772493005
/content/yolo_view/test/Normal/Normal- (3868).jpg,1,1,9.382840460148145e-08,0.9994115829467773,1.5373709061350382e-07,0.0005882438272237778
/content/yolo_view/test/Normal/Normal- (3869).jpg,1,1,1.5860842950132792e-06,0.9897833466529846,1.9642163806565804e-06,0.01021314412355423
/content/yolo_view/test/Normal/Normal- (3870).jpg,1,1,3.8344974200299475e-06,0.9843401908874512,6.101502094679745e-06,0.015649793669581413
/content/yolo_view/test/Normal/Normal- (3871).jpg,1,1,1.7726611986290663e-05,0.9611656665802002,1.4749330148333684e-05,0.038801923394203186
/content/yolo_view/test/Normal/Normal- (3872).jpg,1,1,3.164618829032406e-05,0.8409708738327026,6.630344432778656e-05,0.1589311808347702
/content/yolo_view/test/Normal/Normal- (3873).jpg,1,1,3.907915743184276e-05,0.8514600396156311,0.00017153669614344835,0.14832939207553864
/content/yolo_view/test/Normal/Normal- (3874).jpg,1,1,0.000565049413125962,0.811761736869812,0.0016379811568185687,0.18603520095348358
/content/yolo_view/test/Normal/Normal- (3875).jpg,1,1,0.0005457098595798016,0.6404229998588562,0.0028926061931997538,0.3561387062072754
/content/yolo_view/test/Normal/Normal- (3876).jpg,1,1,0.0005659054149873555,0.686695396900177,0.0038033968303352594,0.308935284614563
/content/yolo_view/test/Normal/Normal- (3881).jpg,1,1,1.1756305564464276e-12,0.9999932050704956,3.5434322143146346e-11,6.8036561060580425e-06
/content/yolo_view/test/Normal/Normal- (3882).jpg,1,1,1.0191467895298567e-12,0.9999936819076538,1.771202282063733e-11,6.3170741668727715e-06
/content/yolo_view/test/Normal/Normal- (3883).jpg,1,1,1.8189330250328872e-12,0.9998636245727539,5.280655079875629e-11,0.00013634501374326646
/content/yolo_view/test/Normal/Normal- (3884).jpg,1,1,1.565207382106526e-13,0.9999659061431885,4.4074288489681646e-12,3.409363853279501e-05
/content/yolo_view/test/Normal/Normal- (3885).jpg,1,1,2.1712399673329275e-12,0.9995668530464172,6.17159726101768e-11,0.00043316796654835343
/content/yolo_view/test/Normal/Normal- (3886).jpg,1,1,1.536861133147327e-12,0.998857855796814,8.350217739483412e-11,0.0011421345407143235
/content/yolo_view/test/Normal/Normal- (3887).jpg,1,1,2.475908584056996e-12,0.9939616322517395,2.7549754144651217e-10,0.006038322579115629
/content/yolo_view/test/Normal/Normal- (3902).jpg,1,1,7.177700791654923e-20,1.0,5.004723391488714e-15,4.985730939210953e-09
/content/yolo_view/test/Normal/Normal- (4085).jpg,1,1,7.257311938901889e-12,1.0,8.311710431030406e-09,3.567881323718325e-09
/content/yolo_view/test/Normal/Normal- (4086).jpg,1,1,4.4835091195238874e-10,0.9999990463256836,7.605595442328195e-07,2.888471044570906e-07
/content/yolo_view/test/Normal/Normal- (4087).jpg,1,1,4.710007384112203e-10,0.9999966621398926,3.1646388833905803e-06,1.7377315941757843e-07
/content/yolo_view/test/Normal/Normal- (4088).jpg,1,1,9.801372907736194e-11,0.999984860420227,1.5094602531462442e-05,1.499329194132315e-08
/content/yolo_view/test/Normal/Normal- (4133).jpg,1,1,3.325656807232069e-13,0.9996780157089233,9.10055798081233e-12,0.0003220119688194245
/content/yolo_view/test/Normal/Normal- (4134).jpg,1,1,1.5993413191028871e-13,0.9999328851699829,1.608403080860521e-12,6.712187314406037e-05
/content/yolo_view/test/Normal/Normal- (4135).jpg,1,1,8.961801705462472e-15,0.9999896287918091,6.923034059002839e-14,1.0377792932558805e-05
/content/yolo_view/test/Normal/Normal- (4136).jpg,1,1,6.333589760239202e-15,0.9999923706054688,1.2287536981826774e-13,7.6001897468813695e-06
/content/yolo_view/test/Normal/Normal- (4137).jpg,1,1,5.4314764627106174e-14,0.999976396560669,1.980811781959746e-12,2.3619602870894596e-05
/content/yolo_view/test/Normal/Normal- (4138).jpg,1,1,9.294592818922393e-14,0.9999897480010986,1.8164509609994162e-12,1.0211913831881247e-05
/content/yolo_view/test/Normal/Normal- (4139).jpg,1,1,2.2002468545571398e-15,0.9999991655349731,1.3350225872704735e-13,8.177726158464793e-07
/content/yolo_view/test/Normal/Normal- (4140).jpg,1,1,1.189848695644976e-14,0.9999936819076538,2.752450773812337e-13,6.351313459163066e-06
/content/yolo_view/test/Normal/Normal- (4141).jpg,1,1,6.052010703462573e-17,0.9999994039535522,6.139049585660939e-15,5.948924126641941e-07
/content/yolo_view/test/Normal/Normal- (4142).jpg,1,1,2.755215430059869e-15,0.9999954700469971,2.4926290415408503e-13,4.533891114988364e-06
/content/yolo_view/test/Normal/Normal- (4143).jpg,1,1,1.5733700692126262e-13,0.9999908208847046,9.063557196431482e-12,9.212402801495045e-06
/content/yolo_view/test/Normal/Normal- (4227).jpg,1,1,8.035865861621971e-10,0.9999850988388062,1.4212441783456597e-05,6.884616823299439e-07
/content/yolo_view/test/Normal/Normal- (4228).jpg,1,1,1.2743313071439388e-09,0.9999620914459229,3.76055104425177e-05,3.3338912430735945e-07
/content/yolo_view/test/Normal/Normal- (4229).jpg,1,1,6.023033627400309e-09,0.9999642372131348,3.422219378990121e-05,1.494437469773402e-06
/content/yolo_view/test/Normal/Normal- (4230).jpg,1,1,4.082210125488928e-09,0.9999487400054932,5.015648639528081e-05,1.1050270813939278e-06
/content/yolo_view/test/Normal/Normal- (4231).jpg,1,1,6.03872951643325e-09,0.999946117401123,5.323720324668102e-05,6.549024078594812e-07
/content/yolo_view/test/Normal/Normal- (4232).jpg,1,1,7.386358902294887e-08,0.9990214109420776,0.0009761559194885194,2.430625272609177e-06
/content/yolo_view/test/Normal/Normal- (4233).jpg,1,1,1.2205254584785052e-08,0.9999066591262817,9.196894097840413e-05,1.3156703744243714e-06
/content/yolo_view/test/Normal/Normal- (4234).jpg,1,1,1.043980457637872e-09,0.9999812841415405,1.8395563529338688e-05,3.483096406853292e-07
/content/yolo_view/test/Normal/Normal- (4235).jpg,1,1,4.3887946055143345e-10,0.9999871253967285,1.2578468158608302e-05,2.1013946138737083e-07
/content/yolo_view/test/Normal/Normal- (4236).jpg,1,1,3.081926380765765e-10,0.9999915361404419,8.067201633821242e-06,3.8564684246011893e-07
/content/yolo_view/test/Normal/Normal- (4237).jpg,1,1,4.804733694241392e-11,0.9999984502792358,1.3504657090379624e-06,1.9661672467918834e-07
/content/yolo_view/test/Normal/Normal- (4238).jpg,1,1,2.310989621889803e-09,0.9999613761901855,3.825138264801353e-05,3.071328649184579e-07
/content/yolo_view/test/Normal/Normal- (4239).jpg,1,1,1.625354784096089e-08,0.9997643828392029,0.00023520097602158785,3.303591995518218e-07
/content/yolo_view/test/Normal/Normal- (4240).jpg,1,1,2.786813979582803e-08,0.9995964169502258,0.0004032897122669965,1.809590486345769e-07
/content/yolo_view/test/Normal/Normal- (4241).jpg,1,1,7.220663622575785e-09,0.9998949766159058,0.00010492288856767118,1.4394302638720546e-07
/content/yolo_view/test/Normal/Normal- (4242).jpg,1,1,2.1736693001095375e-10,0.9999935626983643,6.4409787228214554e-06,3.3400283427909017e-08
/content/yolo_view/test/Normal/Normal- (4243).jpg,1,1,2.6026351213070953e-12,0.9999990463256836,9.519033596916415e-07,1.0030909436409274e-09
/content/yolo_view/test/Normal/Normal- (4244).jpg,1,1,2.0266179413894886e-13,0.9999998807907104,9.04695625081331e-08,1.9920376459481304e-10
/content/yolo_view/test/Normal/Normal- (4245).jpg,1,1,2.1013559273717897e-14,1.0,1.219415501907406e-08,1.2544755512156058e-10
/content/yolo_view/test/Normal/Normal- (4246).jpg,1,1,1.4563359334663142e-14,1.0,4.127627573069503e-09,1.6797564728054937e-10
/content/yolo_view/test/Normal/Normal- (4247).jpg,1,1,1.146300169551967e-15,1.0,1.9437779164022118e-10,3.735690923267754e-10
/content/yolo_view/test/Normal/Normal- (4248).jpg,1,1,2.1511407547147822e-16,1.0,2.5749779045125543e-11,7.806368884644144e-10
/content/yolo_view/test/Normal/Normal- (4249).jpg,1,1,9.959185091966999e-17,1.0,2.517474076424442e-11,3.526776370943452e-10
/content/yolo_view/test/Normal/Normal- (4250).jpg,1,1,9.288082211346397e-17,1.0,5.997243673894204e-11,1.642986996452933e-10
/content/yolo_view/test/Normal/Normal- (4251).jpg,1,1,1.6246391367719225e-17,1.0,2.1926618506973306e-11,9.414639207117048e-11
/content/yolo_view/test/Normal/Normal- (4252).jpg,1,1,7.775239677647344e-17,1.0,5.864175811609584e-11,9.51934989168457e-11
/content/yolo_view/test/Normal/Normal- (4253).jpg,1,1,2.66865459208111e-16,1.0,1.9494139635867214e-10,1.40758793509832e-10
/content/yolo_view/test/Normal/Normal- (4254).jpg,1,1,9.435499693137637e-17,1.0,7.177308747330358e-11,1.8831550208098236e-10
/content/yolo_view/test/Normal/Normal- (4255).jpg,1,1,5.884196853589907e-15,1.0,2.2459668846952496e-10,4.7661004032306664e-09
/content/yolo_view/test/Normal/Normal- (4256).jpg,1,1,1.3310946583248301e-14,1.0,2.1207721689897596e-10,5.561995308767109e-09
/content/yolo_view/test/Normal/Normal- (4257).jpg,1,1,4.902873354702131e-14,1.0,8.084751756953779e-10,8.480349755757288e-09
/content/yolo_view/test/Normal/Normal- (4258).jpg,1,1,2.4609864656115893e-15,1.0,2.3158740203310657e-10,1.3298394607730302e-09
/content/yolo_view/test/Normal/Normal- (4259).jpg,1,1,7.917296579082987e-15,1.0,3.022301853228271e-10,9.34276878084006e-10
/content/yolo_view/test/Normal/Normal- (4260).jpg,1,1,9.038732625863896e-15,1.0,2.420404432434964e-10,2.5171933426548776e-09
/content/yolo_view/test/Normal/Normal- (4261).jpg,1,1,6.793939038061232e-15,1.0,3.2757505041836055e-10,5.681494830156453e-09
/content/yolo_view/test/Normal/Normal- (4262).jpg,1,1,5.440023025148413e-14,1.0,2.4220681016373646e-09,3.3594346859899815e-08
/content/yolo_view/test/Normal/Normal- (4263).jpg,1,1,2.378361281518953e-14,1.0,7.18901649321424e-09,1.082842526756167e-08
/content/yolo_view/test/Normal/Normal- (4264).jpg,1,1,1.8876823796578832e-14,1.0,8.128638206983396e-09,8.974118337334858e-09
/content/yolo_view/test/Normal/Normal- (4265).jpg,1,1,2.525285075450842e-14,1.0,4.352266103069269e-09,5.599869012939962e-09
/content/yolo_view/test/Normal/Normal- (4266).jpg,1,1,1.2503840736248495e-13,1.0,9.37706801096283e-09,3.0285715268973945e-08
/content/yolo_view/test/Normal/Normal- (4267).jpg,1,1,6.111064887633078e-14,1.0,6.992530998672919e-09,2.0989148197259055e-08
/content/yolo_view/test/Normal/Normal- (4268).jpg,1,1,7.197440560213764e-12,0.9999996423721313,6.963224308265126e-08,2.5273388359892124e-07
/content/yolo_view/test/Normal/Normal- (4269).jpg,1,1,7.547673423757839e-13,1.0,9.723326144239763e-09,3.462063702386331e-08
/content/yolo_view/test/Normal/Normal- (4270).jpg,1,1,1.838091040051032e-13,1.0,2.524164433026499e-09,2.261603704312165e-08
/content/yolo_view/test/Normal/Normal- (4271).jpg,1,1,1.9256992512097296e-14,1.0,1.7117247619324871e-09,2.4174573454160964e-09
/content/yolo_view/test/Normal/Normal- (4272).jpg,1,1,4.394234559150544e-15,1.0,1.1579568415243102e-09,6.759290349656055e-10
/content/yolo_view/test/Normal/Normal- (4273).jpg,1,1,2.6399321707078378e-14,1.0,2.461491677152594e-09,3.493284106426131e-09
/content/yolo_view/test/Normal/Normal- (4274).jpg,1,1,3.918623102871707e-14,1.0,1.942670690979753e-09,5.141601366887016e-09
/content/yolo_view/test/Normal/Normal- (4275).jpg,1,1,3.6901335936576074e-14,1.0,1.9190311562056195e-09,1.2237679314353045e-08
/content/yolo_view/test/Normal/Normal- (4276).jpg,1,1,3.6522466908411877e-13,1.0,2.1771045410901024e-08,5.752406551096101e-08
/content/yolo_view/test/Normal/Normal- (4277).jpg,1,1,2.102098660070051e-12,0.9999995231628418,3.1243723697116366e-07,7.354405795467756e-08
/content/yolo_view/test/Normal/Normal- (4278).jpg,1,1,4.3063699850000303e-13,0.9999998807907104,1.0752260237723021e-07,3.2014273898539614e-08
/content/yolo_view/test/Normal/Normal- (4279).jpg,1,1,2.7496340707783284e-12,0.9999992847442627,6.168770596559625e-07,8.179196697710722e-08
/content/yolo_view/test/Normal/Normal- (4280).jpg,1,1,3.739250575840458e-11,0.9999954700469971,3.305775635453756e-06,1.1541497997313854e-06
/content/yolo_view/test/Normal/Normal- (4281).jpg,1,1,3.998503750324289e-09,0.9999804496765137,1.1000807717209682e-05,8.619230356998742e-06
/content/yolo_view/test/Normal/Normal- (4282).jpg,1,1,2.0370517772594354e-10,0.9999949932098389,3.493108806651435e-06,1.607808599146665e-06
/content/yolo_view/test/Normal/Normal- (4283).jpg,1,1,6.341173364177166e-09,0.9999233484268188,7.030851702438667e-05,6.265346200962085e-06
/content/yolo_view/test/Normal/Normal- (4307).jpg,1,1,4.565635647324484e-10,0.9999794960021973,2.1431310415209737e-07,2.0282361219869927e-05
/content/yolo_view/test/Normal/Normal- (4308).jpg,1,1,8.206703094870704e-10,0.9999778270721436,2.0986932725008955e-07,2.1897260012337938e-05
/content/yolo_view/test/Normal/Normal- (4309).jpg,1,1,1.8707604909629083e-10,0.9999920129776001,2.108134111722393e-08,8.040230568440165e-06
/content/yolo_view/test/Normal/Normal- (4310).jpg,1,1,2.620583305912305e-09,0.9999881982803345,7.541171953562298e-08,1.1703488780767657e-05
/content/yolo_view/test/Normal/Normal- (4311).jpg,1,1,1.1697563750967532e-10,0.9999860525131226,1.5488318183543015e-08,1.4000867849972565e-05
/content/yolo_view/test/Normal/Normal- (4345).jpg,1,1,1.427842011292313e-10,0.9943081736564636,0.0056918952614068985,1.0748047590825038e-10
/content/yolo_view/test/Normal/Normal- (4346).jpg,1,1,1.2526865829365352e-11,0.9985610842704773,0.0014389010611921549,1.3784705148178755e-11
/content/yolo_view/test/Normal/Normal- (4347).jpg,1,1,5.2016091087181415e-12,0.9973471164703369,0.0026528930757194757,2.3132153744581663e-12
/content/yolo_view/test/Normal/Normal- (4348).jpg,1,1,1.719387300721728e-13,0.9998145699501038,0.00018548643856775016,1.193992170758773e-12
/content/yolo_view/test/Normal/Normal- (4349).jpg,1,1,6.532970569292346e-17,0.9999973773956299,2.5998726869147504e-06,3.5469508054405616e-14
/content/yolo_view/test/Normal/Normal- (4350).jpg,1,1,8.227362538398415e-18,0.9999994039535522,5.496956987371959e-07,1.8855221068292058e-14
/content/yolo_view/test/Normal/Normal- (4351).jpg,1,1,2.4291486312502805e-18,0.9999996423721313,3.595160364966432e-07,1.660423270502965e-14
/content/yolo_view/test/Normal/Normal- (4352).jpg,1,1,1.237785520601261e-18,0.9999998807907104,1.7193471535392746e-07,1.1331661825509601e-14
/content/yolo_view/test/Normal/Normal- (4353).jpg,1,1,3.541164079748633e-19,0.9999998807907104,1.034670020771955e-07,6.6758113997206735e-15
/content/yolo_view/test/Normal/Normal- (4354).jpg,1,1,1.6974101598757584e-20,1.0,1.0686096452161564e-08,1.72826040283102e-15
/content/yolo_view/test/Normal/Normal- (4355).jpg,1,1,3.604924195339986e-19,1.0,1.856126630173094e-08,9.627482357610784e-15
/content/yolo_view/test/Normal/Normal- (4356).jpg,1,1,5.380201389919336e-19,1.0,1.4136646520057639e-08,1.4583762664296604e-14
/content/yolo_view/test/Normal/Normal- (4357).jpg,1,1,1.382747268589954e-18,1.0,9.9069721315459e-09,1.13244899975452e-14
/content/yolo_view/test/Normal/Normal- (4358).jpg,1,1,5.354076441235497e-19,1.0,4.434172140577175e-09,3.3892081561349248e-15
/content/yolo_view/test/Normal/Normal- (4359).jpg,1,1,4.286427703770827e-19,1.0,1.0561008734200072e-09,6.604986739836005e-15
/content/yolo_view/test/Normal/Normal- (4360).jpg,1,1,2.596044313951736e-19,1.0,1.5835086020210554e-10,2.1801272809610084e-14
/content/yolo_view/test/Normal/Normal- (4361).jpg,1,1,1.2307606892491545e-18,1.0,6.606616920201702e-10,4.501738879673228e-14
/content/yolo_view/test/Normal/Normal- (4362).jpg,1,1,8.978986612644471e-19,1.0,5.675123149195826e-10,1.844453714381581e-14
/content/yolo_view/test/Normal/Normal- (4363).jpg,1,1,3.9098705320122537e-19,1.0,4.553779575644512e-10,9.386828438834576e-15
/content/yolo_view/test/Normal/Normal- (4364).jpg,1,1,3.6323529874643614e-19,1.0,2.6223975768679963e-10,9.10250319536383e-15
/content/yolo_view/test/Normal/Normal- (4365).jpg,1,1,8.744363035748399e-19,1.0,1.1312552977704726e-10,2.4482345539972653e-14
/content/yolo_view/test/Normal/Normal- (4366).jpg,1,1,1.4834938346934266e-18,1.0,1.1087804285825342e-10,5.244967261615156e-14
/content/yolo_view/test/Normal/Normal- (4367).jpg,1,1,3.0630011700638434e-17,1.0,1.3481534777426418e-09,5.763451239697293e-13
/content/yolo_view/test/Normal/Normal- (4368).jpg,1,1,1.766457929305159e-17,1.0,4.986938417772535e-09,2.157205620731406e-12
/content/yolo_view/test/Normal/Normal- (4369).jpg,1,1,4.726742871470434e-18,1.0,4.301429434860893e-09,1.8640308480782908e-12
/content/yolo_view/test/Normal/Normal- (4370).jpg,1,1,8.90911156437482e-19,1.0,1.8783599120553163e-09,9.901153247976469e-13
/content/yolo_view/test/Normal/Normal- (4371).jpg,1,1,6.248193542932081e-19,1.0,1.1848406700210035e-09,5.663079597276188e-13
/content/yolo_view/test/Normal/Normal- (4372).jpg,1,1,2.6285728606681387e-17,1.0,5.7347224746706615e-09,3.9398887798081095e-12
/content/yolo_view/test/Normal/Normal- (4373).jpg,1,1,3.677770205468277e-16,1.0,4.35274181143086e-08,3.1116595845120942e-12
/content/yolo_view/test/Normal/Normal- (4374).jpg,1,1,8.671553564255716e-18,1.0,2.8724886913522596e-09,5.598341343455993e-13
/content/yolo_view/test/Normal/Normal- (4375).jpg,1,1,1.8087189435221323e-19,1.0,1.2142872818365902e-10,4.909273535651584e-14
/content/yolo_view/test/Normal/Normal- (4376).jpg,1,1,5.819756507882977e-20,1.0,2.616156596912944e-11,6.939923218344732e-14
/content/yolo_view/test/Normal/Normal- (4377).jpg,1,1,9.132003684545101e-21,1.0,1.251313375832952e-11,5.3442141120449427e-14
/content/yolo_view/test/Normal/Normal- (4378).jpg,1,1,3.639161071646585e-20,1.0,7.123560075150692e-11,7.547716249743652e-13
/content/yolo_view/test/Normal/Normal- (4379).jpg,1,1,1.3804374572022792e-20,1.0,5.235509942247418e-11,5.252258046886671e-13
/content/yolo_view/test/Normal/Normal- (4380).jpg,1,1,4.38822643068877e-20,1.0,7.67659269484966e-11,2.842582939865945e-13
/content/yolo_view/test/Normal/Normal- (4381).jpg,1,1,9.704188263378899e-20,1.0,3.0033384113004047e-10,2.8507543005894254e-13
/content/yolo_view/test/Normal/Normal- (4382).jpg,1,1,1.231159209358646e-19,1.0,2.0303976555613445e-10,3.024367323418986e-13
/content/yolo_view/test/Normal/Normal- (4383).jpg,1,1,1.0588184551786955e-19,1.0,1.263234794546264e-10,3.2868545667315285e-13
/content/yolo_view/test/Normal/Normal- (4384).jpg,1,1,1.0544772433029553e-19,1.0,4.5151257732634065e-11,1.0347340931131377e-13
/content/yolo_view/test/Normal/Normal- (4385).jpg,1,1,3.7561291923994994e-19,1.0,1.7217403891489624e-10,5.834623149209017e-14
/content/yolo_view/test/Normal/Normal- (4386).jpg,1,1,1.616174399815802e-20,1.0,3.225141334550763e-11,1.7699039730014778e-14
/content/yolo_view/test/Normal/Normal- (4438).jpg,1,1,8.281744700590101e-19,1.0,1.5903765804292647e-10,4.2019005462579084e-12
/content/yolo_view/test/Normal/Normal- (4439).jpg,1,1,6.564006447913882e-19,1.0,6.262560608982781e-11,1.7150433850865454e-11
/content/yolo_view/test/Normal/Normal- (4688).jpg,1,1,6.883401834634206e-12,1.0,1.137487104507784e-09,5.651081824709081e-09
/content/yolo_view/test/Normal/Normal- (4689).jpg,1,1,9.970104603018726e-11,0.9999998807907104,6.162785126662129e-08,1.2212215239060242e-08
/content/yolo_view/test/Normal/Normal- (4690).jpg,1,1,2.5060487018890854e-10,0.9999997615814209,8.620901326139574e-08,1.5005223019670666e-07
/content/yolo_view/test/Normal/Normal- (4691).jpg,1,1,9.354976349129629e-09,0.9999988079071045,3.7747165038126695e-07,8.37288894217636e-07
/content/yolo_view/test/Normal/Normal- (4692).jpg,1,1,9.773630154086277e-07,0.9999874830245972,1.0991436283802614e-05,5.408992365119047e-07
/content/yolo_view/test/Normal/Normal- (4699).jpg,1,1,2.924547857219295e-07,0.9999890327453613,1.0369862138759345e-05,3.3215087569260504e-07
/content/yolo_view/test/Normal/Normal- (4700).jpg,1,1,1.617333680314914e-07,0.9999933242797852,6.2180024542612955e-06,2.126303968452703e-07
/content/yolo_view/test/Normal/Normal- (4701).jpg,1,1,4.690056812250987e-06,0.999843955039978,0.0001473919692216441,3.949728579755174e-06
/content/yolo_view/test/Normal/Normal- (4702).jpg,1,1,5.046727892477065e-06,0.9996131062507629,0.0003788569010794163,2.995427394125727e-06
/content/yolo_view/test/Normal/Normal- (4703).jpg,1,1,1.8080487279803492e-05,0.9999130964279175,6.846677570138127e-05,3.9433078313777514e-07
/content/yolo_view/test/Normal/Normal- (4704).jpg,1,1,1.8039536371361464e-05,0.999833345413208,0.00014819791249465197,3.3506859153931146e-07
/content/yolo_view/test/Normal/Normal- (5068).jpg,1,1,5.730334419863994e-14,1.0,3.3391167608698424e-10,1.1383770592843234e-09
/content/yolo_view/test/Normal/Normal- (592).jpg,1,1,2.3441567697374266e-13,0.9999998807907104,7.004239677144142e-08,3.3039210478591485e-08
/content/yolo_view/test/Normal/Normal- (593).jpg,1,1,4.886311488891057e-14,1.0,4.3650711489817695e-08,6.686537545874671e-09
/content/yolo_view/test/Normal/Normal- (594).jpg,1,1,2.995614688380485e-14,1.0,8.650909322227562e-09,3.913173340919229e-09
/content/yolo_view/test/Normal/Normal- (608).jpg,1,1,2.7118751688703924e-11,0.9999996423721313,3.453563124367065e-07,9.738337247711115e-09
/content/yolo_view/test/Normal/Normal- (681).jpg,1,1,6.980871226193369e-20,1.0,7.737839202559126e-17,5.51244117019678e-09
/content/yolo_view/test/Normal/Normal- (682).jpg,1,1,6.4573555635332335e-21,1.0,2.6629688503354412e-17,1.4871439635300021e-09
/content/yolo_view/test/Normal/Normal- (683).jpg,1,1,5.242931155007073e-20,1.0,1.3012584680352572e-16,2.9684517066641547e-09
/content/yolo_view/test/Normal/Normal- (684).jpg,1,1,2.3803009083549878e-20,1.0,2.3652250234108564e-17,7.389061029705601e-10
/content/yolo_view/test/Normal/Normal- (685).jpg,1,1,1.547060713138869e-20,1.0,1.8376735478345444e-17,3.524821323708238e-09
/content/yolo_view/test/Normal/Normal- (686).jpg,1,1,1.126216743748604e-19,1.0,9.77341422302188e-17,1.3932273112970961e-08
/content/yolo_view/test/Normal/Normal- (687).jpg,1,1,8.194506614275079e-19,1.0,3.0993684634797577e-16,4.355050364779345e-08
/content/yolo_view/test/Normal/Normal- (688).jpg,1,1,2.502055916850398e-18,1.0,1.9535182272414605e-15,3.641891410666176e-08
/content/yolo_view/test/Normal/Normal- (689).jpg,1,1,7.480908136185663e-18,0.9999998807907104,4.700085027393389e-15,1.0777309711329508e-07
/content/yolo_view/test/Normal/Normal- (690).jpg,1,1,1.490556799071772e-17,0.9999998807907104,1.277978746861818e-14,1.0273859629705839e-07
/content/yolo_view/test/Normal/Normal- (691).jpg,1,1,1.132447233558476e-17,1.0,7.009440736985197e-15,5.6468717701818605e-08
/content/yolo_view/test/Normal/Normal- (692).jpg,1,1,2.0564103104295353e-16,0.9999998807907104,1.7604532875957826e-14,1.1519353648736796e-07
/content/yolo_view/test/Normal/Normal- (693).jpg,1,1,7.1230796301009e-16,0.9999998807907104,6.101979273427649e-14,6.095309856846143e-08
/content/yolo_view/test/Normal/Normal- (694).jpg,1,1,5.215673982387082e-15,0.9999997615814209,1.642157004995426e-13,1.9920157967590058e-07
/content/yolo_view/test/Normal/Normal- (695).jpg,1,1,5.334353039176303e-15,1.0,4.97682786908954e-13,5.885149079176699e-08
/content/yolo_view/test/Normal/Normal- (696).jpg,1,1,7.665982750665584e-15,1.0,1.3782671835424476e-12,3.36584839999432e-08
/content/yolo_view/test/Normal/Normal- (697).jpg,1,1,5.160616417299079e-15,1.0,4.535041504653836e-13,8.985097110780771e-09
/content/yolo_view/test/Normal/Normal- (698).jpg,1,1,3.30349371582871e-15,1.0,3.194350166324522e-13,1.4924783187098e-08
/content/yolo_view/test/Normal/Normal- (699).jpg,1,1,1.807349986698522e-15,1.0,2.2425004832671985e-13,1.6889945442244425e-08
/content/yolo_view/test/Normal/Normal- (700).jpg,1,1,8.073478125491011e-16,1.0,6.839866265604191e-14,1.1113964859532643e-08
/content/yolo_view/test/Normal/Normal- (701).jpg,1,1,4.461441541317489e-15,1.0,1.3638081549499637e-13,1.6621433118757523e-08
/content/yolo_view/test/Normal/Normal- (702).jpg,1,1,1.2427559828930793e-14,1.0,2.1367255837942412e-13,2.266703802433767e-08
/content/yolo_view/test/Normal/Normal- (703).jpg,1,1,1.155683537014179e-14,1.0,9.862628292181541e-13,2.0279495416275495e-08
/content/yolo_view/test/Normal/Normal- (704).jpg,1,1,1.2287835815050566e-14,1.0,1.3776968931997202e-12,1.4570210815634255e-08
/content/yolo_view/test/Normal/Normal- (705).jpg,1,1,7.416564920797314e-14,1.0,2.0402208568415237e-12,3.8431789306514474e-08
/content/yolo_view/test/Normal/Normal- (706).jpg,1,1,2.3912759251031035e-13,0.9999998807907104,2.743746852981732e-12,1.0116855264641345e-07
/content/yolo_view/test/Normal/Normal- (707).jpg,1,1,1.4403117641701574e-13,1.0,2.4536084969328797e-12,8.933455752924147e-09
/content/yolo_view/test/Normal/Normal- (708).jpg,1,1,3.786595060943643e-14,1.0,9.241572351131877e-13,4.760621674648746e-09
/content/yolo_view/test/Normal/Normal- (709).jpg,1,1,8.210082461969359e-13,1.0,8.887147961988973e-12,1.0696843411039936e-08
/content/yolo_view/test/Normal/Normal- (710).jpg,1,1,2.8521766545774874e-11,1.0,5.868475150272445e-10,2.9185045491431083e-08
/content/yolo_view/test/Normal/Normal- (711).jpg,1,1,2.604398086081261e-10,1.0,3.710632023867788e-09,4.813820098092947e-08
/content/yolo_view/test/Normal/Normal- (712).jpg,1,1,2.2598244109328647e-10,0.9999998807907104,1.1178097336639325e-09,7.695456361034303e-08
/content/yolo_view/test/Normal/Normal- (713).jpg,1,1,1.4209254217689704e-08,0.9999997615814209,1.0743054446038514e-07,1.1493542473317575e-07
/content/yolo_view/test/Normal/Normal- (714).jpg,1,1,5.3506120423207904e-08,0.9999994039535522,3.7093951732458663e-07,1.2176990082934935e-07
/content/yolo_view/test/Normal/Normal- (715).jpg,1,1,9.709478945296723e-07,0.999997615814209,1.019383262246265e-06,3.8909553268240415e-07
/content/yolo_view/test/Normal/Normal- (863).jpg,1,1,3.410684357163518e-08,0.9999806880950928,3.2417297006759327e-06,1.6060928828665055e-05
/content/yolo_view/test/Normal/Normal- (864).jpg,1,1,1.0390884597200056e-07,0.9999047517776489,2.2888827970746206e-06,9.28378285607323e-05
/content/yolo_view/test/Normal/Normal- (865).jpg,1,1,1.46328574146537e-07,0.9997809529304504,1.2845484889112413e-06,0.00021756939531769603
/content/yolo_view/test/Normal/Normal- (866).jpg,1,1,2.885710443933931e-07,0.9999202489852905,1.641487415326992e-06,7.7786338806618e-05
/content/yolo_view/test/Normal/Normal- (867).jpg,1,1,1.4862746411381522e-07,0.9999445676803589,1.0023024969996186e-06,5.419706940301694e-05
/content/yolo_view/test/Normal/Normal- (868).jpg,1,1,3.9356527281597664e-07,0.9999192953109741,1.5015589269751217e-06,7.880548946559429e-05
/content/yolo_view/test/Normal/Normal- (869).jpg,1,1,2.622848853661708e-07,0.9999139308929443,8.590284323872766e-07,8.49533244036138e-05
/content/yolo_view/test/Normal/Normal- (870).jpg,1,1,1.3206508242546988e-07,0.9999128580093384,7.626692877238384e-07,8.616531704319641e-05
/content/yolo_view/test/Normal/Normal- (871).jpg,1,1,4.0912439658313815e-08,0.9998756647109985,3.334566542889661e-07,0.00012395481462590396
/content/yolo_view/test/Normal/Normal- (872).jpg,1,1,4.999586855625182e-10,0.9999929666519165,3.139484405778603e-08,6.999985089350957e-06
/content/yolo_view/test/Normal/Normal- (873).jpg,1,1,4.302050660154322e-10,0.9999980926513672,7.40989918313062e-08,1.7985515796681284e-06
/content/yolo_view/test/Normal/Normal- (874).jpg,1,1,2.629090056771588e-09,0.9999961853027344,1.2693134010532958e-07,3.7209711081231944e-06
/content/yolo_view/test/Normal/Normal- (875).jpg,1,1,8.279902874441802e-10,0.9999942779541016,6.063491753138806e-08,5.595132279268e-06
/content/yolo_view/test/Normal/Normal- (876).jpg,1,1,5.30202132198454e-11,0.9999991655349731,2.3610690291775427e-08,7.830159347577137e-07
/content/yolo_view/test/Normal/Normal- (877).jpg,1,1,1.5652439414037822e-11,0.9999996423721313,5.9213235203969816e-08,3.8275101132967393e-07
/content/yolo_view/test/Normal/Normal- (878).jpg,1,1,9.889842173286742e-14,1.0,4.761066652037016e-09,2.2003067812192967e-08
/content/yolo_view/test/Normal/Normal- (879).jpg,1,1,2.6017020162598728e-14,1.0,5.112908318949394e-09,5.495067956218236e-09
/content/yolo_view/test/Normal/Normal- (880).jpg,1,1,2.9147447683127966e-15,1.0,1.5581715917534211e-09,2.066846249704213e-09
/content/yolo_view/test/Normal/Normal- (881).jpg,1,1,1.5238569398635642e-17,1.0,1.2262574289323425e-10,3.7803027375105103e-10
/content/yolo_view/test/Normal/Normal- (882).jpg,1,1,1.6485552443865456e-18,1.0,2.6924561538632652e-11,3.2705438357538696e-10
/content/yolo_view/test/Normal/Normal- (883).jpg,1,1,1.2396196488529902e-17,1.0,3.410953117177762e-11,3.902938860989025e-09
/content/yolo_view/test/Normal/Normal- (884).jpg,1,1,3.6830051337801047e-17,1.0,1.1514218745123372e-10,8.899713854759739e-09
/content/yolo_view/test/Normal/Normal- (885).jpg,1,1,5.858347207984718e-16,1.0,7.48185291499226e-10,5.29177981434259e-08
/content/yolo_view/test/Normal/Normal- (886).jpg,1,1,4.515837573673687e-16,1.0,1.1162183399804348e-09,5.1754700081119154e-08
/content/yolo_view/test/Normal/Normal- (887).jpg,1,1,8.580909623807052e-15,1.0,9.774777431914572e-09,4.990794977288715e-08
/content/yolo_view/test/Normal/Normal- (888).jpg,1,1,3.8368319074189375e-14,1.0,1.7986009126502722e-08,3.2439999131383956e-08
/content/yolo_view/test/Normal/Normal- (889).jpg,1,1,5.853189942006242e-15,1.0,5.922554002779634e-09,1.3063443660144003e-08
/content/yolo_view/test/Normal/Normal- (890).jpg,1,1,7.962513103631553e-16,1.0,1.202813071365938e-09,3.731498221526408e-09
/content/yolo_view/test/Normal/Normal- (891).jpg,1,1,1.0935282593446585e-14,1.0,3.5093117300988297e-09,2.9682833968536215e-08
/content/yolo_view/test/Normal/Normal- (892).jpg,1,1,6.256570240191495e-13,0.9999996423721313,2.1805199423852173e-08,3.886346178205713e-07
/content/yolo_view/test/Normal/Normal- (928).jpg,1,1,1.237144609846086e-13,0.9999982118606567,1.259110149476328e-09,1.7624513475311687e-06
/content/yolo_view/test/Normal/Normal- (929).jpg,1,1,1.1246818092721517e-13,0.9999949932098389,8.228395742548855e-10,5.007618710806128e-06
/content/yolo_view/test/Normal/Normal- (930).jpg,1,1,1.2136011596705631e-12,0.999987006187439,3.2771281244237116e-09,1.3035255506110843e-05
/content/yolo_view/test/Normal/Normal- (931).jpg,1,1,4.3250849950104975e-12,0.9999755620956421,1.6322848850336413e-08,2.439562558720354e-05
/content/yolo_view/test/Normal/Normal- (932).jpg,1,1,1.7705250243346682e-12,0.9999912977218628,1.3528122622119554e-08,8.683207852300256e-06
/content/yolo_view/test/Normal/Normal- (933).jpg,1,1,5.0718413843742205e-12,0.9999785423278809,9.046810411916795e-09,2.1479212591657415e-05
/content/yolo_view/test/Normal/Normal- (934).jpg,1,1,1.60705094522616e-13,0.9999983310699463,7.190235074006068e-10,1.718360294944432e-06
/content/yolo_view/test/Normal/Normal- (935).jpg,1,1,1.4625370955544809e-13,0.999998927116394,1.073265143425317e-09,1.115276972996071e-06
/content/yolo_view/test/Normal/Normal- (936).jpg,1,1,6.15282239220527e-13,0.9999961853027344,3.8902006060936856e-09,3.804698508247384e-06
/content/yolo_view/test/Normal/Normal- (937).jpg,1,1,4.930186033730299e-12,0.9999964237213135,6.682076669761727e-09,3.623638122007833e-06
/content/yolo_view/test/Normal/Normal- (938).jpg,1,1,6.436429080686201e-12,0.9999957084655762,9.444644177847294e-09,4.335005087341415e-06
/content/yolo_view/test/Normal/Normal- (939).jpg,1,1,1.4052222926941305e-12,0.9999992847442627,5.7472777648115425e-09,7.557781600553426e-07
/content/yolo_view/test/Normal/Normal- (940).jpg,1,1,2.377115648419248e-12,0.9999995231628418,6.344076375341956e-09,4.938110578223132e-07
/content/yolo_view/test/Normal/Normal- (941).jpg,1,1,1.4390600256569686e-12,0.9999997615814209,5.537394098809045e-09,2.496858542144764e-07
/content/yolo_view/test/Normal/Normal- (942).jpg,1,1,1.8007313305409833e-13,0.9999998807907104,2.67078736904125e-09,6.500562932387766e-08
/content/yolo_view/test/Normal/Normal- (943).jpg,1,1,5.8183092946449e-14,1.0,9.760111607803879e-10,3.054077879482975e-08
/content/yolo_view/test/Normal/Normal- (944).jpg,1,1,1.3737077339363857e-13,1.0,1.049258235852335e-09,3.545584092989884e-08
/content/yolo_view/test/Normal/Normal- (945).jpg,1,1,1.6619202487713064e-13,1.0,1.5504044714731435e-09,2.8489623105087958e-08
/content/yolo_view/test/Normal/Normal- (946).jpg,1,1,1.9110788526763983e-13,1.0,3.0190367983351507e-09,1.3554895872402994e-08
/content/yolo_view/test/Normal/Normal- (947).jpg,1,1,2.4841256439020465e-13,1.0,5.92327742410248e-09,1.920474623773316e-08
/content/yolo_view/test/Normal/Normal- (948).jpg,1,1,1.3455663178726235e-13,1.0,1.0156369967262435e-08,1.9928911854094622e-08
/content/yolo_view/test/Normal/Normal- (949).jpg,1,1,2.0657058352811612e-14,1.0,6.378951589169901e-09,1.7070730606860707e-08
/content/yolo_view/test/Normal/Normal- (950).jpg,1,1,2.723627453874388e-15,1.0,1.0899618985149573e-09,1.0729659827291016e-08
/content/yolo_view/test/Normal/Normal- (951).jpg,1,1,6.993866342184032e-16,1.0,8.597789147302137e-10,1.1766774221655396e-08
/content/yolo_view/test/Normal/Normal- (952).jpg,1,1,4.295636112441881e-15,1.0,4.018115618009688e-09,2.5188228391925804e-08
/content/yolo_view/test/Normal/Normal- (953).jpg,1,1,1.6257357466535963e-14,1.0,5.852694329178121e-09,5.181594175951432e-08
/content/yolo_view/test/Normal/Normal- (954).jpg,1,1,3.9841355109243755e-15,1.0,1.0494703994723409e-09,1.934031423900251e-08
/content/yolo_view/test/Normal/Normal- (955).jpg,1,1,1.6401031195049237e-14,1.0,1.1591591020376768e-09,5.5239379292970625e-08
/content/yolo_view/test/Normal/Normal- (956).jpg,1,1,3.469185049366323e-14,0.9999998807907104,5.313359530134676e-09,1.4975147166751412e-07
/content/yolo_view/test/Normal/Normal- (957).jpg,1,1,3.367738623779107e-14,0.9999998807907104,1.4669508274778309e-08,1.483156779613637e-07
/content/yolo_view/test/Normal/Normal- (958).jpg,1,1,3.3593025822002687e-13,0.9999995231628418,6.652788187011538e-08,3.714720264724747e-07
/content/yolo_view/test/Normal/Normal- (959).jpg,1,1,3.362571505960421e-12,0.9999988079071045,1.5082409277056286e-07,1.096319465432316e-06
/content/yolo_view/test/Normal/Normal- (960).jpg,1,1,1.6861434123938146e-12,0.9999985694885254,1.0390611038246789e-07,1.337003936896508e-06
/content/yolo_view/test/Normal/Normal- (961).jpg,1,1,7.086309078592479e-13,0.9999992847442627,2.634314810734395e-08,7.059813356136146e-07
/content/yolo_view/test/Normal/Normal- (962).jpg,1,1,6.879401697823875e-14,0.9999996423721313,3.644180956996479e-09,3.0972333320278267e-07
/content/yolo_view/test/Normal/Normal- (963).jpg,1,1,2.360019189621976e-13,0.9999994039535522,5.402086777905879e-09,6.059988777451508e-07
/content/yolo_view/test/Normal/Normal- (964).jpg,1,1,3.630367287712523e-14,0.9999998807907104,1.927284110081473e-09,6.446310152341539e-08
/content/yolo_view/test/Normal/Normal- (965).jpg,1,1,4.4175312686285315e-14,1.0,2.6517681384063962e-09,5.1298101766406035e-08
/content/yolo_view/test/Normal/Normal- (966).jpg,1,1,6.999117946457009e-14,1.0,6.046385170321855e-09,3.2456711096529034e-08
/content/yolo_view/test/Normal/Normal- (967).jpg,1,1,8.643725587175431e-15,1.0,1.7798171825234022e-09,1.5446818935060946e-08
/content/yolo_view/test/Normal/Normal- (968).jpg,1,1,6.627222201734378e-15,1.0,1.6665072655186464e-09,8.885720603757363e-09
/content/yolo_view/test/Normal/Normal- (969).jpg,1,1,1.38146438732889e-13,1.0,1.4079734711458514e-08,2.475599281126506e-08
/content/yolo_view/test/Normal/Normal- (970).jpg,1,1,2.7416011626722747e-13,1.0,1.9772880222035383e-08,5.220152843321557e-08
/content/yolo_view/test/Normal/Normal- (971).jpg,1,1,4.746604042975278e-13,1.0,4.1266144279461514e-08,1.8188794470574976e-08
/content/yolo_view/test/Normal/Normal- (972).jpg,1,1,1.3113188106986945e-13,1.0,2.472743965142854e-08,1.4966746064715153e-08
/content/yolo_view/test/Normal/Normal- (973).jpg,1,1,1.4150212035088372e-12,0.9999998807907104,5.7844225409553474e-08,1.2025492424072581e-07
/content/yolo_view/test/Normal/Normal- (974).jpg,1,1,8.792792882683642e-12,0.9999997615814209,1.355460312879586e-07,1.1320294390770869e-07
/content/yolo_view/test/Normal/Normal- (975).jpg,1,1,8.560650799349645e-11,0.9999992847442627,4.6086876182016567e-07,2.23761361439756e-07
/content/yolo_view/test/Normal/Normal- (976).jpg,1,1,3.759323755070376e-11,0.9999991655349731,7.168218871811405e-07,9.841279080546883e-08
/content/yolo_view/test/Normal/Normal- (977).jpg,1,1,3.687434472349205e-12,0.9999996423721313,3.24747958302396e-07,4.71734438178828e-08
/content/yolo_view/test/Normal/Normal- (978).jpg,1,1,6.204568109291486e-12,0.9999992847442627,6.412127504518139e-07,6.883778524979789e-08
/content/yolo_view/test/Normal/Normal- (979).jpg,1,1,8.091399945897582e-12,0.9999990463256836,8.894589313968027e-07,1.451659699114316e-07
/content/yolo_view/test/Normal/Normal- (980).jpg,1,1,1.7010247377324816e-11,0.9999979734420776,1.4127172107691877e-06,5.660520514538803e-07
/content/yolo_view/test/Normal/Normal- (981).jpg,1,1,2.1336936124188854e-12,0.9999985694885254,1.1437201692388044e-06,2.0993213922793075e-07
/content/yolo_view/test/Normal/Normal- (982).jpg,1,1,1.9769242124399733e-13,0.9999996423721313,2.3836869900151214e-07,6.765782956108524e-08
/content/yolo_view/test/Normal/Normal- (983).jpg,1,1,4.1926098010014456e-13,0.9999995231628418,1.861741196762523e-07,1.8919197941613675e-07
/content/yolo_view/test/Normal/Normal- (984).jpg,1,1,1.0950522173064359e-12,0.9999992847442627,8.968299169964666e-08,5.705103944819712e-07
/content/yolo_view/test/Normal/Normal- (985).jpg,1,1,1.3282184596966062e-12,0.9999967813491821,6.528412654915883e-08,3.1546110221825074e-06
/content/yolo_view/test/Normal/Normal- (986).jpg,1,1,2.3956664018005835e-13,0.9999973773956299,1.8667515533365986e-08,2.5885440209094668e-06
/content/yolo_view/test/Normal/Normal- (987).jpg,1,1,3.595884983005615e-13,0.9999982118606567,1.0857919008344652e-08,1.76301114152011e-06
/content/yolo_view/test/Normal/Normal- (988).jpg,1,1,3.989765549189395e-12,0.9999991655349731,3.355941657900985e-08,8.242705575867149e-07
/content/yolo_view/test/Normal/Normal- (989).jpg,1,1,2.7147364217716685e-12,0.9999998807907104,2.9182649186054732e-08,1.3983566304887063e-07
/content/yolo_view/test/Normal/Normal- (990).jpg,1,1,2.640972336653835e-11,0.9999995231628418,9.564368497194664e-08,4.0527385181121645e-07
/content/yolo_view/test/Normal/Normal- (991).jpg,1,1,1.4461545849719926e-10,0.999997615814209,1.7697439602670784e-07,2.2203312255442142e-06
/content/yolo_view/test/Normal/Normal- (992).jpg,1,1,4.530353869824921e-09,0.9999861717224121,1.5340687014031573e-06,1.2294425687287003e-05
/content/yolo_view/test/Normal/Normal- (993).jpg,1,1,1.4974820272684042e-09,0.9999905824661255,1.8592575088405283e-06,7.531810297223274e-06
/content/yolo_view/test/Normal/Normal- (994).jpg,1,1,7.381246724946777e-09,0.9999847412109375,4.41468546341639e-06,1.0851247679966036e-05
/content/yolo_view/test/Normal/Normal- (995).jpg,1,1,5.2008792827962225e-09,0.9999904632568359,6.336681963148294e-06,3.2656384973961394e-06
/content/yolo_view/test/Normal/Normal- (996).jpg,1,1,1.0285958751410362e-07,0.9999313354492188,5.7132478104904294e-05,1.1488570635265205e-05
/content/yolo_view/test/Normal/Normal- (997).jpg,1,1,3.6630498811973666e-07,0.9997462630271912,0.0002435018541291356,9.849483831203543e-06
/content/yolo_view/test/Normal/Normal- (998).jpg,1,1,1.338140123152698e-06,0.9997245669364929,0.0002514743246138096,2.260246947116684e-05
/content/yolo_view/test/Normal/Normal- (999).jpg,1,1,4.7277310538662576e-11,0.9999879598617554,1.1278501915512607e-05,6.92572825755633e-07
/content/yolo_view/test/Stone/Stone- (1004).jpg,2,2,0.0005898450617678463,2.4442474568786565e-06,0.9994076490402222,1.1085400652977029e-10
/content/yolo_view/test/Stone/Stone- (1005).jpg,2,2,0.00012160243932157755,7.423453780575073e-07,0.9998776912689209,2.890688556578258e-11
/content/yolo_view/test/Stone/Stone- (1006).jpg,2,2,2.27435721171787e-05,2.0238353215518146e-07,0.9999769926071167,2.941433338218835e-12
/content/yolo_view/test/Stone/Stone- (1007).jpg,2,2,1.320594833487121e-06,5.8457615637053095e-08,0.9999986886978149,7.771182243716812e-13
/content/yolo_view/test/Stone/Stone- (1008).jpg,2,2,1.7819190816226183e-06,8.344055402176309e-08,0.9999980926513672,2.219518622711969e-12
/content/yolo_view/test/Stone/Stone- (1009).jpg,2,2,6.588006726815365e-06,7.835128457145402e-08,0.9999933242797852,9.989500546203622e-13
/content/yolo_view/test/Stone/Stone- (1010).jpg,2,2,3.053672344321967e-06,3.310086427177339e-08,0.9999969005584717,3.186435761515921e-13
/content/yolo_view/test/Stone/Stone- (1011).jpg,2,2,8.081950909399893e-06,3.914293245088629e-08,0.9999918937683105,6.193416547846387e-13
/content/yolo_view/test/Stone/Stone- (1029).jpg,2,2,1.8145539797842503e-05,1.0720182075374396e-07,0.9999817609786987,1.2069714117046715e-09
/content/yolo_view/test/Stone/Stone- (1030).jpg,2,2,2.8382552045513876e-05,1.1497251506398243e-07,0.9999715089797974,6.885182424198888e-10
/content/yolo_view/test/Stone/Stone- (1031).jpg,2,2,4.941165752825327e-05,7.718962535818719e-08,0.9999504089355469,6.635333948956657e-10
/content/yolo_view/test/Stone/Stone- (1092).jpg,2,2,0.00012388201139401644,4.357318630354712e-07,0.999875545501709,1.4217174282293854e-07
/content/yolo_view/test/Stone/Stone- (1093).jpg,2,2,4.9530113756190985e-05,2.434944690321572e-07,0.9999501705169678,4.9865882090216473e-08
/content/yolo_view/test/Stone/Stone- (1094).jpg,2,2,3.444063986535184e-05,3.0948149287723936e-07,0.9999651908874512,2.5630541244936467e-08
/content/yolo_view/test/Stone/Stone- (1095).jpg,2,2,5.0398306484567e-05,4.20619159058333e-07,0.9999490976333618,6.615290004674534e-08
/content/yolo_view/test/Stone/Stone- (1096).jpg,2,2,2.3277605578186922e-05,1.3514289776139776e-07,0.999976634979248,7.937715373884657e-09
/content/yolo_view/test/Stone/Stone- (1177).jpg,2,2,1.2678347087458075e-11,6.511917405305212e-08,0.9999998807907104,7.874734867549353e-15
/content/yolo_view/test/Stone/Stone- (1178).jpg,2,2,3.3890065233299627e-12,3.5610227655524795e-08,1.0,1.267078703380076e-14
/content/yolo_view/test/Stone/Stone- (1179).jpg,2,2,3.3896394805582597e-12,1.0540149730786652e-07,0.9999998807907104,7.624340747506078e-14
/content/yolo_view/test/Stone/Stone- (1180).jpg,2,2,8.770349030351454e-12,2.682821218513709e-07,0.9999997615814209,1.6092586518998836e-13
/content/yolo_view/test/Stone/Stone- (1181).jpg,2,2,4.3398977987718634e-12,4.4468919213613844e-07,0.9999995231628418,8.731780760679736e-14
/content/yolo_view/test/Stone/Stone- (1182).jpg,2,2,2.1472592801052848e-11,4.793224661625572e-07,0.9999995231628418,1.6153749074054174e-13
/content/yolo_view/test/Stone/Stone- (1183).jpg,2,2,2.892601783099913e-11,4.788436172020738e-07,0.9999995231628418,2.7333137923163386e-13
/content/yolo_view/test/Stone/Stone- (1184).jpg,2,2,3.67947616819464e-11,3.059897437651671e-07,0.9999996423721313,1.6236629553877113e-13
/content/yolo_view/test/Stone/Stone- (1185).jpg,2,2,1.977110697382045e-09,1.4476396472673514e-06,0.9999985694885254,5.042434568849896e-13
/content/yolo_view/test/Stone/Stone- (175).jpg,2,2,1.8551540392763854e-07,1.3898571523895953e-05,0.9999359846115112,4.982246537110768e-05
/content/yolo_view/test/Stone/Stone- (183).jpg,2,2,7.200142149166311e-10,7.104896670995231e-09,1.0,8.217559445411471e-12
/content/yolo_view/test/Stone/Stone- (184).jpg,2,2,3.3416780453876527e-10,4.824176613738018e-09,1.0,3.0912865583293536e-12
/content/yolo_view/test/Stone/Stone- (185).jpg,2,2,8.692540021115747e-09,1.7421205811274376e-08,1.0,9.124002768590156e-12
/content/yolo_view/test/Stone/Stone- (186).jpg,2,2,7.672823265636453e-09,2.255051967381405e-08,1.0,3.046399590922455e-11
/content/yolo_view/test/Stone/Stone- (187).jpg,2,2,3.869561115976694e-09,2.62885571089555e-08,1.0,4.79454930618628e-12
/content/yolo_view/test/Stone/Stone- (188).jpg,2,2,1.649746117493578e-08,1.0091203961337669e-07,0.9999998807907104,1.421522448363799e-11
/content/yolo_view/test/Stone/Stone- (243).jpg,2,2,2.5290561097790487e-05,0.0031500468030571938,0.9968215227127075,3.076786697420175e-06
/content/yolo_view/test/Stone/Stone- (244).jpg,2,2,2.998705895151943e-06,0.0005251480033621192,0.999471127986908,8.12833775398758e-07
/content/yolo_view/test/Stone/Stone- (245).jpg,2,2,1.049530851560121e-06,0.00015049686771817505,0.9998481273651123,3.2404420835518977e-07
/content/yolo_view/test/Stone/Stone- (246).jpg,2,2,1.3084668353258166e-06,0.00017245759954676032,0.9998257756233215,4.971213343196723e-07
/content/yolo_view/test/Stone/Stone- (247).jpg,2,2,1.4516377859763452e-06,0.00029661148437298834,0.9997001886367798,1.8056897488349932e-06
/content/yolo_view/test/Stone/Stone- (248).jpg,2,2,5.391735612647608e-06,0.0004570773453451693,0.9995334148406982,4.116393483855063e-06
/content/yolo_view/test/Stone/Stone- (249).jpg,2,2,1.0072134500660468e-05,0.0003214464813936502,0.9996656179428101,2.833291773640667e-06
/content/yolo_view/test/Stone/Stone- (258).jpg,2,2,2.66162342166254e-10,3.779819599003531e-05,0.9999622106552124,5.57392076938612e-10
/content/yolo_view/test/Stone/Stone- (259).jpg,2,2,4.588381619097248e-10,6.163129910419229e-06,0.9999938011169434,1.1663879584400405e-10
/content/yolo_view/test/Stone/Stone- (260).jpg,2,2,1.083304487781156e-10,3.539679710229393e-06,0.9999964237213135,4.521029731141546e-11
/content/yolo_view/test/Stone/Stone- (261).jpg,2,2,5.25389384775643e-11,6.213227152329637e-06,0.9999938011169434,7.481887331906023e-11
/content/yolo_view/test/Stone/Stone- (262).jpg,2,2,1.7289808473819335e-10,1.1066718798247166e-05,0.9999889135360718,6.335550140068591e-11
/content/yolo_view/test/Stone/Stone- (263).jpg,2,2,2.856998318478965e-11,2.77253730018856e-06,0.9999972581863403,1.5335493291912528e-11
/content/yolo_view/test/Stone/Stone- (264).jpg,2,2,2.1907120215103326e-11,1.0060491604235722e-06,0.9999990463256836,1.1636380227442178e-11
/content/yolo_view/test/Stone/Stone- (265).jpg,2,2,6.352671166887092e-11,3.6073120099899825e-06,0.9999964237213135,1.339455803217593e-11
/content/yolo_view/test/Stone/Stone- (266).jpg,2,2,7.196004347953533e-10,2.1716383344028145e-05,0.9999783039093018,5.893515536703475e-11
/content/yolo_view/test/Stone/Stone- (267).jpg,2,2,3.9405348428722675e-10,1.2547586266009603e-05,0.9999874830245972,5.5004358706645107e-11
/content/yolo_view/test/Stone/Stone- (268).jpg,2,2,8.485172009464748e-10,3.3455480661359616e-06,0.9999966621398926,2.8710412519616924e-11
/content/yolo_view/test/Stone/Stone- (269).jpg,2,2,1.512204139686446e-09,1.4614473684559925e-06,0.9999985694885254,1.3733169115792698e-11
/content/yolo_view/test/Stone/Stone- (270).jpg,2,2,4.898620176163604e-09,2.5579188331903424e-06,0.9999974966049194,5.0198258744194035e-11
/content/yolo_view/test/Stone/Stone- (28).jpg,2,2,5.144765964359976e-06,6.281079123482414e-08,0.9999947547912598,1.3772857854199572e-11
/content/yolo_view/test/Stone/Stone- (29).jpg,2,2,2.2368885410628536e-08,5.041374873115956e-09,1.0,2.51014053292975e-13
/content/yolo_view/test/Stone/Stone- (290).jpg,2,2,8.008353324839845e-05,0.005665293429046869,0.99425208568573,2.5359274786751484e-06
/content/yolo_view/test/Stone/Stone- (291).jpg,2,2,1.2922157111461274e-05,0.012595105916261673,0.9873905181884766,1.425487539563619e-06
/content/yolo_view/test/Stone/Stone- (292).jpg,2,2,9.69653910942725e-07,0.0034976357128471136,0.9965006113052368,7.92425737472513e-07
/content/yolo_view/test/Stone/Stone- (293).jpg,2,2,1.094007643587247e-06,0.0041894130408763885,0.9958081245422363,1.3952661674920819e-06
/content/yolo_view/test/Stone/Stone- (294).jpg,2,2,1.8826798395821243e-06,0.008974619209766388,0.9910200238227844,3.46280148733058e-06
/content/yolo_view/test/Stone/Stone- (295).jpg,2,2,4.0948259538708953e-07,0.0062979296781122684,0.9936995506286621,2.1229632238828344e-06
/content/yolo_view/test/Stone/Stone- (296).jpg,2,2,4.864273819293885e-07,0.012334051541984081,0.9876623153686523,3.168622015436995e-06
/content/yolo_view/test/Stone/Stone- (297).jpg,2,2,2.6539754571786034e-07,0.02878056839108467,0.971215546131134,3.6796286622120533e-06
/content/yolo_view/test/Stone/Stone- (298).jpg,2,2,3.7329431279431446e-07,0.02029767632484436,0.9796962738037109,5.689679255738156e-06
/content/yolo_view/test/Stone/Stone- (299).jpg,2,2,3.833510220374592e-07,0.0318581722676754,0.9681265950202942,1.4839708455838263e-05
/content/yolo_view/test/Stone/Stone- (30).jpg,2,2,1.8125831502402434e-08,6.15311623874959e-09,1.0,6.720700927199952e-13
/content/yolo_view/test/Stone/Stone- (300).jpg,2,2,2.558322478307673e-07,0.08780893683433533,0.9121637344360352,2.7055384634877555e-05
/content/yolo_view/test/Stone/Stone- (301).jpg,2,2,1.9217172564367502e-07,0.07171297818422318,0.9282513856887817,3.541638216120191e-05
/content/yolo_view/test/Stone/Stone- (302).jpg,2,2,3.1743562090014166e-07,0.06161283701658249,0.9383519887924194,3.4807573683792725e-05
/content/yolo_view/test/Stone/Stone- (303).jpg,2,2,6.93295248765935e-07,0.06796666979789734,0.9320176243782043,1.5047150554892141e-05
/content/yolo_view/test/Stone/Stone- (304).jpg,2,2,1.0630616316120722e-06,0.13395681977272034,0.8660337328910828,8.404278560192324e-06
/content/yolo_view/test/Stone/Stone- (305).jpg,2,2,6.8255494625191204e-06,0.17737041413784027,0.8225858807563782,3.684849798446521e-05
/content/yolo_view/test/Stone/Stone- (306).jpg,2,2,2.1904512323089875e-05,0.05185750126838684,0.9481037855148315,1.6832518667797558e-05
/content/yolo_view/test/Stone/Stone- (307).jpg,2,2,1.271315250050975e-05,0.027512701228260994,0.9724574685096741,1.7060674508684315e-05
/content/yolo_view/test/Stone/Stone- (308).jpg,2,2,2.3843913368182257e-06,0.040613263845443726,0.9593701362609863,1.4169047062750906e-05
/content/yolo_view/test/Stone/Stone- (309).jpg,2,2,2.33504897551029e-06,0.16669835150241852,0.8332722187042236,2.7079255232820287e-05
/content/yolo_view/test/Stone/Stone- (31).jpg,2,2,1.0390897031697932e-08,4.734560743457905e-09,1.0,8.902378075166528e-13
/content/yolo_view/test/Stone/Stone- (310).jpg,2,2,2.1736552753282012e-06,0.0768342986702919,0.9231544733047485,9.038353709911462e-06
/content/yolo_view/test/Stone/Stone- (311).jpg,2,2,3.5641276099340757e-06,0.013153614476323128,0.9868415594100952,1.2605905794771388e-06
/content/yolo_view/test/Stone/Stone- (312).jpg,2,2,2.462649263179628e-06,0.010756046511232853,0.9892393350601196,2.1053169803053606e-06
/content/yolo_view/test/Stone/Stone- (313).jpg,2,2,3.7552167668764014e-06,0.006403445266187191,0.9935856461524963,7.122929218894569e-06
/content/yolo_view/test/Stone/Stone- (314).jpg,2,2,5.352381776901893e-06,0.003992378246039152,0.9959818124771118,2.041789412032813e-05
/content/yolo_view/test/Stone/Stone- (315).jpg,2,2,7.934010568533267e-07,0.0029425257816910744,0.9970470070838928,9.70556266111089e-06
/content/yolo_view/test/Stone/Stone- (316).jpg,2,2,4.788049636772485e-07,0.00317623233422637,0.9968178272247314,5.4971410463622306e-06
/content/yolo_view/test/Stone/Stone- (317).jpg,2,2,1.813123162719421e-07,0.004739833064377308,0.9952427744865417,1.7158072296297178e-05
/content/yolo_view/test/Stone/Stone- (318).jpg,2,2,1.7500457261121483e-07,0.0036259288899600506,0.9963358640670776,3.80322671844624e-05
/content/yolo_view/test/Stone/Stone- (319).jpg,2,2,6.849672473663304e-08,0.0016742702573537827,0.9983124732971191,1.3126141311659012e-05
/content/yolo_view/test/Stone/Stone- (32).jpg,2,2,4.95055871851946e-08,9.118605426294835e-09,1.0,5.5049103296622715e-12
/content/yolo_view/test/Stone/Stone- (320).jpg,2,2,4.499857482187508e-07,0.004161533899605274,0.9957708716392517,6.710910383844748e-05
/content/yolo_view/test/Stone/Stone- (463).jpg,2,2,0.0009721620590426028,0.003339986316859722,0.9956828355789185,5.097994744573953e-06
/content/yolo_view/test/Stone/Stone- (464).jpg,2,2,9.098379086935893e-05,0.00791542325168848,0.9919902682304382,3.3913136121555e-06
/content/yolo_view/test/Stone/Stone- (465).jpg,2,2,3.80662277166266e-06,0.0015244756359606981,0.9984707236289978,9.700598866402288e-07
/content/yolo_view/test/Stone/Stone- (466).jpg,2,2,5.1174370128137525e-06,0.001610293984413147,0.9983826875686646,1.8953110156871844e-06
/content/yolo_view/test/Stone/Stone- (467).jpg,2,2,1.8066151824314147e-05,0.003507420886307955,0.996469259262085,5.220935236138757e-06
/content/yolo_view/test/Stone/Stone- (468).jpg,2,2,5.526831500901608e-06,0.0030461724381893873,0.9969435334205627,4.737964900414227e-06
/content/yolo_view/test/Stone/Stone- (469).jpg,2,2,5.302204044710379e-06,0.008248290047049522,0.9917379021644592,8.53165147418622e-06
/content/yolo_view/test/Stone/Stone- (470).jpg,2,2,1.959490418812493e-06,0.010817698203027248,0.9891728162765503,7.487427410524106e-06
/content/yolo_view/test/Stone/Stone- (471).jpg,2,2,2.023871275014244e-06,0.009318794123828411,0.9906711578369141,8.066515874816105e-06
/content/yolo_view/test/Stone/Stone- (472).jpg,2,2,1.7809990140449372e-06,0.008063320070505142,0.991926908493042,7.987068784132134e-06
/content/yolo_view/test/Stone/Stone- (473).jpg,2,2,1.5805035218363628e-06,0.023377813398838043,0.9766030311584473,1.754225195327308e-05
/content/yolo_view/test/Stone/Stone- (474).jpg,2,2,1.3511174756786204e-06,0.02230304479598999,0.9776656627655029,2.9885095500503667e-05
/content/yolo_view/test/Stone/Stone- (475).jpg,2,2,3.041772970391321e-06,0.01631498895585537,0.9836307764053345,5.121477079228498e-05
/content/yolo_view/test/Stone/Stone- (476).jpg,2,2,1.4994000594015233e-05,0.024135367944836617,0.9758194088935852,3.0194058126653545e-05
/content/yolo_view/test/Stone/Stone- (477).jpg,2,2,2.0737197701237164e-05,0.06517555564641953,0.9347829818725586,2.0746731024701148e-05
/content/yolo_view/test/Stone/Stone- (478).jpg,2,2,0.0001392585545545444,0.09516727179288864,0.9045530557632446,0.00014045467833057046
/content/yolo_view/test/Stone/Stone- (479).jpg,2,2,0.00019144850375596434,0.021709347143769264,0.978062093257904,3.705506242113188e-05
/content/yolo_view/test/Stone/Stone- (480).jpg,2,2,0.0001534981856821105,0.014335261657834053,0.985471785068512,3.9425576687790453e-05
/content/yolo_view/test/Stone/Stone- (481).jpg,2,2,4.788468140759505e-05,0.015009965747594833,0.9848893880844116,5.2819785196334124e-05
/content/yolo_view/test/Stone/Stone- (482).jpg,2,2,9.265798144042492e-05,0.07661684602499008,0.9230925440788269,0.00019794747640844434
/content/yolo_view/test/Stone/Stone- (483).jpg,2,2,7.374472625087947e-05,0.03650499880313873,0.9633787274360657,4.2470255721127614e-05
/content/yolo_view/test/Stone/Stone- (484).jpg,2,2,8.527946192771196e-05,0.007527059875428677,0.9923821091651917,5.4897832342248876e-06
/content/yolo_view/test/Stone/Stone- (485).jpg,2,2,4.612186239683069e-05,0.006684561260044575,0.9932602047920227,8.995647476695012e-06
/content/yolo_view/test/Stone/Stone- (486).jpg,2,2,4.847547097597271e-05,0.003961995244026184,0.9959734082221985,1.6092062651296146e-05
/content/yolo_view/test/Stone/Stone- (487).jpg,2,2,6.658250640612096e-05,0.002023593755438924,0.9978761672973633,3.358307731105015e-05
/content/yolo_view/test/Stone/Stone- (488).jpg,2,2,8.001991773198824e-06,0.0012681316584348679,0.9987083673477173,1.5519206499448046e-05
/content/yolo_view/test/Stone/Stone- (489).jpg,2,2,3.30089142153156e-06,0.001043709460645914,0.9989466071128845,6.410262813005829e-06
/content/yolo_view/test/Stone/Stone- (490).jpg,2,2,7.230966616589285e-07,0.0010090263094753027,0.9989781379699707,1.2188405889901333e-05
/content/yolo_view/test/Stone/Stone- (491).jpg,2,2,8.144841672219627e-07,0.001097214757464826,0.9988706707954407,3.124323484371416e-05
/content/yolo_view/test/Stone/Stone- (492).jpg,2,2,4.1908685943781165e-07,0.0005126498872414231,0.9994744658470154,1.2421050087141339e-05
/content/yolo_view/test/Stone/Stone- (493).jpg,2,2,5.245965894573601e-06,0.001934157800860703,0.9979777932167053,8.284784416900948e-05
/content/yolo_view/test/Stone/Stone- (494).jpg,2,2,8.05320669314824e-05,0.012513268738985062,0.9869330525398254,0.0004731728695333004
/content/yolo_view/test/Stone/Stone- (495).jpg,2,2,0.000492198159918189,0.01530587300658226,0.9838760495185852,0.0003257744247093797
/content/yolo_view/test/Stone/Stone- (496).jpg,2,2,0.0016468517715111375,0.007965831086039543,0.9902072548866272,0.0001800925238057971
/content/yolo_view/test/Stone/Stone- (497).jpg,2,2,2.4806913643260486e-06,0.00017618219135329127,0.9998107552528381,1.0575216947472654e-05
/content/yolo_view/test/Stone/Stone- (498).jpg,2,2,4.5005155158150956e-08,1.8642329450813122e-05,0.9999808073043823,5.153702318239084e-07
/content/yolo_view/test/Stone/Stone- (499).jpg,2,2,1.553450879043794e-08,2.4400871552643366e-05,0.9999750852584839,5.686969757334737e-07
/content/yolo_view/test/Stone/Stone- (500).jpg,2,2,3.5592488956126545e-09,1.1421286217228044e-05,0.9999884366989136,8.978419430150097e-08
/content/yolo_view/test/Stone/Stone- (501).jpg,2,2,4.111075035950762e-09,1.2765747669618577e-05,0.9999871253967285,9.358155494965104e-08
/content/yolo_view/test/Stone/Stone- (502).jpg,2,2,1.914809200087575e-09,8.872555554262362e-06,0.9999910593032837,5.171575878648582e-08
/content/yolo_view/test/Stone/Stone- (503).jpg,2,2,6.940366947816301e-09,1.1069779247918632e-05,0.9999889135360718,4.662620511908244e-08
/content/yolo_view/test/Stone/Stone- (504).jpg,2,2,5.043239603708116e-09,7.862516213208437e-06,0.9999921321868896,5.7153194177317346e-08
/content/yolo_view/test/Stone/Stone- (505).jpg,2,2,9.83375159080424e-10,9.659299394115806e-06,0.9999903440475464,5.361657784419549e-08
/content/yolo_view/test/Stone/Stone- (506).jpg,2,2,3.0586758126283087e-10,7.0526666604564525e-06,0.9999929666519165,1.9259267958204873e-08
/content/yolo_view/test/Stone/Stone- (507).jpg,2,2,5.474580233588711e-10,1.339307436865056e-05,0.9999865293502808,5.00505556999542e-08
/content/yolo_view/test/Stone/Stone- (508).jpg,2,2,9.75801661695641e-10,2.190722807426937e-05,0.9999780654907227,4.872594061566815e-08
/content/yolo_view/test/Stone/Stone- (509).jpg,2,2,1.0558215413070116e-09,3.369102341821417e-05,0.9999662637710571,3.063069442532651e-08
/content/yolo_view/test/Stone/Stone- (624).jpg,2,2,6.3771722277894405e-12,7.906607493168849e-07,0.9999991655349731,2.4978437490586446e-14
/content/yolo_view/test/Stone/Stone- (625).jpg,2,2,5.835883859495183e-12,6.251648869692872e-07,0.9999994039535522,3.6326786712189904e-14
/content/yolo_view/test/Stone/Stone- (626).jpg,2,2,4.487424754701097e-12,3.0918738502805354e-07,0.9999996423721313,7.207929186240497e-14
/content/yolo_view/test/Stone/Stone- (627).jpg,2,2,7.96014469617301e-12,1.7126947682299942e-07,0.9999998807907104,1.4205290047551722e-13
/content/yolo_view/test/Stone/Stone- (673).jpg,2,2,1.1549795408266617e-12,5.370726796627423e-08,1.0,7.931256020866917e-13
/content/yolo_view/test/Stone/Stone- (674).jpg,2,2,1.564808525811312e-11,7.865321549616056e-08,0.9999998807907104,1.9275310514377253e-12
/content/yolo_view/test/Stone/Stone- (675).jpg,2,2,2.7452195031085758e-11,9.808341872030724e-08,0.9999998807907104,4.604914106282054e-12
/content/yolo_view/test/Stone/Stone- (676).jpg,2,2,1.3679698866730927e-11,1.53948249703717e-07,0.9999998807907104,7.277354066581587e-12
/content/yolo_view/test/Stone/Stone- (677).jpg,2,2,4.4660703087118225e-12,2.3262229831289005e-07,0.9999997615814209,1.0994209882764228e-11
/content/yolo_view/test/Stone/Stone- (678).jpg,2,2,7.196216821221679e-13,1.7655740691679966e-07,0.9999998807907104,2.545287765276516e-12
/content/yolo_view/test/Stone/Stone- (679).jpg,2,2,4.737657748749013e-13,1.1268605248915264e-07,0.9999998807907104,3.5331683325562357e-12
/content/yolo_view/test/Stone/Stone- (680).jpg,2,2,2.3317022683315425e-13,1.0772295411243249e-07,0.9999998807907104,4.960983446961054e-12
/content/yolo_view/test/Stone/Stone- (681).jpg,2,2,1.8542074342944859e-13,8.914123839076638e-08,0.9999998807907104,3.4050746163666323e-12
/content/yolo_view/test/Stone/Stone- (682).jpg,2,2,3.2804891480142304e-14,1.0418884244245419e-07,0.9999998807907104,2.3767264198393256e-12
/content/yolo_view/test/Stone/Stone- (683).jpg,2,2,3.177109115615022e-14,3.308626048692531e-07,0.9999996423721313,5.2828423059703145e-12
/content/yolo_view/test/Stone/Stone- (684).jpg,2,2,4.8425442800668905e-14,4.455254440927092e-07,0.9999995231628418,5.747632404740077e-12
/content/yolo_view/test/Stone/Stone- (685).jpg,2,2,2.544391428235468e-14,3.358368303452153e-07,0.9999996423721313,1.8229734128488717e-12
/content/yolo_view/test/Stone/Stone- (686).jpg,2,2,1.7591242590202227e-13,4.7414854975613707e-07,0.9999995231628418,1.7282620647096625e-12
/content/yolo_view/test/Stone/Stone- (687).jpg,2,2,1.5879766035106768e-12,5.321349476616888e-07,0.9999995231628418,8.276539176232944e-13
/content/yolo_view/test/Stone/Stone- (688).jpg,2,2,1.3802212844860051e-11,1.0130495411431184e-06,0.9999990463256836,1.038167381922639e-12
/content/yolo_view/test/Stone/Stone- (72).jpg,2,2,9.12876330083634e-10,1.3294013889719736e-08,1.0,1.4209791121544413e-09
/content/yolo_view/test/Stone/Stone- (726).jpg,2,2,0.086087666451931,6.425780611607479e-06,0.913905918598175,1.1798610088931127e-08
/content/yolo_view/test/Stone/Stone- (729).jpg,2,0,0.885662853717804,0.0009128652163781226,0.1132204607129097,0.00020382767252158374
/content/yolo_view/test/Stone/Stone- (73).jpg,2,2,2.3262209936092404e-09,6.711186983920925e-08,0.9999998807907104,8.839218246237124e-09
/content/yolo_view/test/Stone/Stone- (730).jpg,2,0,0.7126203775405884,0.005116952117532492,0.2815627157688141,0.0006999705801717937
/content/yolo_view/test/Stone/Stone- (731).jpg,2,0,0.7402932643890381,0.004995249677449465,0.2542431354522705,0.00046826491598039865
/content/yolo_view/test/Stone/Stone- (732).jpg,2,0,0.7331452965736389,0.006754578556865454,0.2597728669643402,0.00032726474455557764
/content/yolo_view/test/Stone/Stone- (733).jpg,2,0,0.7580169439315796,0.011793328449130058,0.2297845184803009,0.00040524741052649915
/content/yolo_view/test/Stone/Stone- (734).jpg,2,0,0.9054344892501831,0.002941469894722104,0.0914866104722023,0.00013742763258051127
/content/yolo_view/test/Stone/Stone- (735).jpg,2,0,0.885662853717804,0.0009128652163781226,0.1132204607129097,0.00020382767252158374
/content/yolo_view/test/Stone/Stone- (736).jpg,2,0,0.7126203775405884,0.005116952117532492,0.2815627157688141,0.0006999705801717937
/content/yolo_view/test/Stone/Stone- (737).jpg,2,0,0.7402932643890381,0.004995249677449465,0.2542431354522705,0.00046826491598039865
/content/yolo_view/test/Stone/Stone- (738).jpg,2,0,0.7331452965736389,0.006754578556865454,0.2597728669643402,0.00032726474455557764
/content/yolo_view/test/Stone/Stone- (739).jpg,2,0,0.7580169439315796,0.011793328449130058,0.2297845184803009,0.00040524741052649915
/content/yolo_view/test/Stone/Stone- (74).jpg,2,2,3.3068441318562236e-09,2.7024037763112574e-07,0.9999997615814209,1.9098369108405677e-08
/content/yolo_view/test/Stone/Stone- (740).jpg,2,0,0.9054344892501831,0.002941469894722104,0.0914866104722023,0.00013742763258051127
/content/yolo_view/test/Stone/Stone- (75).jpg,2,2,5.504011468815406e-09,7.505134931307111e-07,0.9999992847442627,6.805159991074561e-09
/content/yolo_view/test/Stone/Stone- (76).jpg,2,2,5.147323349774524e-07,8.977557627076749e-06,0.9999905824661255,1.5692917187948296e-08
/content/yolo_view/test/Stone/Stone- (77).jpg,2,2,1.390858361816072e-08,4.4397603460311075e-07,0.9999995231628418,1.6815034920014682e-09
/content/yolo_view/test/Stone/Stone- (78).jpg,2,2,2.1826238039146517e-10,4.538652831342915e-08,1.0,7.574927907150197e-10
/content/yolo_view/test/Stone/Stone- (79).jpg,2,2,4.2265149713394123e-11,3.3964877133030313e-08,1.0,5.100059263796197e-10
/content/yolo_view/test/Stone/Stone- (80).jpg,2,2,9.007291440488174e-11,5.5496315098935156e-08,1.0,1.8127688239388817e-09
/content/yolo_view/test/Stone/Stone- (81).jpg,2,2,5.175116238320676e-11,1.6194913143863232e-07,0.9999998807907104,1.8730539341760277e-09
/content/yolo_view/test/Stone/Stone- (818).jpg,2,2,4.863350255845944e-08,2.1992259462422226e-06,0.9999978542327881,1.5354008342516323e-10
/content/yolo_view/test/Stone/Stone- (819).jpg,2,2,3.299856388139233e-08,8.861916285241023e-07,0.9999991655349731,4.709082429554812e-11
/content/yolo_view/test/Stone/Stone- (82).jpg,2,2,7.980048843947429e-10,4.7366449962282786e-07,0.9999995231628418,1.2643942559620314e-09
/content/yolo_view/test/Stone/Stone- (820).jpg,2,2,1.9983961863090371e-07,1.1206149792997167e-05,0.9999885559082031,1.9163819142686833e-10
/content/yolo_view/test/Stone/Stone- (821).jpg,2,2,9.94108972918184e-08,5.32197009306401e-06,0.9999945163726807,5.510891742943613e-11
/content/yolo_view/test/Stone/Stone- (822).jpg,2,2,4.4549778976943344e-08,1.9071311498919385e-06,0.9999980926513672,2.2013656522656966e-11
/content/yolo_view/test/Stone/Stone- (823).jpg,2,2,1.1122822662912313e-08,4.6033076728235756e-07,0.9999995231628418,2.0057946189394604e-12
/content/yolo_view/test/Stone/Stone- (824).jpg,2,2,5.495182975323587e-09,1.4082883126320667e-07,0.9999998807907104,2.0241002884197057e-12
/content/yolo_view/test/Stone/Stone- (825).jpg,2,2,1.12483835579269e-08,5.2692591623326734e-08,1.0,7.269887816740983e-13
/content/yolo_view/test/Stone/Stone- (83).jpg,2,2,5.656545232213261e-10,1.941075851163987e-07,0.9999997615814209,1.5417248033777753e-10
/content/yolo_view/test/Stone/Stone- (84).jpg,2,2,1.2449291597604883e-10,6.172878386223601e-08,0.9999998807907104,3.5619208971215954e-11
/content/yolo_view/test/Stone/Stone- (85).jpg,2,2,9.52499815132235e-11,3.70981290132022e-08,1.0,9.097626818554971e-11
/content/yolo_view/test/Stone/Stone- (86).jpg,2,2,1.4054645034594637e-12,1.57193280614365e-09,1.0,5.324034182269122e-12
/content/yolo_view/test/Stone/Stone- (87).jpg,2,2,9.321466125020161e-13,1.0336453915016364e-09,1.0,5.166504377096537e-12
/content/yolo_view/test/Stone/Stone- (879).jpg,2,2,0.0036832415498793125,0.001356124528683722,0.9949605464935303,3.8566259519257073e-08
/content/yolo_view/test/Stone/Stone- (88).jpg,2,2,3.891596680322129e-12,1.9934298656210103e-09,1.0,6.6799495622438254e-12
/content/yolo_view/test/Stone/Stone- (89).jpg,2,2,1.6632276068559437e-12,6.314511136196188e-10,1.0,1.656070354634498e-12
/content/yolo_view/test/Stone/Stone- (896).jpg,2,2,8.07648611953482e-05,2.427659637760371e-05,0.9998948574066162,3.581463658974826e-08
/content/yolo_view/test/Stone/Stone- (897).jpg,2,2,7.106932753231376e-05,3.071553146583028e-05,0.9998981952667236,3.347337340642298e-08
/content/yolo_view/test/Stone/Stone- (898).jpg,2,2,5.529948975890875e-05,1.1516980521264486e-05,0.999933123588562,1.8854173333693325e-08
/content/yolo_view/test/Stone/Stone- (899).jpg,2,2,6.277095508266939e-06,5.00404939884902e-06,0.9999886751174927,3.802425929677611e-09
/content/yolo_view/test/Stone/Stone- (90).jpg,2,2,2.381900015765992e-12,4.5463680042878707e-10,1.0,2.918966283960156e-12
/content/yolo_view/test/Stone/Stone- (900).jpg,2,2,3.552567932274542e-06,4.750298558064969e-06,0.9999916553497314,2.4247612806505003e-09
/content/yolo_view/test/Stone/Stone- (91).jpg,2,2,8.799472435427891e-12,7.867579365772315e-10,1.0,1.4966828774595764e-12
/content/yolo_view/test/Stone/Stone- (92).jpg,2,2,3.4081501509852785e-11,5.8828231175311885e-09,1.0,4.331679546304423e-12
/content/yolo_view/test/Stone/Stone- (93).jpg,2,2,1.1506704443442484e-11,1.0162009012049111e-08,1.0,2.6635457728296785e-11
/content/yolo_view/test/Stone/Stone- (94).jpg,2,2,1.6632213184833433e-12,4.833119238156769e-09,1.0,8.301099391205824e-12
/content/yolo_view/test/Stone/Stone- (95).jpg,2,2,9.846744730354628e-13,3.389522440500059e-09,1.0,6.713440133671034e-12
/content/yolo_view/test/Stone/Stone- (96).jpg,2,2,4.681643961390591e-12,1.3707484924907476e-08,1.0,1.0449194461081834e-11
/content/yolo_view/test/Tumor/Tumor- (1070).jpg,3,3,1.0796035894600209e-05,1.3617948297905969e-06,5.779125444860256e-08,0.9999878406524658
/content/yolo_view/test/Tumor/Tumor- (1073).jpg,3,3,8.654894190840423e-05,3.167264424064342e-07,1.161462677146119e-07,0.9999129772186279
/content/yolo_view/test/Tumor/Tumor- (1162).jpg,3,3,1.1994010264970711e-06,4.171955225729107e-09,5.371749711713392e-10,0.9999988079071045
/content/yolo_view/test/Tumor/Tumor- (1163).jpg,3,3,2.3902484826976433e-06,2.1055768240074713e-09,2.454770553494967e-10,0.999997615814209
/content/yolo_view/test/Tumor/Tumor- (1164).jpg,3,3,5.270215842756443e-05,8.34486879597307e-09,4.32554703166943e-09,0.9999473094940186
/content/yolo_view/test/Tumor/Tumor- (1216).jpg,3,3,6.929175100367502e-08,1.3624937309941743e-05,2.1960659957187545e-09,0.9999862909317017
/content/yolo_view/test/Tumor/Tumor- (1217).jpg,3,3,9.493759733913976e-08,5.9160225646337494e-05,2.8061026835501934e-09,0.9999407529830933
/content/yolo_view/test/Tumor/Tumor- (1218).jpg,3,3,1.3459145975502906e-07,0.00021901496802456677,3.6884968412920216e-09,0.9997808337211609
/content/yolo_view/test/Tumor/Tumor- (1219).jpg,3,3,2.9930251344012504e-07,0.0002862409164663404,6.619961911979999e-09,0.9997133612632751
/content/yolo_view/test/Tumor/Tumor- (1220).jpg,3,3,2.884937373437424e-07,0.0006543119088746607,1.032524021837844e-08,0.9993453621864319
/content/yolo_view/test/Tumor/Tumor- (1254).jpg,3,3,7.8798571223615e-08,2.184547820416327e-10,1.6062911634487365e-12,0.9999998807907104
/content/yolo_view/test/Tumor/Tumor- (1255).jpg,3,3,7.318236328046623e-08,4.5040811358365573e-11,2.2556453233013585e-12,0.9999998807907104
/content/yolo_view/test/Tumor/Tumor- (1256).jpg,3,3,7.184510053548365e-08,3.0789600036218445e-11,7.4004311793191e-13,0.9999998807907104
/content/yolo_view/test/Tumor/Tumor- (1257).jpg,3,3,2.683425179839105e-07,4.721174562405395e-10,3.320782451105009e-12,0.9999997615814209
/content/yolo_view/test/Tumor/Tumor- (1258).jpg,3,3,8.686617434250365e-07,3.822937078012956e-09,6.610739299722779e-12,0.9999991655349731
/content/yolo_view/test/Tumor/Tumor- (1259).jpg,3,3,4.499443377881107e-07,9.301619474655354e-10,6.7699895169026636e-12,0.9999995231628418
/content/yolo_view/test/Tumor/Tumor- (1260).jpg,3,3,2.7392298207473686e-08,1.688487266671146e-10,1.4042319824297822e-12,1.0
/content/yolo_view/test/Tumor/Tumor- (1261).jpg,3,3,1.713306652106894e-08,1.2778278435376933e-10,7.667350912163307e-13,1.0
/content/yolo_view/test/Tumor/Tumor- (1262).jpg,3,3,1.0800871308447313e-07,1.113290348797591e-09,4.314676654154637e-12,0.9999998807907104
/content/yolo_view/test/Tumor/Tumor- (1263).jpg,3,3,3.451033947499127e-08,2.4748980642641527e-10,1.3392299422210208e-12,1.0
/content/yolo_view/test/Tumor/Tumor- (1264).jpg,3,3,2.8935840390431622e-08,1.2839355967297905e-10,1.2332176295773434e-12,1.0
/content/yolo_view/test/Tumor/Tumor- (1275).jpg,3,3,5.336201258643314e-09,1.7268733318309692e-11,1.45005665461162e-12,1.0
/content/yolo_view/test/Tumor/Tumor- (1276).jpg,3,3,1.3648316254943893e-08,1.0359778312984957e-10,5.8579343632791936e-12,1.0
/content/yolo_view/test/Tumor/Tumor- (1277).jpg,3,3,1.1142979872147407e-08,2.3687696248941847e-09,2.750833415221532e-11,1.0
/content/yolo_view/test/Tumor/Tumor- (1278).jpg,3,3,2.3575429608513332e-08,2.9986177985108498e-09,9.517189120122893e-11,1.0
/content/yolo_view/test/Tumor/Tumor- (1279).jpg,3,3,8.657000449829866e-09,4.395854791283682e-10,1.680595246300598e-11,1.0
/content/yolo_view/test/Tumor/Tumor- (1280).jpg,3,3,2.6960266907849473e-08,1.4362319666894052e-10,3.5576572937623396e-11,1.0
/content/yolo_view/test/Tumor/Tumor- (1281).jpg,3,3,1.701017140476324e-07,2.2433432889101823e-09,9.505400910825301e-10,0.9999998807907104
/content/yolo_view/test/Tumor/Tumor- (1282).jpg,3,3,1.4095285223447718e-06,2.2408952915498048e-08,1.3796199738180803e-08,0.9999985694885254
/content/yolo_view/test/Tumor/Tumor- (1283).jpg,3,3,6.149931323307101e-06,5.1100425224603896e-08,7.630310250306138e-08,0.9999938011169434
/content/yolo_view/test/Tumor/Tumor- (1284).jpg,3,3,1.7924506892086356e-06,4.268511943905651e-08,1.7743847280371483e-08,0.9999982118606567
/content/yolo_view/test/Tumor/Tumor- (1285).jpg,3,3,5.098895599076059e-06,2.7248542977531542e-08,4.1800490180321503e-08,0.9999948740005493
/content/yolo_view/test/Tumor/Tumor- (1286).jpg,3,3,2.6965206416207366e-05,1.0735043076692818e-07,1.386898560440386e-07,0.9999728202819824
/content/yolo_view/test/Tumor/Tumor- (1287).jpg,3,3,8.18449643702479e-06,4.249637797215655e-08,2.074907534677095e-08,0.999991774559021
/content/yolo_view/test/Tumor/Tumor- (1288).jpg,3,3,3.365994643900194e-06,6.59099130828622e-09,4.107876705461422e-09,0.9999966621398926
/content/yolo_view/test/Tumor/Tumor- (1363).jpg,3,3,2.391456277450743e-08,1.6382890635213698e-06,2.6427404709039592e-09,0.9999983310699463
/content/yolo_view/test/Tumor/Tumor- (1364).jpg,3,3,5.257890123289144e-09,4.118724064028356e-07,4.235053141510292e-10,0.9999996423721313
/content/yolo_view/test/Tumor/Tumor- (1365).jpg,3,3,8.292311726165735e-09,2.9377792998275254e-07,2.796675668825799e-10,0.9999997615814209
/content/yolo_view/test/Tumor/Tumor- (1366).jpg,3,3,1.9636033243841666e-08,3.5076848803328176e-07,3.295206607578649e-10,0.9999996423721313
/content/yolo_view/test/Tumor/Tumor- (1471).jpg,3,3,7.222424756037071e-05,2.0627531682748668e-07,5.671709004673176e-07,0.9999269247055054
/content/yolo_view/test/Tumor/Tumor- (1472).jpg,3,3,6.094377386034466e-05,4.889847673439363e-07,6.987637561906013e-07,0.999937891960144
/content/yolo_view/test/Tumor/Tumor- (1473).jpg,3,3,4.930091381538659e-05,8.054921067923715e-07,1.163363890555047e-06,0.9999487400054932
/content/yolo_view/test/Tumor/Tumor- (1474).jpg,3,3,5.693962884834036e-05,7.340983643189247e-07,9.63805405262974e-07,0.999941349029541
/content/yolo_view/test/Tumor/Tumor- (1475).jpg,3,3,8.599415741628036e-05,3.693384655889531e-07,8.099539741124318e-07,0.9999128580093384
/content/yolo_view/test/Tumor/Tumor- (1476).jpg,3,3,0.00020135994418524206,2.0417861890109634e-07,1.009032075671712e-06,0.9997974038124084
/content/yolo_view/test/Tumor/Tumor- (1477).jpg,3,3,0.0004826356307603419,1.317696103342314e-07,1.5440473362104967e-06,0.9995156526565552
/content/yolo_view/test/Tumor/Tumor- (1478).jpg,3,3,0.00024888606276363134,7.733920170949204e-08,7.979759857335011e-07,0.9997501969337463
/content/yolo_view/test/Tumor/Tumor- (1479).jpg,3,3,0.00010352275421610102,5.5794398434727555e-08,2.5765532996047114e-07,0.9998961687088013
/content/yolo_view/test/Tumor/Tumor- (1480).jpg,3,3,8.134646486723796e-05,4.339332093650228e-08,1.2409986993588973e-07,0.9999185800552368
/content/yolo_view/test/Tumor/Tumor- (1481).jpg,3,3,0.00010184519487665966,6.354164128197226e-08,1.0460153276881101e-07,0.9998979568481445
/content/yolo_view/test/Tumor/Tumor- (1482).jpg,3,3,0.0001022858705255203,2.767607441001019e-07,1.3640676854720368e-07,0.9998973608016968
/content/yolo_view/test/Tumor/Tumor- (1483).jpg,3,3,0.00015862677537370473,8.276949756691465e-07,3.1909752351566567e-07,0.9998401403427124
/content/yolo_view/test/Tumor/Tumor- (1484).jpg,3,3,0.0002614122931845486,6.379838168868446e-07,3.760699769372877e-07,0.999737560749054
/content/yolo_view/test/Tumor/Tumor- (1485).jpg,3,3,0.000551816017832607,4.5874199372519797e-07,5.359750048228307e-07,0.9994471669197083
/content/yolo_view/test/Tumor/Tumor- (1486).jpg,3,3,0.00042325854883529246,3.682160354401276e-07,4.6174466206139186e-07,0.9995759129524231
/content/yolo_view/test/Tumor/Tumor- (1487).jpg,3,3,0.0003005338367074728,3.86948329378356e-07,4.927264285470301e-07,0.9996986389160156
/content/yolo_view/test/Tumor/Tumor- (1488).jpg,3,3,0.000284782174276188,5.598518555416376e-07,6.979227009651368e-07,0.9997139573097229
/content/yolo_view/test/Tumor/Tumor- (1489).jpg,3,3,0.00023727485677227378,1.2688241213254514e-06,1.4946766668799683e-06,0.9997599720954895
/content/yolo_view/test/Tumor/Tumor- (1490).jpg,3,3,0.00018531920795794576,2.301792846992612e-06,1.4034033029020065e-06,0.9998109936714172
/content/yolo_view/test/Tumor/Tumor- (1491).jpg,3,3,0.00024040479911491275,2.9025550247752108e-06,1.0544125643718871e-06,0.9997556805610657
/content/yolo_view/test/Tumor/Tumor- (1492).jpg,3,3,0.0002784387907013297,1.7856810927696642e-06,6.559937446581898e-07,0.9997190833091736
/content/yolo_view/test/Tumor/Tumor- (1493).jpg,3,3,0.00015701897791586816,1.1283558478680789e-06,2.566201828813064e-07,0.999841570854187
/content/yolo_view/test/Tumor/Tumor- (1494).jpg,3,3,0.0001583209668751806,9.126381996793498e-07,1.7651142059094127e-07,0.999840497970581
/content/yolo_view/test/Tumor/Tumor- (1495).jpg,3,3,0.0002628916408866644,9.190281957671687e-07,2.3340568588992028e-07,0.9997358918190002
/content/yolo_view/test/Tumor/Tumor- (1496).jpg,3,3,0.0005000546807423234,1.055619009093789e-06,6.4013215705927e-07,0.9994982481002808
/content/yolo_view/test/Tumor/Tumor- (1497).jpg,3,3,0.0012825564481317997,2.0694651539088227e-06,2.774487256829161e-06,0.9987126588821411
/content/yolo_view/test/Tumor/Tumor- (1498).jpg,3,3,0.001555508584715426,1.0192763966188068e-06,3.655160980997607e-06,0.9984397292137146
/content/yolo_view/test/Tumor/Tumor- (1499).jpg,3,3,0.0014592462684959173,1.1389004157535965e-06,4.774989974976052e-06,0.9985347986221313
/content/yolo_view/test/Tumor/Tumor- (1500).jpg,3,3,0.0013560524675995111,1.8212936083727982e-06,7.1918234425538685e-06,0.9986349940299988
/content/yolo_view/test/Tumor/Tumor- (1501).jpg,3,3,0.0018567765364423394,3.336177087476244e-06,1.4630389159719925e-05,0.9981252551078796
/content/yolo_view/test/Tumor/Tumor- (1502).jpg,3,3,0.002725320402532816,5.700882866221946e-06,2.244381175842136e-05,0.997246503829956
/content/yolo_view/test/Tumor/Tumor- (1503).jpg,3,3,0.0029342907946556807,5.73785609958577e-06,2.8944228688487783e-05,0.9970310926437378
/content/yolo_view/test/Tumor/Tumor- (1504).jpg,3,3,0.0022441798355430365,6.137206128187245e-06,3.61544662155211e-05,0.9977134466171265
/content/yolo_view/test/Tumor/Tumor- (1505).jpg,3,3,0.0014303413918241858,6.643682354479097e-06,3.791448034462519e-05,0.998525083065033
/content/yolo_view/test/Tumor/Tumor- (1506).jpg,3,3,0.0008499095565639436,3.1116630907490617e-06,3.5403863876126707e-05,0.9991115927696228
/content/yolo_view/test/Tumor/Tumor- (1507).jpg,3,3,0.0005318738403730094,2.8742902031808626e-06,3.177130201947875e-05,0.9994334578514099
/content/yolo_view/test/Tumor/Tumor- (1508).jpg,3,3,0.00042929500341415405,5.29153930983739e-06,4.290643482818268e-05,0.9995225667953491
/content/yolo_view/test/Tumor/Tumor- (1509).jpg,3,3,0.0005446920404210687,8.600389264756814e-06,7.228002505144104e-05,0.9993744492530823
/content/yolo_view/test/Tumor/Tumor- (1510).jpg,3,3,0.001264661317691207,8.285321200673934e-06,0.00012817066453862935,0.9985988736152649
/content/yolo_view/test/Tumor/Tumor- (1511).jpg,3,3,0.0043579163029789925,1.1578933481359854e-05,0.00033684729714877903,0.9952935576438904
/content/yolo_view/test/Tumor/Tumor- (1512).jpg,3,3,0.005917133763432503,6.212485459400341e-06,0.0003064468619413674,0.9937703013420105
/content/yolo_view/test/Tumor/Tumor- (1513).jpg,3,3,0.019701270386576653,7.99280223873211e-06,0.0010681240819394588,0.9792226552963257
/content/yolo_view/test/Tumor/Tumor- (1514).jpg,3,3,0.09356662631034851,1.695612445473671e-05,0.0048508127219974995,0.9015656113624573
/content/yolo_view/test/Tumor/Tumor- (1515).jpg,3,3,0.08411054313182831,2.7792832042905502e-05,0.005804667714983225,0.910057008266449
/content/yolo_view/test/Tumor/Tumor- (1516).jpg,3,3,0.02908577211201191,1.6156656784005463e-05,0.0021029782947152853,0.968795120716095
/content/yolo_view/test/Tumor/Tumor- (1517).jpg,3,3,0.027576880529522896,9.478596439294051e-06,0.001940407557412982,0.9704731702804565
/content/yolo_view/test/Tumor/Tumor- (1518).jpg,3,3,0.06830111891031265,1.2585067452164367e-05,0.005152754485607147,0.926533579826355
/content/yolo_view/test/Tumor/Tumor- (1519).jpg,3,3,0.051766082644462585,1.3108845450915396e-05,0.006220006383955479,0.9420007467269897
/content/yolo_view/test/Tumor/Tumor- (1520).jpg,3,3,0.02322971820831299,1.0544436008785851e-05,0.0031045658979564905,0.9736551642417908
/content/yolo_view/test/Tumor/Tumor- (1521).jpg,3,3,0.011829781346023083,2.3390039132209495e-05,0.0017651267116889358,0.9863816499710083
/content/yolo_view/test/Tumor/Tumor- (1596).jpg,3,3,0.002542833797633648,7.704879681114107e-05,4.364520464150701e-06,0.9973757266998291
/content/yolo_view/test/Tumor/Tumor- (1661).jpg,3,3,0.0005885327118448913,7.311736567316984e-07,4.157005832894356e-07,0.9994103908538818
/content/yolo_view/test/Tumor/Tumor- (1662).jpg,3,3,0.00034364318707957864,1.4736040157004027e-06,4.5134029846849444e-07,0.9996545314788818
/content/yolo_view/test/Tumor/Tumor- (1663).jpg,3,3,0.0003502585750538856,3.125590410490986e-06,6.653230002484634e-07,0.9996459484100342
/content/yolo_view/test/Tumor/Tumor- (1664).jpg,3,3,0.00013778753054793924,2.5139838726317976e-06,3.6661663216364104e-07,0.9998593330383301
/content/yolo_view/test/Tumor/Tumor- (1665).jpg,3,3,0.00023503517149947584,4.8545080062467605e-06,1.7339930309390184e-06,0.9997583031654358
/content/yolo_view/test/Tumor/Tumor- (1666).jpg,3,3,0.00038475115434266627,1.786884240573272e-05,3.3835758586064912e-06,0.9995940327644348
/content/yolo_view/test/Tumor/Tumor- (1667).jpg,3,3,0.00042174410191364586,5.64729307370726e-05,6.506000318040606e-06,0.9995152950286865
/content/yolo_view/test/Tumor/Tumor- (1668).jpg,3,3,0.0008013451006263494,0.00013368295913096517,7.085738616297022e-05,0.9989940524101257
/content/yolo_view/test/Tumor/Tumor- (1669).jpg,3,3,0.0003067214856855571,0.00014148459013085812,8.331509161507711e-05,0.9994685053825378
/content/yolo_view/test/Tumor/Tumor- (1670).jpg,3,3,0.00018720771186053753,0.00013262360880617052,4.421463381731883e-05,0.9996359348297119
/content/yolo_view/test/Tumor/Tumor- (1671).jpg,3,3,0.00010095495235873386,3.359506808919832e-05,2.7681883238983573e-06,0.9998626708984375
/content/yolo_view/test/Tumor/Tumor- (1672).jpg,3,3,0.00021431842469610274,4.736243681691121e-06,1.2204383210701053e-06,0.9997797608375549
/content/yolo_view/test/Tumor/Tumor- (1673).jpg,3,3,0.0001323890028288588,9.89313775789924e-07,5.058726060269692e-07,0.9998661279678345
/content/yolo_view/test/Tumor/Tumor- (1674).jpg,3,3,6.138873868621886e-05,1.1332639360261965e-06,3.2882252298804815e-07,0.9999370574951172
/content/yolo_view/test/Tumor/Tumor- (1675).jpg,3,3,9.429970668861642e-05,6.80709320022288e-07,3.3523312481520406e-07,0.9999046325683594
/content/yolo_view/test/Tumor/Tumor- (1676).jpg,3,3,9.075117850443348e-05,3.7837355648662196e-07,3.185422770002333e-07,0.9999085664749146
/content/yolo_view/test/Tumor/Tumor- (1677).jpg,3,3,8.10162237030454e-05,4.5389072056423174e-07,3.241138699650037e-07,0.9999182224273682
/content/yolo_view/test/Tumor/Tumor- (1678).jpg,3,3,0.00010670857591321692,3.3292181456090475e-07,2.472374092121754e-07,0.9998927116394043
/content/yolo_view/test/Tumor/Tumor- (1679).jpg,3,3,0.00020166153262834996,3.669798331884522e-07,2.8680571517725184e-07,0.9997977614402771
/content/yolo_view/test/Tumor/Tumor- (1680).jpg,3,3,0.0002793668245431036,1.1617416362241784e-07,2.8209424840497377e-07,0.9997201561927795
/content/yolo_view/test/Tumor/Tumor- (1684).jpg,3,3,0.00047795946011319757,1.850260957780847e-07,1.911582330649253e-06,0.999519944190979
/content/yolo_view/test/Tumor/Tumor- (1685).jpg,3,3,0.00036588188959285617,3.381990723028139e-07,3.2642169571772683e-06,0.9996304512023926
/content/yolo_view/test/Tumor/Tumor- (1686).jpg,3,3,0.0008468087762594223,7.830098525118956e-07,1.1287397683190648e-05,0.9991410970687866
/content/yolo_view/test/Tumor/Tumor- (1687).jpg,3,3,0.0008800987270660698,1.2336404324742034e-06,8.903107300284319e-06,0.9991098046302795
/content/yolo_view/test/Tumor/Tumor- (1688).jpg,3,3,0.0013680896954610944,1.1524705314513994e-06,4.536084816209041e-06,0.9986262321472168
/content/yolo_view/test/Tumor/Tumor- (1689).jpg,3,3,0.000376849842723459,6.42560792130098e-07,1.5840698779356899e-06,0.9996209144592285
/content/yolo_view/test/Tumor/Tumor- (1690).jpg,3,3,0.0001871176209533587,2.6420531185067375e-07,1.122747903536947e-06,0.999811589717865
/content/yolo_view/test/Tumor/Tumor- (1691).jpg,3,3,0.00013590115122497082,3.4783377600433596e-07,1.1131030532851582e-06,0.999862551689148
/content/yolo_view/test/Tumor/Tumor- (1692).jpg,3,3,5.977416003588587e-05,3.931714047666901e-07,5.583804068010068e-07,0.9999393224716187
/content/yolo_view/test/Tumor/Tumor- (1693).jpg,3,3,3.8051322917453945e-05,6.486911274805607e-07,4.673247246955725e-07,0.9999608993530273
/content/yolo_view/test/Tumor/Tumor- (1853).jpg,3,3,1.0076986356466477e-08,1.9017063550563762e-06,1.1090808132996344e-10,0.9999980926513672
/content/yolo_view/test/Tumor/Tumor- (1854).jpg,3,3,3.5616512406022593e-08,9.170014436676865e-07,5.403091862810072e-10,0.9999990463256836
/content/yolo_view/test/Tumor/Tumor- (1855).jpg,3,3,4.518517116025578e-08,2.3002235138847027e-06,7.69411090395522e-10,0.9999977350234985
/content/yolo_view/test/Tumor/Tumor- (1856).jpg,3,3,1.4273704884715244e-08,8.687553076924814e-07,6.095391968941044e-10,0.9999991655349731
/content/yolo_view/test/Tumor/Tumor- (1967).jpg,3,3,0.09302648901939392,0.0002595323894638568,0.00010102891974383965,0.9066129922866821
/content/yolo_view/test/Tumor/Tumor- (1968).jpg,3,3,0.10286775976419449,0.0005752168945036829,0.00018793492927215993,0.8963690400123596
/content/yolo_view/test/Tumor/Tumor- (1969).jpg,3,3,0.11163919419050217,0.0007453284342773259,0.0001938127534231171,0.8874216675758362
/content/yolo_view/test/Tumor/Tumor- (1970).jpg,3,3,0.06638823449611664,0.0016130446456372738,0.00021183263743296266,0.9317868947982788
/content/yolo_view/test/Tumor/Tumor- (1971).jpg,3,3,0.1104055866599083,0.001283339923247695,0.00016011204570531845,0.8881509304046631
/content/yolo_view/test/Tumor/Tumor- (1972).jpg,3,3,0.10203526169061661,0.0003457969578448683,4.8511432396480814e-05,0.8975704312324524
/content/yolo_view/test/Tumor/Tumor- (1973).jpg,3,3,0.2819552421569824,0.00020179575949441642,7.520189683418721e-05,0.7177677750587463
/content/yolo_view/test/Tumor/Tumor- (1974).jpg,3,3,0.07676709443330765,0.00012997214798815548,2.6749181415652856e-05,0.9230761528015137
/content/yolo_view/test/Tumor/Tumor- (1975).jpg,3,3,0.03367767855525017,0.00015021965373307467,1.9926119421143085e-05,0.9661522507667542
/content/yolo_view/test/Tumor/Tumor- (1976).jpg,3,3,0.021402152255177498,0.00019200568203814328,1.694050843070727e-05,0.9783889651298523
/content/yolo_view/test/Tumor/Tumor- (1977).jpg,3,3,0.01645777001976967,0.0003753029159270227,2.1669515263056383e-05,0.9831452369689941
/content/yolo_view/test/Tumor/Tumor- (1978).jpg,3,3,0.012182020582258701,0.0005204647895880044,1.4407475646294188e-05,0.9872831106185913
/content/yolo_view/test/Tumor/Tumor- (1979).jpg,3,3,0.006276336032897234,0.0003104534116573632,1.2031179721816443e-05,0.9934011101722717
/content/yolo_view/test/Tumor/Tumor- (1980).jpg,3,3,0.00633032014593482,0.00014864900731481612,9.498363397142384e-06,0.9935114979743958
/content/yolo_view/test/Tumor/Tumor- (1981).jpg,3,3,0.014602228999137878,6.930380914127454e-05,8.771971806709189e-06,0.9853197336196899
/content/yolo_view/test/Tumor/Tumor- (1982).jpg,3,3,0.010699496604502201,5.065411824034527e-05,4.763361175719183e-06,0.9892450571060181
/content/yolo_view/test/Tumor/Tumor- (202).jpg,3,3,3.351211752544714e-09,9.278795687350794e-07,2.7476576747176296e-07,0.9999988079071045
/content/yolo_view/test/Tumor/Tumor- (203).jpg,3,3,1.2627627832273447e-08,5.79262461997132e-07,1.7055364764928527e-07,0.9999991655349731
/content/yolo_view/test/Tumor/Tumor- (306).jpg,3,3,2.028501057793619e-06,8.045068611295392e-09,1.963158346995897e-08,0.9999979734420776
/content/yolo_view/test/Tumor/Tumor- (307).jpg,3,3,6.8347735577845015e-06,1.3461918690893526e-08,5.900731991914654e-08,0.999993085861206
/content/yolo_view/test/Tumor/Tumor- (308).jpg,3,3,6.620304247917375e-06,1.554846029705459e-08,2.183086067475415e-08,0.9999933242797852
/content/yolo_view/test/Tumor/Tumor- (309).jpg,3,3,8.370114665012807e-05,2.9346480800995778e-08,1.259012947230076e-07,0.9999161958694458
/content/yolo_view/test/Tumor/Tumor- (310).jpg,3,3,7.967199780978262e-05,1.0458229127152663e-07,1.8288908165686735e-07,0.9999200105667114
/content/yolo_view/test/Tumor/Tumor- (311).jpg,3,3,1.633689498703461e-05,2.1730695465294048e-08,6.324997769979745e-08,0.999983549118042
/content/yolo_view/test/Tumor/Tumor- (312).jpg,3,3,0.0008275092695839703,8.950127039497602e-08,2.7963216780335642e-05,0.999144434928894
/content/yolo_view/test/Tumor/Tumor- (313).jpg,3,3,0.0036356959026306868,1.570822547591888e-07,0.00020292247063480318,0.9961612224578857
/content/yolo_view/test/Tumor/Tumor- (314).jpg,3,3,0.014736825600266457,2.8587916744982067e-07,0.0016458203317597508,0.9836170673370361
/content/yolo_view/test/Tumor/Tumor- (315).jpg,3,3,0.0025560094509273767,5.445702200290725e-08,0.00022786959016229957,0.9972161054611206
/content/yolo_view/test/Tumor/Tumor- (316).jpg,3,3,0.0002387575659668073,1.0331178579292555e-08,2.0291354303481057e-05,0.9997408986091614
/content/yolo_view/test/Tumor/Tumor- (317).jpg,3,3,6.867362571938429e-06,8.021212583031456e-10,2.0160655367362779e-07,0.9999929666519165
/content/yolo_view/test/Tumor/Tumor- (318).jpg,3,3,2.3343568500422407e-06,2.842575730355179e-09,2.9566203352260345e-07,0.9999973773956299
/content/yolo_view/test/Tumor/Tumor- (319).jpg,3,3,1.9923872969229706e-06,2.482055672103911e-09,1.5392913610412506e-07,0.9999978542327881
/content/yolo_view/test/Tumor/Tumor- (320).jpg,3,3,2.5080857994908e-06,2.77938205783812e-08,7.112520847840642e-07,0.9999967813491821
/content/yolo_view/test/Tumor/Tumor- (321).jpg,3,3,7.279723831743468e-06,3.0054746957830503e-07,6.650063824054087e-06,0.9999856948852539
/content/yolo_view/test/Tumor/Tumor- (322).jpg,3,3,4.5207906396171893e-07,1.7165287147236086e-07,7.214508741526515e-07,0.9999986886978149
/content/yolo_view/test/Tumor/Tumor- (323).jpg,3,3,1.24238772514218e-06,2.8929315476489137e-07,1.3322151062311605e-06,0.9999971389770508
/content/yolo_view/test/Tumor/Tumor- (324).jpg,3,3,1.0406427009002073e-06,2.432558972031984e-07,3.649703785413294e-06,0.9999951124191284
/content/yolo_view/test/Tumor/Tumor- (325).jpg,3,3,5.778824174740294e-07,7.126438816840164e-08,1.1534673376445426e-06,0.9999980926513672
/content/yolo_view/test/Tumor/Tumor- (326).jpg,3,3,2.675928953976836e-06,1.1478379065010813e-06,2.183526703447569e-05,0.999974250793457
/content/yolo_view/test/Tumor/Tumor- (327).jpg,3,3,5.131289071869105e-06,2.3101329134078696e-06,5.058854731032625e-05,0.9999420642852783
/content/yolo_view/test/Tumor/Tumor- (328).jpg,3,3,1.7661426682025194e-05,2.969178240164183e-05,0.0008731354027986526,0.9990795850753784
/content/yolo_view/test/Tumor/Tumor- (329).jpg,3,3,2.0583269360940903e-05,6.803535507060587e-05,0.0013228924944996834,0.9985883831977844
/content/yolo_view/test/Tumor/Tumor- (330).jpg,3,3,6.121466867625713e-06,5.599354608420981e-06,0.00010173762711929157,0.9998865127563477
/content/yolo_view/test/Tumor/Tumor- (331).jpg,3,3,6.387083885783795e-06,5.243415216682479e-06,9.67451196629554e-05,0.9998916387557983
/content/yolo_view/test/Tumor/Tumor- (332).jpg,3,3,3.6456656289374223e-06,2.1538392047659727e-06,8.443661499768496e-06,0.9999858140945435
/content/yolo_view/test/Tumor/Tumor- (333).jpg,3,3,1.0291947546647862e-05,4.617162176145939e-06,9.731078534969129e-06,0.999975323677063
/content/yolo_view/test/Tumor/Tumor- (334).jpg,3,3,0.00020586293248925358,0.0001518864737590775,0.00019110807625111192,0.9994511008262634
/content/yolo_view/test/Tumor/Tumor- (335).jpg,3,3,0.0005095596425235271,0.000157890361151658,0.000246718293055892,0.9990857839584351
/content/yolo_view/test/Tumor/Tumor- (336).jpg,3,3,0.00038570878678001463,9.108766971621662e-05,0.00010481567005626857,0.9994183778762817
/content/yolo_view/test/Tumor/Tumor- (337).jpg,3,3,0.00011018546501873061,2.902622327383142e-05,2.0443116227397695e-05,0.999840259552002
/content/yolo_view/test/Tumor/Tumor- (338).jpg,3,3,7.343129982473329e-05,1.9152446839143522e-05,1.6239455362665467e-05,0.9998911619186401
/content/yolo_view/test/Tumor/Tumor- (339).jpg,3,3,0.0010558952344581485,0.0009002282749861479,0.0019149553263559937,0.9961289167404175
/content/yolo_view/test/Tumor/Tumor- (34).jpg,3,3,6.786611265852116e-06,1.4176341210259125e-05,3.520526661304757e-07,0.9999786615371704
/content/yolo_view/test/Tumor/Tumor- (340).jpg,3,3,0.0006930482923053205,0.0020184125751256943,0.004441215191036463,0.9928472638130188
/content/yolo_view/test/Tumor/Tumor- (341).jpg,3,3,0.0011243269545957446,0.01055098045617342,0.19014832377433777,0.7981764078140259
/content/yolo_view/test/Tumor/Tumor- (342).jpg,3,3,0.0016617864603176713,0.01043735258281231,0.11684554815292358,0.8710552453994751
/content/yolo_view/test/Tumor/Tumor- (35).jpg,3,3,7.4429531196074095e-06,2.7410764232627116e-05,4.600935596954514e-07,0.999964714050293
/content/yolo_view/test/Tumor/Tumor- (36).jpg,3,3,1.5520990928052925e-05,0.00023455751943401992,1.4160926866679802e-06,0.9997485280036926
/content/yolo_view/test/Tumor/Tumor- (37).jpg,3,3,1.980092201847583e-05,0.0004891541902907193,1.6341558648491628e-06,0.999489426612854
/content/yolo_view/test/Tumor/Tumor- (38).jpg,3,3,8.594279279350303e-06,0.00012292113387957215,5.164712888472422e-07,0.9998680353164673
/content/yolo_view/test/Tumor/Tumor- (39).jpg,3,3,1.0266109029544168e-06,2.7596675863605924e-05,6.081745596020482e-08,0.9999712705612183
/content/yolo_view/test/Tumor/Tumor- (40).jpg,3,3,1.1914063406948117e-06,1.2944471563969273e-05,7.676683821955521e-08,0.9999856948852539
/content/yolo_view/test/Tumor/Tumor- (436).jpg,3,3,6.086142434469366e-07,9.081324969884008e-05,8.276607843527017e-09,0.9999085664749146
/content/yolo_view/test/Tumor/Tumor- (437).jpg,3,3,2.313156073796563e-06,7.140589877963066e-05,1.5945759912483481e-07,0.9999260902404785
/content/yolo_view/test/Tumor/Tumor- (438).jpg,3,3,7.1027334342943504e-06,0.00011013972107321024,1.811309971344599e-06,0.9998809099197388
/content/yolo_view/test/Tumor/Tumor- (439).jpg,3,3,1.93029973161174e-06,7.846101652830839e-05,1.1267770716472114e-08,0.9999196529388428
/content/yolo_view/test/Tumor/Tumor- (440).jpg,3,3,1.6973845049506053e-06,1.9590705051086843e-05,2.9395137435273e-09,0.99997878074646
/content/yolo_view/test/Tumor/Tumor- (441).jpg,3,3,1.3180970199755393e-06,4.958555109624285e-06,1.911151015221435e-09,0.9999936819076538
/content/yolo_view/test/Tumor/Tumor- (442).jpg,3,3,3.114791979896836e-07,1.2878971347163315e-06,3.502931000820553e-10,0.9999983310699463
/content/yolo_view/test/Tumor/Tumor- (443).jpg,3,3,9.48700531466784e-08,3.0435063536060625e-07,3.386992353249241e-10,0.9999995231628418
/content/yolo_view/test/Tumor/Tumor- (444).jpg,3,3,1.1513659359252415e-07,3.157691139676899e-07,8.84467332706862e-10,0.9999995231628418
/content/yolo_view/test/Tumor/Tumor- (445).jpg,3,3,2.043330908918506e-07,2.0835187797274557e-07,9.99022642389491e-10,0.9999995231628418
/content/yolo_view/test/Tumor/Tumor- (446).jpg,3,3,1.322561757888252e-07,7.017009551191222e-08,2.7391704460200117e-09,0.9999997615814209
/content/yolo_view/test/Tumor/Tumor- (447).jpg,3,3,1.850375781486946e-07,8.508916948812839e-08,1.5546978149316715e-09,0.9999996423721313
/content/yolo_view/test/Tumor/Tumor- (448).jpg,3,3,5.1056410654837237e-08,2.6873708591779177e-08,2.9354060848696406e-10,1.0
/content/yolo_view/test/Tumor/Tumor- (449).jpg,3,3,8.972495635362066e-08,3.574619356072617e-08,1.168751873059648e-09,0.9999998807907104
/content/yolo_view/test/Tumor/Tumor- (450).jpg,3,3,3.6184661666993634e-07,5.213772169554431e-07,9.284462088032797e-09,0.9999991655349731
/content/yolo_view/test/Tumor/Tumor- (451).jpg,3,3,1.3094751238895697e-06,6.069419669074705e-07,3.859810604467384e-08,0.9999980926513672
/content/yolo_view/test/Tumor/Tumor- (452).jpg,3,3,1.8633478475749143e-06,1.285997541344841e-06,1.899085475542961e-07,0.9999966621398926
/content/yolo_view/test/Tumor/Tumor- (453).jpg,3,3,3.6194089716445887e-06,2.9072589313727804e-06,1.3395965652307495e-06,0.9999921321868896
/content/yolo_view/test/Tumor/Tumor- (454).jpg,3,3,1.2834516383009031e-06,3.7185607197898207e-06,2.706341035718651e-07,0.9999947547912598
/content/yolo_view/test/Tumor/Tumor- (455).jpg,3,3,3.0053934096940793e-06,1.7272534478252055e-06,9.32528337216354e-07,0.9999943971633911
/content/yolo_view/test/Tumor/Tumor- (456).jpg,3,3,1.2289497135498095e-06,2.3453517314919736e-06,6.418932798624155e-07,0.9999957084655762
/content/yolo_view/test/Tumor/Tumor- (457).jpg,3,3,2.315360916327336e-06,4.020853339170571e-06,2.6386553599877516e-06,0.9999909400939941
/content/yolo_view/test/Tumor/Tumor- (458).jpg,3,3,1.1227766663068905e-06,2.041120978901745e-06,1.2594653071573703e-06,0.9999955892562866
/content/yolo_view/test/Tumor/Tumor- (459).jpg,3,3,6.325747108348878e-07,6.478192062786547e-07,1.1591542659061815e-07,0.9999986886978149
/content/yolo_view/test/Tumor/Tumor- (460).jpg,3,3,8.027442390812212e-07,6.643717398446825e-08,1.192353238366195e-08,0.9999990463256836
/content/yolo_view/test/Tumor/Tumor- (465).jpg,3,3,5.5674739485311875e-08,2.8363722037738626e-08,9.510193521578003e-09,0.9999998807907104
/content/yolo_view/test/Tumor/Tumor- (466).jpg,3,3,1.0519401882902457e-07,6.379756456453833e-08,3.0908438475307776e-08,0.9999997615814209
/content/yolo_view/test/Tumor/Tumor- (467).jpg,3,3,1.1915431485931549e-07,1.5548828002920345e-08,3.595905351261308e-09,0.9999998807907104
/content/yolo_view/test/Tumor/Tumor- (468).jpg,3,3,8.684480121701199e-07,1.0249792126160173e-08,1.3959099653959584e-08,0.9999991655349731
/content/yolo_view/test/Tumor/Tumor- (469).jpg,3,3,3.5876524862032966e-07,3.394690750724294e-09,5.4543525251915526e-09,0.9999996423721313
/content/yolo_view/test/Tumor/Tumor- (470).jpg,3,3,1.818956150145823e-07,7.272837332372717e-10,2.6177859879794596e-09,0.9999997615814209
/content/yolo_view/test/Tumor/Tumor- (471).jpg,3,3,4.733461622663526e-08,4.995933111651141e-10,2.7504620803142643e-10,1.0
/content/yolo_view/test/Tumor/Tumor- (493).jpg,3,3,1.7949018001672812e-05,0.29416710138320923,0.00023446632258128375,0.7055805325508118
/content/yolo_view/test/Tumor/Tumor- (494).jpg,3,3,7.374516826530453e-06,0.09105295687913895,0.00010554649634286761,0.9088340997695923
/content/yolo_view/test/Tumor/Tumor- (495).jpg,3,3,2.145386361007695e-06,0.1313982456922531,4.821738548344001e-05,0.8685514330863953
/content/yolo_view/test/Tumor/Tumor- (496).jpg,3,3,1.2125969078624621e-05,0.153061643242836,0.00010269466292811558,0.8468235731124878
/content/yolo_view/test/Tumor/Tumor- (497).jpg,3,3,2.317978760402184e-05,0.22003333270549774,0.00010978900536429137,0.7798337936401367
/content/yolo_view/test/Tumor/Tumor- (498).jpg,3,3,1.6518619304406457e-05,0.272514283657074,0.00010203711281064898,0.727367103099823
/content/yolo_view/test/Tumor/Tumor- (499).jpg,3,3,1.6435540601378307e-05,0.13844558596611023,7.978323264978826e-05,0.8614581227302551
/content/yolo_view/test/Tumor/Tumor- (500).jpg,3,3,8.38280266179936e-06,0.19578908383846283,5.680936374119483e-05,0.8041457533836365
/content/yolo_view/test/Tumor/Tumor- (501).jpg,3,3,3.3566777801752323e-06,0.10248250514268875,8.309485565405339e-05,0.8974310159683228
/content/yolo_view/test/Tumor/Tumor- (502).jpg,3,3,9.739425195220974e-07,0.09355638176202774,6.342517008306459e-05,0.9063792824745178
/content/yolo_view/test/Tumor/Tumor- (503).jpg,3,3,1.383058815918048e-06,0.07683496177196503,6.585590745089576e-05,0.9230977892875671
/content/yolo_view/test/Tumor/Tumor- (504).jpg,3,3,1.6936068050199538e-06,0.07745803892612457,4.131371679250151e-05,0.9224990010261536
/content/yolo_view/test/Tumor/Tumor- (505).jpg,3,3,4.364956396329944e-07,0.042808812111616135,1.4786418432777282e-05,0.9571759700775146
/content/yolo_view/test/Tumor/Tumor- (506).jpg,3,3,1.6231686004175572e-06,0.04250223934650421,3.653113526524976e-05,0.957459568977356
/content/yolo_view/test/Tumor/Tumor- (507).jpg,3,3,6.128444169917202e-07,0.03975118324160576,1.4615408872487023e-05,0.9602335691452026
/content/yolo_view/test/Tumor/Tumor- (508).jpg,3,3,1.9879145440881985e-07,0.025177467614412308,5.164134108781582e-06,0.9748172163963318
/content/yolo_view/test/Tumor/Tumor- (509).jpg,3,3,9.876431761313142e-08,0.013854803517460823,4.237705525156343e-06,0.9861408472061157
/content/yolo_view/test/Tumor/Tumor- (510).jpg,3,3,3.2923228587833364e-08,0.011973404325544834,2.3839402274461463e-06,0.9880240559577942
/content/yolo_view/test/Tumor/Tumor- (511).jpg,3,3,8.110067284405886e-08,0.01356351375579834,6.63341916151694e-06,0.9864298105239868
/content/yolo_view/test/Tumor/Tumor- (512).jpg,3,3,3.206549692436056e-08,0.02198772504925728,2.3760771910019685e-06,0.9780097603797913
/content/yolo_view/test/Tumor/Tumor- (513).jpg,3,3,5.865339769428601e-09,0.01769447512924671,7.008280817899504e-07,0.9823048114776611
/content/yolo_view/test/Tumor/Tumor- (514).jpg,3,3,4.587321633664487e-09,0.04906247928738594,6.725842354171618e-07,0.9509369134902954
/content/yolo_view/test/Tumor/Tumor- (515).jpg,3,3,1.0430553309959123e-08,0.033431217074394226,1.100034523915383e-06,0.9665675759315491
/content/yolo_view/test/Tumor/Tumor- (516).jpg,3,3,2.999328119202005e-09,0.034877486526966095,8.068192300925148e-07,0.9651216864585876
/content/yolo_view/test/Tumor/Tumor- (517).jpg,3,3,1.2304133267804218e-09,0.040643397718667984,7.443966296705185e-07,0.9593557715415955
/content/yolo_view/test/Tumor/Tumor- (518).jpg,3,3,2.1735928334987165e-10,0.010710801929235458,1.5909604655917065e-07,0.9892891645431519
/content/yolo_view/test/Tumor/Tumor- (519).jpg,3,3,5.873102004727571e-10,0.002485295757651329,3.6293846505941474e-07,0.9975143671035767
/content/yolo_view/test/Tumor/Tumor- (520).jpg,3,3,2.2826198708969514e-09,0.0023287800140678883,1.5457204654012457e-06,0.9976696372032166
/content/yolo_view/test/Tumor/Tumor- (521).jpg,3,3,3.581482221903798e-09,0.0005573665257543325,1.6845607433424448e-06,0.9994409680366516
/content/yolo_view/test/Tumor/Tumor- (522).jpg,3,3,6.13273698490957e-09,0.00047329041990451515,2.0800234779017046e-06,0.9995245933532715
/content/yolo_view/test/Tumor/Tumor- (523).jpg,3,3,3.162821826663276e-08,0.0008083019056357443,5.377551133278757e-06,0.9991863369941711
/content/yolo_view/test/Tumor/Tumor- (524).jpg,3,3,5.115026979751747e-08,0.0009655077010393143,5.112924554850906e-06,0.9990293979644775
/content/yolo_view/test/Tumor/Tumor- (525).jpg,3,3,8.142632879071243e-08,0.0014335827436298132,6.099091478972696e-06,0.9985602498054504
/content/yolo_view/test/Tumor/Tumor- (526).jpg,3,3,1.0838041220040395e-07,0.0013002711348235607,8.932832315622363e-06,0.998690664768219
/content/yolo_view/test/Tumor/Tumor- (527).jpg,3,3,9.8456467867436e-08,0.0019156410126015544,1.423180856363615e-05,0.9980700612068176
/content/yolo_view/test/Tumor/Tumor- (528).jpg,3,3,4.8183473211338423e-08,0.0008355313329957426,9.36033575271722e-06,0.9991550445556641
/content/yolo_view/test/Tumor/Tumor- (529).jpg,3,3,1.5673050413056444e-08,0.0009342822595499456,3.785537273870432e-06,0.9990618824958801
/content/yolo_view/test/Tumor/Tumor- (530).jpg,3,3,1.7540310315311558e-09,0.00015701763913966715,3.613351395870268e-07,0.999842643737793
/content/yolo_view/test/Tumor/Tumor- (531).jpg,3,3,3.780989410451241e-10,5.6781547755235806e-05,1.5145029408358823e-07,0.9999431371688843
/content/yolo_view/test/Tumor/Tumor- (532).jpg,3,3,4.4713174829347224e-10,6.10343340667896e-05,1.6286696791212307e-07,0.9999388456344604
/content/yolo_view/test/Tumor/Tumor- (533).jpg,3,3,3.1702226954699597e-10,7.393882697215304e-05,2.018631590772202e-07,0.9999258518218994
/content/yolo_view/test/Tumor/Tumor- (534).jpg,3,3,1.0914050913024553e-10,2.2898249881109223e-05,5.2904979952472786e-08,0.9999771118164062
/content/yolo_view/test/Tumor/Tumor- (535).jpg,3,3,3.7174746614354603e-10,1.4799361451878212e-05,1.2733730159197876e-07,0.9999850988388062
/content/yolo_view/test/Tumor/Tumor- (536).jpg,3,3,5.243134260091153e-10,3.082002149312757e-05,3.304960500827292e-07,0.9999687671661377
/content/yolo_view/test/Tumor/Tumor- (537).jpg,3,3,1.4595649133752886e-09,0.00011884804553119466,1.7016600395436399e-06,0.9998794794082642
/content/yolo_view/test/Tumor/Tumor- (538).jpg,3,3,2.963533862754275e-09,0.0002363363018957898,4.623186214303132e-06,0.9997590184211731
/content/yolo_view/test/Tumor/Tumor- (539).jpg,3,3,4.768740069494015e-09,0.0005272258422337472,8.081642590695992e-06,0.9994646906852722
/content/yolo_view/test/Tumor/Tumor- (540).jpg,3,3,5.5022604250609675e-09,0.0003720719541888684,4.084558440808905e-06,0.9996238946914673
/content/yolo_view/test/Tumor/Tumor- (541).jpg,3,3,7.584257666337635e-09,0.0008781901560723782,8.103605068754405e-06,0.9991137385368347
/content/yolo_view/test/Tumor/Tumor- (542).jpg,3,3,5.0267265905290515e-09,0.0008122474537231028,4.874313617619919e-06,0.9991828799247742
/content/yolo_view/test/Tumor/Tumor- (543).jpg,3,3,1.0141083528480976e-09,0.00024968440993689,9.318411571257457e-07,0.9997493624687195
/content/yolo_view/test/Tumor/Tumor- (544).jpg,3,3,1.5154704158248933e-09,0.0001012092616292648,7.945489528538019e-07,0.9998979568481445
/content/yolo_view/test/Tumor/Tumor- (545).jpg,3,3,2.3671891113963284e-09,7.830503454897553e-05,1.6178069017769303e-06,0.9999200105667114
/content/yolo_view/test/Tumor/Tumor- (546).jpg,3,3,5.0739084045403615e-09,0.00010600288806017488,1.7935140022018459e-06,0.9998922348022461
/content/yolo_view/test/Tumor/Tumor- (547).jpg,3,3,1.2227578061185795e-08,0.00013685374869965017,2.290481461386662e-06,0.9998608827590942
/content/yolo_view/test/Tumor/Tumor- (548).jpg,3,3,5.542981185158169e-09,0.0001572229666635394,1.8252015934194787e-06,0.9998409748077393
/content/yolo_view/test/Tumor/Tumor- (549).jpg,3,3,2.331672410704755e-09,0.000120751719805412,1.035525770021195e-06,0.9998781681060791
/content/yolo_view/test/Tumor/Tumor- (550).jpg,3,3,3.340356213854534e-09,5.963387593510561e-05,8.306604968311149e-07,0.9999395608901978
/content/yolo_view/test/Tumor/Tumor- (551).jpg,3,3,1.1741394523312465e-08,0.00012037305714329705,1.8137850474886363e-06,0.9998778104782104
/content/yolo_view/test/Tumor/Tumor- (552).jpg,3,3,4.120619845338069e-09,0.00013802608009427786,1.0059331998490961e-06,0.9998610019683838
/content/yolo_view/test/Tumor/Tumor- (553).jpg,3,3,3.214271071527719e-09,8.072127820923924e-05,6.40952578123688e-07,0.9999186992645264
/content/yolo_view/test/Tumor/Tumor- (554).jpg,3,3,6.027006449471628e-09,3.001991171913687e-05,5.640958988806233e-07,0.9999693632125854
/content/yolo_view/test/Tumor/Tumor- (555).jpg,3,3,2.903639639839639e-08,7.284829916898161e-05,1.8293757193532656e-06,0.9999252557754517
/content/yolo_view/test/Tumor/Tumor- (556).jpg,3,3,1.812975547466067e-08,8.65147085278295e-05,2.1971363821648993e-06,0.9999111890792847
/content/yolo_view/test/Tumor/Tumor- (557).jpg,3,3,1.1571763103290778e-08,5.731641431339085e-05,1.4748871990377665e-06,0.9999412298202515
/content/yolo_view/test/Tumor/Tumor- (558).jpg,3,3,1.1149984047165162e-08,9.308071457780898e-05,1.3904437992096064e-06,0.9999054670333862
/content/yolo_view/test/Tumor/Tumor- (559).jpg,3,3,7.885271102736624e-09,0.00023781185154803097,1.883377422018384e-06,0.9997603297233582
/content/yolo_view/test/Tumor/Tumor- (560).jpg,3,3,5.962707216866647e-09,0.0005675681750290096,3.469633384156623e-06,0.999428927898407
/content/yolo_view/test/Tumor/Tumor- (561).jpg,3,3,4.644694406863437e-09,0.00109945482108742,4.468521183298435e-06,0.9988960027694702
/content/yolo_view/test/Tumor/Tumor- (562).jpg,3,3,1.316113529270524e-08,0.0008900086977519095,1.1410968909331132e-05,0.999098539352417
/content/yolo_view/test/Tumor/Tumor- (563).jpg,3,3,4.083333493554164e-08,0.0004198992101009935,1.838803837017622e-05,0.999561607837677
/content/yolo_view/test/Tumor/Tumor- (564).jpg,3,3,8.121462968802007e-08,0.00030114164110273123,1.968034302990418e-05,0.9996790885925293
/content/yolo_view/test/Tumor/Tumor- (565).jpg,3,3,4.797055908056791e-08,0.00025835545966401696,8.6003819887992e-06,0.9997329115867615
/content/yolo_view/test/Tumor/Tumor- (566).jpg,3,3,2.3227025636174403e-08,0.00023289334785658866,3.458015726209851e-06,0.9997636675834656
/content/yolo_view/test/Tumor/Tumor- (567).jpg,3,3,1.1812161915258912e-08,0.00023581254936289042,1.6919495919864858e-06,0.9997624754905701
/content/yolo_view/test/Tumor/Tumor- (568).jpg,3,3,1.2787522152279962e-09,0.00040960469050332904,7.409653903778235e-07,0.999589741230011
/content/yolo_view/test/Tumor/Tumor- (569).jpg,3,3,3.1108244868960355e-09,0.0008702839841134846,2.0454344848985784e-06,0.9991276860237122
/content/yolo_view/test/Tumor/Tumor- (570).jpg,3,3,8.839602827492854e-09,0.0009450886282138526,2.77675917459419e-06,0.999052107334137
/content/yolo_view/test/Tumor/Tumor- (571).jpg,3,3,1.6148446135844097e-08,0.0003467857022769749,3.661988330350141e-06,0.9996495246887207
/content/yolo_view/test/Tumor/Tumor- (572).jpg,3,3,9.26987908655974e-09,9.19918020372279e-05,7.284190814971225e-07,0.9999072551727295
/content/yolo_view/test/Tumor/Tumor- (573).jpg,3,3,3.067675535817216e-08,5.9000347391702235e-05,1.8132786863134243e-06,0.9999392032623291
/content/yolo_view/test/Tumor/Tumor- (574).jpg,3,3,6.74538682687853e-08,6.5584150434006e-05,3.163257815685938e-06,0.9999312162399292
/content/yolo_view/test/Tumor/Tumor- (575).jpg,3,3,5.553640392008674e-08,6.311885226750746e-05,2.2828992314316565e-06,0.9999344348907471
/content/yolo_view/test/Tumor/Tumor- (576).jpg,3,3,2.106097269916063e-07,4.2563409806462005e-05,3.45811258739559e-06,0.9999537467956543
/content/yolo_view/test/Tumor/Tumor- (577).jpg,3,3,2.1336818178951944e-07,1.9208455341868103e-05,1.5995656212908216e-06,0.9999790191650391
/content/yolo_view/test/Tumor/Tumor- (578).jpg,3,3,2.5314335516668507e-07,5.3777370339958e-05,3.058733454963658e-06,0.9999428987503052
/content/yolo_view/test/Tumor/Tumor- (579).jpg,3,3,1.6115090772927942e-07,7.547688437625766e-05,4.735975835501449e-06,0.9999196529388428
/content/yolo_view/test/Tumor/Tumor- (580).jpg,3,3,1.0833257846343258e-07,4.608270319295116e-05,2.19423077396641e-06,0.9999516010284424
/content/yolo_view/test/Tumor/Tumor- (581).jpg,3,3,9.031031567019454e-08,2.2831382011645474e-05,1.2995914175917278e-06,0.9999756813049316
/content/yolo_view/test/Tumor/Tumor- (582).jpg,3,3,1.467932690957241e-07,2.3135264200391248e-05,2.6078455448441673e-06,0.9999741315841675
/content/yolo_view/test/Tumor/Tumor- (583).jpg,3,3,1.6951275938481558e-07,3.40407423209399e-05,2.008343471970875e-06,0.9999637603759766
/content/yolo_view/test/Tumor/Tumor- (584).jpg,3,3,2.3737831611470028e-07,4.335885387263261e-05,1.2575001164805144e-06,0.9999550580978394
/content/yolo_view/test/Tumor/Tumor- (585).jpg,3,3,9.276098467125848e-08,4.766380152432248e-05,3.806041206644295e-07,0.9999518394470215
/content/yolo_view/test/Tumor/Tumor- (586).jpg,3,3,5.6269531256702976e-08,0.00014571432257071137,3.184637762387865e-07,0.9998538494110107
/content/yolo_view/test/Tumor/Tumor- (587).jpg,3,3,1.8690021974521187e-08,6.601983477594331e-05,6.530268592541688e-08,0.9999338388442993
/content/yolo_view/test/Tumor/Tumor- (588).jpg,3,3,1.65537326068943e-08,2.8098158509237692e-05,7.081983000034597e-08,0.9999717473983765
/content/yolo_view/test/Tumor/Tumor- (589).jpg,3,3,1.3650452324043272e-08,1.497315133747179e-05,7.550097791408916e-08,0.999984860420227
/content/yolo_view/test/Tumor/Tumor- (590).jpg,3,3,7.4114594461605066e-09,4.491671916184714e-06,2.329781878529502e-08,0.9999954700469971
/content/yolo_view/test/Tumor/Tumor- (591).jpg,3,3,4.7325188212710145e-09,4.093520601600176e-06,1.5482447324188797e-08,0.9999959468841553
/content/yolo_view/test/Tumor/Tumor- (592).jpg,3,3,1.910710256680659e-09,4.323292159824632e-06,8.134838580531323e-09,0.9999957084655762
/content/yolo_view/test/Tumor/Tumor- (593).jpg,3,3,9.62505075641218e-10,3.3590072234801482e-06,6.623845916209348e-09,0.9999966621398926
/content/yolo_view/test/Tumor/Tumor- (594).jpg,3,3,1.0690814900016221e-09,2.340063474548515e-06,6.956331066731991e-09,0.999997615814209
/content/yolo_view/test/Tumor/Tumor- (595).jpg,3,3,8.297145193125743e-10,4.359044851298677e-06,6.432351096208322e-09,0.9999955892562866
/content/yolo_view/test/Tumor/Tumor- (596).jpg,3,3,1.0733448574384852e-09,4.97994415127323e-06,1.3183374392156111e-08,0.9999949932098389
/content/yolo_view/test/Tumor/Tumor- (597).jpg,3,3,3.680829530061658e-10,6.920161922607804e-06,7.332406681825887e-09,0.999993085861206
/content/yolo_view/test/Tumor/Tumor- (598).jpg,3,3,4.277925513829217e-10,1.786395296221599e-05,7.075167118841819e-09,0.9999821186065674
/content/yolo_view/test/Tumor/Tumor- (599).jpg,3,3,2.621430572613548e-10,1.982805406441912e-05,7.488489828233469e-09,0.9999802112579346
/content/yolo_view/test/Tumor/Tumor- (600).jpg,3,3,3.4085084754664763e-10,2.7080868676421233e-05,7.708773175352235e-09,0.999972939491272
/content/yolo_view/test/Tumor/Tumor- (601).jpg,3,3,8.692462305504023e-10,4.468836050364189e-05,1.3883212801601985e-08,0.9999552965164185
/content/yolo_view/test/Tumor/Tumor- (602).jpg,3,3,7.160609327705458e-10,2.3927936126710847e-05,9.789133947890605e-09,0.9999760389328003
/content/yolo_view/test/Tumor/Tumor- (603).jpg,3,3,6.631968307857505e-10,1.9166735000908375e-05,1.6648209921754642e-08,0.9999808073043823
/content/yolo_view/test/Tumor/Tumor- (604).jpg,3,3,5.147709813968504e-09,0.00010195421782555059,1.4506315437756712e-07,0.9998979568481445
/content/yolo_view/test/Tumor/Tumor- (900).jpg,3,3,5.407873322837986e-05,0.003881593234837055,0.000122715238831006,0.9959415793418884
/content/yolo_view/test/Tumor/Tumor- (901).jpg,3,3,9.066635539056733e-05,0.0066744666546583176,0.00013313042290974408,0.9931018352508545
/content/yolo_view/test/Tumor/Tumor- (902).jpg,3,3,7.525127148255706e-05,0.00582863437011838,5.800871076644398e-05,0.9940381050109863
/content/yolo_view/test/Tumor/Tumor- (911).jpg,3,3,9.653860615799204e-06,0.010028442367911339,0.0014310141559690237,0.9885308742523193
/content/yolo_view/test/Tumor/Tumor- (912).jpg,3,3,2.3153950678533874e-05,0.03857619687914848,0.0019411643734201789,0.9594594836235046
/content/yolo_view/test/Tumor/Tumor- (913).jpg,3,3,3.3086645998992026e-05,0.07673227041959763,0.0016763571184128523,0.9215583205223083
/content/yolo_view/test/Tumor/Tumor- (914).jpg,3,3,5.474031422636472e-05,0.08371566981077194,0.001177049009129405,0.9150525331497192
/content/yolo_view/test/Tumor/Tumor- (915).jpg,3,3,0.00015601421182509512,0.17261427640914917,0.002329534152522683,0.824900209903717
/content/yolo_view/test/Tumor/Tumor- (916).jpg,3,1,0.00014730310067534447,0.5039875507354736,0.005697484593838453,0.4901677370071411
/content/yolo_view/test/Tumor/Tumor- (917).jpg,3,1,0.00019623388652689755,0.6174785494804382,0.00851464830338955,0.3738105595111847
/content/yolo_view/test/Tumor/Tumor- (918).jpg,3,3,0.00017006878624670208,0.47336727380752563,0.0038591590709984303,0.5226035714149475
/content/yolo_view/test/Tumor/Tumor- (919).jpg,3,1,0.0005517845856957138,0.6309967041015625,0.0029455828480422497,0.3655059039592743
